site,country,label,method,n_cal,n_repeats,ece_mean,ece_median,ece_q90,n_positive,reliable_estimate
georgia_like,US,AF,identity,0,1,0.04269269900949758,0.04269269900949758,0.04269269900949758,232,True
georgia_like,US,AF,prior_correction,0,1,0.09283713485394157,0.09283713485394157,0.09283713485394157,232,True
georgia_like,US,AF,temperature,0,20,0.042676609828018366,0.0426814048277582,0.04272597131899385,232,True
georgia_like,US,AF,platt,0,20,0.042676609828018366,0.0426814048277582,0.04272597131899385,232,True
georgia_like,US,AF,isotonic,0,20,0.042676609828018366,0.0426814048277582,0.04272597131899385,232,True
georgia_like,US,AF,hybrid,0,20,0.042676609828018366,0.0426814048277582,0.04272597131899385,232,True
georgia_like,US,AF,identity,25,20,0.0426223543980001,0.04264324184043451,0.04307080525998932,232,True
georgia_like,US,AF,prior_correction,25,20,0.04504808192847171,0.038446124803772214,0.09391141091322869,232,True
georgia_like,US,AF,temperature,25,20,0.04017013926136599,0.037546179161026705,0.04374183663757679,232,True
georgia_like,US,AF,platt,25,20,0.04044335910556368,0.037695761326860845,0.053871350979656334,232,True
georgia_like,US,AF,isotonic,25,20,0.03772541745176135,0.03469364392166916,0.07439896914490839,232,True
georgia_like,US,AF,hybrid,25,20,0.04810322012466063,0.04287934290735877,0.0798763426893212,232,True
georgia_like,US,AF,identity,50,20,0.042685621400385454,0.04258144959881602,0.043373570920620115,232,True
georgia_like,US,AF,prior_correction,50,20,0.03943795511399514,0.04015735781399188,0.0675034315139608,232,True
georgia_like,US,AF,temperature,50,20,0.03549971708006702,0.03276638347344145,0.0491426100194061,232,True
georgia_like,US,AF,platt,50,20,0.031215691691537067,0.03134484876065953,0.05574878898215013,232,True
georgia_like,US,AF,isotonic,50,20,0.03300127316836249,0.027440582258221373,0.05438381782325756,232,True
georgia_like,US,AF,hybrid,50,20,0.03685660615125918,0.03705091633388709,0.05870726445435309,232,True
georgia_like,US,AF,identity,100,20,0.04255387965195288,0.04240837824588023,0.043856263424513965,232,True
georgia_like,US,AF,prior_correction,100,20,0.0364976860084602,0.03318332094346538,0.053148286736767386,232,True
georgia_like,US,AF,temperature,100,20,0.03279236333903376,0.030590814571692312,0.039670696221528114,232,True
georgia_like,US,AF,platt,100,20,0.02473755108252298,0.02615319841805061,0.034170881902136296,232,True
georgia_like,US,AF,isotonic,100,20,0.027411536640631014,0.025944249762759046,0.04200690407011937,232,True
georgia_like,US,AF,hybrid,100,20,0.030377063648464625,0.030621798150618836,0.04546677314682784,232,True
georgia_like,US,AF,identity,200,20,0.04296614384974779,0.04304167908344367,0.04361671937759913,232,True
georgia_like,US,AF,prior_correction,200,20,0.03341477383265492,0.033203662460659415,0.04233889739312687,232,True
georgia_like,US,AF,temperature,200,20,0.03194242014428063,0.03031749561901917,0.03706944861563453,232,True
georgia_like,US,AF,platt,200,20,0.019470228620572,0.016904408760972767,0.030707247737251385,232,True
georgia_like,US,AF,isotonic,200,20,0.02293301727261833,0.02035436656736437,0.030576028970322817,232,True
georgia_like,US,AF,hybrid,200,20,0.026074431142994875,0.024504073966356406,0.03777127855750716,232,True
georgia_like,US,AF,identity,400,20,0.043580964840020206,0.04317903856346417,0.04650456390153665,232,True
georgia_like,US,AF,prior_correction,400,20,0.033344936024483254,0.03476720406338179,0.04344497690981051,232,True
georgia_like,US,AF,temperature,400,20,0.031170026682528294,0.02982118507053489,0.03601287856561146,232,True
georgia_like,US,AF,platt,400,20,0.01630597453904405,0.015038169798841686,0.024976249287867354,232,True
georgia_like,US,AF,isotonic,400,20,0.019156257151785355,0.01720225043982415,0.027419599595432973,232,True
georgia_like,US,AF,hybrid,400,20,0.024491316168124767,0.02310563041936692,0.03529395404162159,232,True
georgia_like,US,AF,identity,800,20,0.04455938149851532,0.044309167403463995,0.04826559317785464,232,True
georgia_like,US,AF,prior_correction,800,20,0.032110590392028536,0.03067210186568061,0.04199041265942162,232,True
georgia_like,US,AF,temperature,800,20,0.031704840372524655,0.031649664002868894,0.03529384652055071,232,True
georgia_like,US,AF,platt,800,20,0.01576623544080784,0.014574138359343503,0.021931452474187926,232,True
georgia_like,US,AF,isotonic,800,20,0.01665955412048618,0.0155975116469915,0.025839815797131866,232,True
georgia_like,US,AF,hybrid,800,20,0.02345018569143224,0.02222812574144763,0.02969455161582263,232,True
georgia_like,US,IAVB,identity,0,1,0.0393172727937094,0.0393172727937094,0.0393172727937094,178,True
georgia_like,US,IAVB,prior_correction,0,1,0.9287715086034414,0.9287715086034414,0.9287715086034414,178,True
georgia_like,US,IAVB,temperature,0,20,0.03935137010083063,0.03934207989785636,0.03937177902875417,178,True
georgia_like,US,IAVB,platt,0,20,0.03935137010083063,0.03934207989785636,0.03937177902875417,178,True
georgia_like,US,IAVB,isotonic,0,20,0.03935137010083063,0.03934207989785636,0.03937177902875417,178,True
georgia_like,US,IAVB,hybrid,0,20,0.03935137010083063,0.03934207989785636,0.03937177902875417,178,True
georgia_like,US,IAVB,identity,25,20,0.03929934759009483,0.03940444156211283,0.03968381698023224,178,True
georgia_like,US,IAVB,prior_correction,25,20,0.18922199846117102,0.07151515151515152,0.550651524625222,178,True
georgia_like,US,IAVB,temperature,25,20,0.04982052072710487,0.04011859110403469,0.07220414177887152,178,True
georgia_like,US,IAVB,platt,25,20,0.05102350053405409,0.03932155326350095,0.0970493202594766,178,True
georgia_like,US,IAVB,isotonic,25,20,0.057440362926402956,0.06452480435090427,0.0918802944631252,178,True
georgia_like,US,IAVB,hybrid,25,20,0.13177085256703183,0.03475611224856269,0.43635946287319494,178,True
georgia_like,US,IAVB,identity,50,20,0.03907789173412744,0.038961381823665986,0.03987207680963202,178,True
georgia_like,US,IAVB,prior_correction,50,20,0.1908354044297657,0.16880701748210053,0.32141613735126345,178,True
georgia_like,US,IAVB,temperature,50,20,0.04494271024386981,0.039883993455043204,0.05952585097917916,178,True
georgia_like,US,IAVB,platt,50,20,0.03971772994086404,0.03686296989231601,0.06327537602847295,178,True
georgia_like,US,IAVB,isotonic,50,20,0.04504670418968282,0.048595714606321234,0.05809063541249394,178,True
georgia_like,US,IAVB,hybrid,50,20,0.16024035956888355,0.09853968688341053,0.31419987885375145,178,True
georgia_like,US,IAVB,identity,100,20,0.03980159942959853,0.039694273755303364,0.041266995273615735,178,True
georgia_like,US,IAVB,prior_correction,100,20,0.1441731277816652,0.11415438395400823,0.24354168597048853,178,True
georgia_like,US,IAVB,temperature,100,20,0.04531202474219592,0.03867389767533329,0.04715618170011047,178,True
georgia_like,US,IAVB,platt,100,20,0.033730122642985076,0.03047557219095296,0.044579515212548944,178,True
georgia_like,US,IAVB,isotonic,100,20,0.03979693071345751,0.03470645839248605,0.056104241838239255,178,True
georgia_like,US,IAVB,hybrid,100,20,0.10744526040302169,0.06687418206332582,0.1974173074139546,178,True
georgia_like,US,IAVB,identity,200,20,0.04049946075849775,0.04036009511015709,0.04245556811924475,178,True
georgia_like,US,IAVB,prior_correction,200,20,0.13421082616776814,0.12555921257549799,0.2197557764361468,178,True
georgia_like,US,IAVB,temperature,200,20,0.04270519329893309,0.03947097372848324,0.04478648972923363,178,True
georgia_like,US,IAVB,platt,200,20,0.02697447405180644,0.02596853951811725,0.031197409732398363,178,True
georgia_like,US,IAVB,isotonic,200,20,0.03311432323525175,0.03028657897920448,0.04067840429810112,178,True
georgia_like,US,IAVB,hybrid,200,20,0.08785725239521558,0.07699959318871785,0.16119946355940692,178,True
georgia_like,US,IAVB,identity,400,20,0.04123248970571579,0.04119528078184796,0.043856687386827346,178,True
georgia_like,US,IAVB,prior_correction,400,20,0.10640687787058964,0.09027667079953369,0.18116025769696345,178,True
georgia_like,US,IAVB,temperature,400,20,0.04053837456742529,0.03920102613663281,0.04313385278784099,178,True
georgia_like,US,IAVB,platt,400,20,0.023660869643132992,0.02308216346845872,0.03125795436339975,178,True
georgia_like,US,IAVB,isotonic,400,20,0.02575418649488473,0.023617965871699335,0.041538460697573394,178,True
georgia_like,US,IAVB,hybrid,400,20,0.07300251923492006,0.05767955777155604,0.12908424757761758,178,True
georgia_like,US,IAVB,identity,800,20,0.04319133157996484,0.043678858427504644,0.047185080789447935,178,True
georgia_like,US,IAVB,prior_correction,800,20,0.10630475574142442,0.10335936558085553,0.15401214812616934,178,True
georgia_like,US,IAVB,temperature,800,20,0.04087572397830747,0.0408293138186528,0.045160372184486354,178,True
georgia_like,US,IAVB,platt,800,20,0.021434119466700093,0.021283719886575743,0.027817855527922625,178,True
georgia_like,US,IAVB,isotonic,800,20,0.02001439932184351,0.019727999037474644,0.025772799750838248,178,True
georgia_like,US,IAVB,hybrid,800,20,0.0704976683723401,0.06809141119347364,0.0936911804685834,178,True
georgia_like,US,RBBB,identity,0,1,0.004428169162589052,0.004428169162589052,0.004428169162589052,156,True
georgia_like,US,RBBB,prior_correction,0,1,0.062424969987995196,0.062424969987995196,0.062424969987995196,156,True
georgia_like,US,RBBB,temperature,0,20,0.004404015827896281,0.004428169693921553,0.004434295096593377,156,True
georgia_like,US,RBBB,platt,0,20,0.004404015827896281,0.004428169693921553,0.004434295096593377,156,True
georgia_like,US,RBBB,isotonic,0,20,0.004404015827896281,0.004428169693921553,0.004434295096593377,156,True
georgia_like,US,RBBB,hybrid,0,20,0.004404015827896281,0.004428169693921553,0.004434295096593377,156,True
georgia_like,US,RBBB,identity,25,20,0.0042139322838022335,0.004276476382646077,0.0045503865782101,156,True
georgia_like,US,RBBB,prior_correction,25,20,0.014175578811571776,0.007643071522741078,0.042330882727920745,156,True
georgia_like,US,RBBB,temperature,25,20,0.00886731260861787,0.010937536327969264,0.01118863189008622,156,True
georgia_like,US,RBBB,platt,25,20,0.015109316067104944,0.011024904131632443,0.02587834710217595,156,True
georgia_like,US,RBBB,isotonic,25,20,0.019904321307853846,0.009219885757449198,0.06300739217702062,156,True
georgia_like,US,RBBB,hybrid,25,20,0.01744391156304788,0.01114988845543246,0.04233113787935139,156,True
georgia_like,US,RBBB,identity,50,20,0.0040612352770278,0.004049439597604768,0.004505917928488752,156,True
georgia_like,US,RBBB,prior_correction,50,20,0.006820322370360415,0.004342942466579506,0.01520019936747651,156,True
georgia_like,US,RBBB,temperature,50,20,0.009701811052906899,0.010842751108713543,0.011303039620586416,156,True
georgia_like,US,RBBB,platt,50,20,0.015874330701659608,0.011201494288902065,0.031739369626304914,156,True
georgia_like,US,RBBB,isotonic,50,20,0.01495867867683719,0.010993243994678027,0.029870599719879112,156,True
georgia_like,US,RBBB,hybrid,50,20,0.010989861523650576,0.009906189768316392,0.01777455297088041,156,True
georgia_like,US,RBBB,identity,100,20,0.004028438350722759,0.003996078715930945,0.0048811428969656534,156,True
georgia_like,US,RBBB,prior_correction,100,20,0.005806154381993528,0.004883095063413704,0.007780787932173237,156,True
georgia_like,US,RBBB,temperature,100,20,0.006482373629315062,0.005714892316807846,0.010725182784320575,156,True
georgia_like,US,RBBB,platt,100,20,0.011290081430144042,0.011044927480934257,0.01599647475414949,156,True
georgia_like,US,RBBB,isotonic,100,20,0.011185042720472025,0.011175526851666593,0.016003765780469314,156,True
georgia_like,US,RBBB,hybrid,100,20,0.00772418251090336,0.007449278597221199,0.011243950110208298,156,True
georgia_like,US,RBBB,identity,200,20,0.00397621351176985,0.004116319205152068,0.005017391793443465,156,True
georgia_like,US,RBBB,prior_correction,200,20,0.0047166877258398125,0.00469262613162329,0.006264492624882299,156,True
georgia_like,US,RBBB,temperature,200,20,0.005070080243294457,0.0032712527765179954,0.010459314223768314,156,True
georgia_like,US,RBBB,platt,200,20,0.008361708169119292,0.007857946629994129,0.013915562589291683,156,True
georgia_like,US,RBBB,isotonic,200,20,0.008289878539732575,0.007480656579072173,0.013081544538747733,156,True
georgia_like,US,RBBB,hybrid,200,20,0.005694995671447818,0.005150919879617194,0.009500930985829843,156,True
georgia_like,US,RBBB,identity,400,20,0.003455643913055475,0.0035891361964076308,0.004528526792690005,156,True
georgia_like,US,RBBB,prior_correction,400,20,0.004060512680913377,0.004361901245353679,0.005296335023698626,156,True
georgia_like,US,RBBB,temperature,400,20,0.0034866909263285653,0.0029354563292048196,0.005598061185888191,156,True
georgia_like,US,RBBB,platt,400,20,0.005874496458623686,0.0053931115796657,0.008222980278036736,156,True
georgia_like,US,RBBB,isotonic,400,20,0.006392469013238944,0.005953083263175388,0.010875242358782223,156,True
georgia_like,US,RBBB,hybrid,400,20,0.003946698286960061,0.004001349790795375,0.0055676052999830295,156,True
georgia_like,US,RBBB,identity,800,20,0.0035847421499695907,0.0031383508731120282,0.005586924274358788,156,True
georgia_like,US,RBBB,prior_correction,800,20,0.004063916012727766,0.004120476793209377,0.005851795198983964,156,True
georgia_like,US,RBBB,temperature,800,20,0.0036795114105353808,0.003326012409082928,0.005267259904783146,156,True
georgia_like,US,RBBB,platt,800,20,0.004330561903326285,0.0038933698982147056,0.006677107239511497,156,True
georgia_like,US,RBBB,isotonic,800,20,0.004329433547190723,0.0032597597929546434,0.008429805105015785,156,True
georgia_like,US,RBBB,hybrid,800,20,0.003925610856677078,0.00397673448200757,0.006021322231300487,156,True
georgia_like,US,LBBB,identity,0,1,6.128992531666006e-05,6.128992531666006e-05,6.128992531666006e-05,79,True
georgia_like,US,LBBB,prior_correction,0,1,0.031612645058023206,0.031612645058023206,0.031612645058023206,79,True
georgia_like,US,LBBB,temperature,0,20,6.129742332062136e-05,6.12899256665692e-05,6.131446127008314e-05,79,True
georgia_like,US,LBBB,platt,0,20,6.129742332062136e-05,6.12899256665692e-05,6.131446127008314e-05,79,True
georgia_like,US,LBBB,isotonic,0,20,6.129742332062136e-05,6.12899256665692e-05,6.131446127008314e-05,79,True
georgia_like,US,LBBB,hybrid,0,20,6.129742332062136e-05,6.12899256665692e-05,6.131446127008314e-05,79,True
georgia_like,US,LBBB,identity,25,20,5.7692614153421955e-05,6.177974357012785e-05,6.188224857463283e-05,79,True
georgia_like,US,LBBB,prior_correction,25,20,0.010659807878770789,0.002270500419271627,0.03191919191919192,79,True
georgia_like,US,LBBB,temperature,25,20,0.00012060394993313257,6.272816676604147e-05,0.0002618226152956104,79,True
georgia_like,US,LBBB,platt,25,20,0.00011284064835156728,6.272816676604147e-05,0.00024325191101112338,79,True
georgia_like,US,LBBB,isotonic,25,20,0.02078852316180118,0.031906300484652664,0.03191919191919192,79,True
georgia_like,US,LBBB,hybrid,25,20,0.00952336983271532,0.0018576262570287293,0.031918191919191916,79,True
georgia_like,US,LBBB,identity,50,20,8.333639236473848e-05,6.221040865263155e-05,0.00010331090368345165,79,True
georgia_like,US,LBBB,prior_correction,50,20,0.00574936338465157,0.0012877159337930772,0.03187623543909608,79,True
georgia_like,US,LBBB,temperature,50,20,0.0002490749784215524,0.00029772864224176913,0.00038500985177851676,79,True
georgia_like,US,LBBB,platt,50,20,0.0006823652916645598,0.00023662385959953057,0.0003810625332708832,79,True
georgia_like,US,LBBB,isotonic,50,20,0.00830194282277336,0.0003700950022717184,0.03223305772737491,79,True
georgia_like,US,LBBB,hybrid,50,20,0.004496171228122613,0.0008515167046614543,0.013876110639634832,79,True
georgia_like,US,LBBB,identity,100,20,0.0001124761381497197,6.394423523134154e-05,0.0003417246944638761,79,True
georgia_like,US,LBBB,prior_correction,100,20,0.004268132730861797,0.0013378633447783807,0.004900279293490593,79,True
georgia_like,US,LBBB,temperature,100,20,0.0007558017949996934,0.00038483923575944874,0.0030294607771947928,79,True
georgia_like,US,LBBB,platt,100,20,0.0015099995179559092,0.00038793269374650465,0.004519366493718416,79,True
georgia_like,US,LBBB,isotonic,100,20,0.004796818058574489,0.0004601847935567331,0.012129391410285306,79,True
georgia_like,US,LBBB,hybrid,100,20,0.00403501114919788,0.0008915621674947416,0.006848845484039232,79,True
georgia_like,US,LBBB,identity,200,20,0.00011721920004592529,7.859093859119396e-05,0.00024437791593123363,79,True
georgia_like,US,LBBB,prior_correction,200,20,0.0025270574033431437,0.0008303108399388092,0.00150247486792459,79,True
georgia_like,US,LBBB,temperature,200,20,0.0005854805420335977,0.0004077088730430269,0.001320988168643081,79,True
georgia_like,US,LBBB,platt,200,20,0.0012013780663941878,0.0004068515773492014,0.003082035044163883,79,True
georgia_like,US,LBBB,isotonic,200,20,0.0010477960330820732,0.000406646693791448,0.0025577206361108457,79,True
georgia_like,US,LBBB,hybrid,200,20,0.002302673944485019,0.0008691351119451253,0.0029245709591318204,79,True
georgia_like,US,LBBB,identity,400,20,0.0001953890199253417,0.00015158327480230505,0.00039564047363958643,79,True
georgia_like,US,LBBB,prior_correction,400,20,0.0009230413309595115,0.0009469717740367234,0.0013891526204204863,79,True
georgia_like,US,LBBB,temperature,400,20,0.0004139009395045537,0.0004415267553134959,0.0006520529760819408,79,True
georgia_like,US,LBBB,platt,400,20,0.0011952327491015513,0.0004722912702532971,0.0033229258847947752,79,True
georgia_like,US,LBBB,isotonic,400,20,0.000986409041385999,0.0008325271041962189,0.0028414386876319184,79,True
georgia_like,US,LBBB,hybrid,400,20,0.001054242366376321,0.0009519225521011406,0.001721225775564823,79,True
georgia_like,US,LBBB,identity,800,20,0.00035538135926170214,0.000337905587300988,0.0007378232375636119,79,True
georgia_like,US,LBBB,prior_correction,800,20,0.0007586501272698795,0.0008132945324129266,0.0012734812875039065,79,True
georgia_like,US,LBBB,temperature,800,20,0.00046863560467431373,0.000566702783011114,0.0007820435284581343,79,True
georgia_like,US,LBBB,platt,800,20,0.001215567759850652,0.0008816615097034455,0.002771159371196603,79,True
georgia_like,US,LBBB,isotonic,800,20,0.0011066445429944256,0.0010481761090711337,0.002282723497521795,79,True
georgia_like,US,LBBB,hybrid,800,20,0.0008764567651935781,0.0007979678991082548,0.0013739618460413454,79,True
georgia_like,US,SB,identity,0,1,0.012192610668429145,0.012192610668429145,0.012192610668429145,187,True
georgia_like,US,SB,prior_correction,0,1,0.07482993197278912,0.07482993197278912,0.07482993197278912,187,True
georgia_like,US,SB,temperature,0,20,0.01216156204454547,0.012191188673219217,0.012193193584347102,187,True
georgia_like,US,SB,platt,0,20,0.01216156204454547,0.012191188673219217,0.012193193584347102,187,True
georgia_like,US,SB,isotonic,0,20,0.01216156204454547,0.012191188673219217,0.012193193584347102,187,True
georgia_like,US,SB,hybrid,0,20,0.01216156204454547,0.012191188673219217,0.012193193584347102,187,True
georgia_like,US,SB,identity,25,20,0.012105587591130172,0.01219909796183024,0.012416332031439666,187,True
georgia_like,US,SB,prior_correction,25,20,0.028274975568877626,0.02695517303154216,0.045014319692552006,187,True
georgia_like,US,SB,temperature,25,20,0.018249836876267484,0.01787069612755718,0.025001269712613808,187,True
georgia_like,US,SB,platt,25,20,0.025392310897714664,0.024424307118359634,0.05188902072838403,187,True
georgia_like,US,SB,isotonic,25,20,0.03297085007650085,0.02596263412040668,0.0755006504283856,187,True
georgia_like,US,SB,hybrid,25,20,0.032839375325141064,0.027282257535935092,0.06071729786271675,187,True
georgia_like,US,SB,identity,50,20,0.012036185810092994,0.012033658973586424,0.012368351365114024,187,True
georgia_like,US,SB,prior_correction,50,20,0.02249927052612021,0.019996817356127256,0.037094257694937086,187,True
georgia_like,US,SB,temperature,50,20,0.016147806829629692,0.015619184149549376,0.023833080829062735,187,True
georgia_like,US,SB,platt,50,20,0.025110825860329783,0.024617054684476985,0.03481103421857515,187,True
georgia_like,US,SB,isotonic,50,20,0.023992199713462427,0.022002976661879232,0.04240008594496508,187,True
georgia_like,US,SB,hybrid,50,20,0.026555671601645785,0.02235550013267346,0.0397296601499909,187,True
georgia_like,US,SB,identity,100,20,0.011793701304778876,0.011535072946076159,0.012672381163321166,187,True
georgia_like,US,SB,prior_correction,100,20,0.018504085362820034,0.018714649222215246,0.02538977309080665,187,True
georgia_like,US,SB,temperature,100,20,0.014663424007123966,0.013462650969454242,0.02138240912051969,187,True
georgia_like,US,SB,platt,100,20,0.02200909106040155,0.022925919638454466,0.030975051414801783,187,True
georgia_like,US,SB,isotonic,100,20,0.022494685010843975,0.023356654622105122,0.030550761945195497,187,True
georgia_like,US,SB,hybrid,100,20,0.022300136093984946,0.022380273683596373,0.029640692254715956,187,True
georgia_like,US,SB,identity,200,20,0.011552743944682906,0.011329068714007927,0.013142670597461166,187,True
georgia_like,US,SB,prior_correction,200,20,0.017591904604015107,0.017619126861386614,0.023027145340175487,187,True
georgia_like,US,SB,temperature,200,20,0.012289217762566388,0.011808476181357268,0.015157147662920282,187,True
georgia_like,US,SB,platt,200,20,0.017352918587107864,0.016222405810038275,0.026774284327923597,187,True
georgia_like,US,SB,isotonic,200,20,0.015203274137066385,0.014242350383302335,0.027326457503320984,187,True
georgia_like,US,SB,hybrid,200,20,0.01862691962702489,0.0189741907454191,0.023478079368372956,187,True
georgia_like,US,SB,identity,400,20,0.011643540310755384,0.011443308236494414,0.01388851897078022,187,True
georgia_like,US,SB,prior_correction,400,20,0.01799465579560399,0.018229605880233615,0.02319348514205097,187,True
georgia_like,US,SB,temperature,400,20,0.012016308695092466,0.01195336844672402,0.013760845856844093,187,True
georgia_like,US,SB,platt,400,20,0.01407521821570494,0.012994076851065631,0.019150810797342686,187,True
georgia_like,US,SB,isotonic,400,20,0.013179287869687056,0.013710504376817517,0.019516228851303503,187,True
georgia_like,US,SB,hybrid,400,20,0.01841463586806317,0.018850379693854898,0.021904217601237355,187,True
georgia_like,US,SB,identity,800,20,0.011872836021589622,0.012211014393378131,0.015485673921390029,187,True
georgia_like,US,SB,prior_correction,800,20,0.016239881039890387,0.016683875863017,0.021185934237098716,187,True
georgia_like,US,SB,temperature,800,20,0.012263200236297482,0.012447159303304435,0.014692807207467025,187,True
georgia_like,US,SB,platt,800,20,0.011958151194889495,0.010838091964696364,0.019580016933918774,187,True
georgia_like,US,SB,isotonic,800,20,0.01024350947685878,0.008659555201543736,0.018054055200849593,187,True
georgia_like,US,SB,hybrid,800,20,0.016625538958370135,0.01675863263267462,0.021207432475324195,187,True
georgia_like,US,STACH,identity,0,1,0.005254182904110024,0.005254182904110024,0.005254182904110024,227,True
georgia_like,US,STACH,prior_correction,0,1,0.09083633453381353,0.09083633453381353,0.09083633453381353,227,True
georgia_like,US,STACH,temperature,0,20,0.005259479780543184,0.005254180088929505,0.005256552712623695,227,True
georgia_like,US,STACH,platt,0,20,0.005259479780543184,0.005254180088929505,0.005256552712623695,227,True
georgia_like,US,STACH,isotonic,0,20,0.005259479780543184,0.005254180088929505,0.005256552712623695,227,True
georgia_like,US,STACH,hybrid,0,20,0.005259479780543184,0.005254180088929505,0.005256552712623695,227,True
georgia_like,US,STACH,identity,25,20,0.005214024240471537,0.005296991004904071,0.005497979692319061,227,True
georgia_like,US,STACH,prior_correction,25,20,0.02634597724362981,0.015049288844265176,0.09097879521608336,227,True
georgia_like,US,STACH,temperature,25,20,0.013863811204736513,0.015537137542001284,0.017612110066357295,227,True
georgia_like,US,STACH,platt,25,20,0.020745718967731138,0.01726713044366194,0.03544704189104162,227,True
georgia_like,US,STACH,isotonic,25,20,0.02779896507595226,0.022771886447354797,0.040693274924809966,227,True
georgia_like,US,STACH,hybrid,25,20,0.02706519431180949,0.017716749017204415,0.04179166404338955,227,True
georgia_like,US,STACH,identity,50,20,0.0052105967817319574,0.005222121823860807,0.0056419789805635424,227,True
georgia_like,US,STACH,prior_correction,50,20,0.016625406391598912,0.011627929977800808,0.029152340403824355,227,True
georgia_like,US,STACH,temperature,50,20,0.011758355751468446,0.008335802783203786,0.01879562266491334,227,True
georgia_like,US,STACH,platt,50,20,0.023163150963190337,0.016649995374265255,0.052995429551251035,227,True
georgia_like,US,STACH,isotonic,50,20,0.020642162025773868,0.014986747700488013,0.04872541956971786,227,True
georgia_like,US,STACH,hybrid,50,20,0.01802555297251096,0.015506205748254127,0.03313578830698681,227,True
georgia_like,US,STACH,identity,100,20,0.00511814666355856,0.005225906882227399,0.005601378508039096,227,True
georgia_like,US,STACH,prior_correction,100,20,0.011755951865743764,0.008398158050405207,0.028482013170229033,227,True
georgia_like,US,STACH,temperature,100,20,0.009062822814530065,0.00639741813816412,0.017878021038280758,227,True
georgia_like,US,STACH,platt,100,20,0.014784875063735135,0.012349696106192926,0.024024892835842995,227,True
georgia_like,US,STACH,isotonic,100,20,0.013320812398621864,0.012602054755290026,0.02283815021178264,227,True
georgia_like,US,STACH,hybrid,100,20,0.014454241936357493,0.011884823441212982,0.030761026882963144,227,True
georgia_like,US,STACH,identity,200,20,0.005083110657719211,0.005074040521208609,0.00580530240986552,227,True
georgia_like,US,STACH,prior_correction,200,20,0.010285089694937192,0.00965149635916502,0.015794887920603618,227,True
georgia_like,US,STACH,temperature,200,20,0.006707289256384852,0.005514590722431844,0.010776480492317556,227,True
georgia_like,US,STACH,platt,200,20,0.01156281338488123,0.010243722427572842,0.018614853114224453,227,True
georgia_like,US,STACH,isotonic,200,20,0.012708189766323272,0.012131797830424734,0.022038626439586744,227,True
georgia_like,US,STACH,hybrid,200,20,0.011685812446823927,0.011003459849116565,0.017943037920061012,227,True
georgia_like,US,STACH,identity,400,20,0.005598706239874543,0.005480435183358987,0.0070365703803178786,227,True
georgia_like,US,STACH,prior_correction,400,20,0.010729873115056516,0.009960429404629904,0.015380081506908021,227,True
georgia_like,US,STACH,temperature,400,20,0.006252480258460845,0.006485962383125602,0.007526871669307087,227,True
georgia_like,US,STACH,platt,400,20,0.007816904526662458,0.007995907785553282,0.010843170442074324,227,True
georgia_like,US,STACH,isotonic,400,20,0.008907448945530038,0.008270085733641113,0.014159246422145777,227,True
georgia_like,US,STACH,hybrid,400,20,0.011165479894054437,0.010141769181671794,0.01552369780260725,227,True
georgia_like,US,STACH,identity,800,20,0.005981812842595165,0.006031584539826784,0.007625119612420995,227,True
georgia_like,US,STACH,prior_correction,800,20,0.010168274948903398,0.009017229936024886,0.014966442836291033,227,True
georgia_like,US,STACH,temperature,800,20,0.006261172759006073,0.006279504233535569,0.008585268127358823,227,True
georgia_like,US,STACH,platt,800,20,0.00789695437492189,0.006571035706620199,0.013010579284449262,227,True
georgia_like,US,STACH,isotonic,800,20,0.00876070552601661,0.008145394162598976,0.012893137497319764,227,True
georgia_like,US,STACH,hybrid,800,20,0.010360308659977741,0.009152289779654328,0.014992641475400423,227,True
ptbxl_like,DE,AF,identity,0,1,0.0389216672487412,0.0389216672487412,0.0389216672487412,203,True
ptbxl_like,DE,AF,prior_correction,0,1,0.00865810928101158,0.00865810928101158,0.00865810928101158,203,True
ptbxl_like,DE,AF,temperature,0,20,0.038975762533017856,0.03902104490603256,0.039040277448423276,203,True
ptbxl_like,DE,AF,platt,0,20,0.038975762533017856,0.03902104490603256,0.039040277448423276,203,True
ptbxl_like,DE,AF,isotonic,0,20,0.038975762533017856,0.03902104490603256,0.039040277448423276,203,True
ptbxl_like,DE,AF,hybrid,0,20,0.038975762533017856,0.03902104490603256,0.039040277448423276,203,True
ptbxl_like,DE,AF,identity,25,20,0.03900352608084503,0.03903059774633654,0.039443497826723295,203,True
ptbxl_like,DE,AF,prior_correction,25,20,0.07066021347218049,0.08060606060606061,0.08161616161616161,203,True
ptbxl_like,DE,AF,temperature,25,20,0.04760621408620249,0.04430930766254999,0.07746958423717043,203,True
ptbxl_like,DE,AF,platt,25,20,0.05338318177047583,0.04647735911992146,0.09068307610293748,203,True
ptbxl_like,DE,AF,isotonic,25,20,0.04077738158227024,0.034612597634045464,0.07348666393423064,203,True
ptbxl_like,DE,AF,hybrid,25,20,0.052175800726248,0.04161616656424513,0.0931596432271178,203,True
ptbxl_like,DE,AF,identity,50,20,0.038959541199374656,0.039065081226884596,0.03955048789901679,203,True
ptbxl_like,DE,AF,prior_correction,50,20,0.07097271651082278,0.07633899748573558,0.08160267779082257,203,True
ptbxl_like,DE,AF,temperature,50,20,0.035752980180766836,0.03584872242006182,0.041130083022759285,203,True
ptbxl_like,DE,AF,platt,50,20,0.03362639110822277,0.03250029454232515,0.05311197216528654,203,True
ptbxl_like,DE,AF,isotonic,50,20,0.030439079540330122,0.02751875973162759,0.05694368421815491,203,True
ptbxl_like,DE,AF,hybrid,50,20,0.036796785149334536,0.0376147633049692,0.06295636101515087,203,True
ptbxl_like,DE,AF,identity,100,20,0.039148605433321965,0.03911179655306482,0.04019306474288288,203,True
ptbxl_like,DE,AF,prior_correction,100,20,0.07502141258309843,0.08017520122120456,0.08254166666666667,203,True
ptbxl_like,DE,AF,temperature,100,20,0.03483539439121725,0.03221263696822489,0.04987043941718753,203,True
ptbxl_like,DE,AF,platt,100,20,0.025714700261199687,0.021174943630077978,0.04715356375821574,203,True
ptbxl_like,DE,AF,isotonic,100,20,0.025755427166721828,0.023611923911165976,0.033894772741164356,203,True
ptbxl_like,DE,AF,hybrid,100,20,0.03800796471417165,0.042924284733283025,0.059613274265702315,203,True
ptbxl_like,DE,AF,identity,200,20,0.03918008003983768,0.039403493002648476,0.04038274537805066,203,True
ptbxl_like,DE,AF,prior_correction,200,20,0.0797672911609518,0.0810692893448973,0.08306550069882522,203,True
ptbxl_like,DE,AF,temperature,200,20,0.030555149751875472,0.029734739455343794,0.033949603841804225,203,True
ptbxl_like,DE,AF,platt,200,20,0.01761109708768014,0.018396029049154626,0.023178951722626184,203,True
ptbxl_like,DE,AF,isotonic,200,20,0.018645774437090274,0.019556341830749398,0.024255601158261215,203,True
ptbxl_like,DE,AF,hybrid,200,20,0.02151671105500427,0.016379159245135826,0.047976783651791206,203,True
ptbxl_like,DE,AF,identity,400,20,0.03925082432390599,0.03921352396752201,0.04199403767332452,203,True
ptbxl_like,DE,AF,prior_correction,400,20,0.08093090219480285,0.0814091929013395,0.0833531991245164,203,True
ptbxl_like,DE,AF,temperature,400,20,0.030162196067298884,0.029828685069683107,0.03295719694865196,203,True
ptbxl_like,DE,AF,platt,400,20,0.015256046337197631,0.014190384663271077,0.023494464996488287,203,True
ptbxl_like,DE,AF,isotonic,400,20,0.01439478138633255,0.015013960211442332,0.021508758221321846,203,True
ptbxl_like,DE,AF,hybrid,400,20,0.011977420001248424,0.007499999004944684,0.031202379657887535,203,True
ptbxl_like,DE,AF,identity,800,20,0.03992150961598542,0.03998791468673735,0.04289530767431736,203,True
ptbxl_like,DE,AF,prior_correction,800,20,0.08173594807730764,0.082010582010582,0.08520391235224994,203,True
ptbxl_like,DE,AF,temperature,800,20,0.03096663566419961,0.031126204568311902,0.03491732776947951,203,True
ptbxl_like,DE,AF,platt,800,20,0.01417165389785103,0.013177718853761325,0.021497287498504745,203,True
ptbxl_like,DE,AF,isotonic,800,20,0.012790310893282203,0.012457621092687013,0.019093740251875033,203,True
ptbxl_like,DE,AF,hybrid,800,20,0.0075322367663186954,0.006433823735273667,0.013161774556565089,203,True
ptbxl_like,DE,IAVB,identity,0,1,0.0541526695734392,0.0541526695734392,0.0541526695734392,105,True
ptbxl_like,DE,IAVB,prior_correction,0,1,0.042033626901521216,0.042033626901521216,0.042033626901521216,105,True
ptbxl_like,DE,IAVB,temperature,0,20,0.054522362258967616,0.05467211581440819,0.054908480874373465,105,True
ptbxl_like,DE,IAVB,platt,0,20,0.054522362258967616,0.05467211581440819,0.054908480874373465,105,True
ptbxl_like,DE,IAVB,isotonic,0,20,0.054522362258967616,0.05467211581440819,0.054908480874373465,105,True
ptbxl_like,DE,IAVB,hybrid,0,20,0.054522362258967616,0.05467211581440819,0.054908480874373465,105,True
ptbxl_like,DE,IAVB,identity,25,20,0.05474480545716809,0.05461840324786921,0.05561492355647566,105,True
ptbxl_like,DE,IAVB,prior_correction,25,20,0.13292656028862895,0.06899199410969853,0.3203159113135892,105,True
ptbxl_like,DE,IAVB,temperature,25,20,0.06116962193727645,0.0542427992404467,0.10051377094033084,105,True
ptbxl_like,DE,IAVB,platt,25,20,0.052305771933299675,0.05327577405899879,0.07577812439965016,105,True
ptbxl_like,DE,IAVB,isotonic,25,20,0.04405948870627523,0.04241567533166887,0.07625031345676997,105,True
ptbxl_like,DE,IAVB,hybrid,25,20,0.1285115059639646,0.09719451199725537,0.3023459208212355,105,True
ptbxl_like,DE,IAVB,identity,50,20,0.05446497577669544,0.05422163641954367,0.05578431452394909,105,True
ptbxl_like,DE,IAVB,prior_correction,50,20,0.08988528666268315,0.042227585977294674,0.2859066786785802,105,True
ptbxl_like,DE,IAVB,temperature,50,20,0.052097209057695805,0.05166264620679584,0.0750420084164971,105,True
ptbxl_like,DE,IAVB,platt,50,20,0.038233042400516656,0.03801518064535045,0.05382154918023862,105,True
ptbxl_like,DE,IAVB,isotonic,50,20,0.03835409710405447,0.0426542796359156,0.05456841369048518,105,True
ptbxl_like,DE,IAVB,hybrid,50,20,0.07751611566447839,0.03174579231394074,0.25242287444727796,105,True
ptbxl_like,DE,IAVB,identity,100,20,0.05440078047806175,0.05440474353875689,0.05560430314147842,105,True
ptbxl_like,DE,IAVB,prior_correction,100,20,0.07934825039680167,0.04331529281154593,0.17033015996346082,105,True
ptbxl_like,DE,IAVB,temperature,100,20,0.04329934607966959,0.036118006129319785,0.05395001231558722,105,True
ptbxl_like,DE,IAVB,platt,100,20,0.028401683571789276,0.0266305939108892,0.03763724085316124,105,True
ptbxl_like,DE,IAVB,isotonic,100,20,0.029026457049108962,0.03048090954777777,0.036254246994620626,105,True
ptbxl_like,DE,IAVB,hybrid,100,20,0.047624260105366065,0.03321326138504885,0.11071408314462827,105,True
ptbxl_like,DE,IAVB,identity,200,20,0.05473458679525918,0.05460629004228422,0.05679043137227505,105,True
ptbxl_like,DE,IAVB,prior_correction,200,20,0.06196040372037879,0.04434782608695652,0.09975417387026293,105,True
ptbxl_like,DE,IAVB,temperature,200,20,0.03928334087992959,0.03940616635376501,0.044685506495856224,105,True
ptbxl_like,DE,IAVB,platt,200,20,0.02174282764509639,0.02126872622698084,0.0284411867338116,105,True
ptbxl_like,DE,IAVB,isotonic,200,20,0.020587659118956044,0.01968568740800867,0.03246446421026265,105,True
ptbxl_like,DE,IAVB,hybrid,200,20,0.03417710022070388,0.03557327658883348,0.05833308627183752,105,True
ptbxl_like,DE,IAVB,identity,400,20,0.055189391819424186,0.05546345315526066,0.05632462129241671,105,True
ptbxl_like,DE,IAVB,prior_correction,400,20,0.04790932606878008,0.04238095238095238,0.07916573586876947,105,True
ptbxl_like,DE,IAVB,temperature,400,20,0.03853931683588305,0.03688152100255496,0.045597449978513525,105,True
ptbxl_like,DE,IAVB,platt,400,20,0.01951736651669953,0.018187138631829917,0.02376851120170215,105,True
ptbxl_like,DE,IAVB,isotonic,400,20,0.016281230451200092,0.015202352821417712,0.02172349106359933,105,True
ptbxl_like,DE,IAVB,hybrid,400,20,0.02329514708927717,0.023965792615248997,0.0489580525539306,105,True
ptbxl_like,DE,IAVB,identity,800,20,0.05547899566490847,0.055737239164145955,0.0586405227910598,105,True
ptbxl_like,DE,IAVB,prior_correction,800,20,0.03922860273671709,0.039953694221995475,0.0490402131297479,105,True
ptbxl_like,DE,IAVB,temperature,800,20,0.03869661252117326,0.0380335477277987,0.04240182082640058,105,True
ptbxl_like,DE,IAVB,platt,800,20,0.020088626417559048,0.02017188496468878,0.024120210893862477,105,True
ptbxl_like,DE,IAVB,isotonic,800,20,0.013901829203036436,0.014767073692320283,0.020448453163810252,105,True
ptbxl_like,DE,IAVB,hybrid,800,20,0.022081051768601232,0.02484930547569411,0.03594081273893137,105,True
ptbxl_like,DE,RBBB,identity,0,1,0.029398103424521906,0.029398103424521906,0.029398103424521906,147,True
ptbxl_like,DE,RBBB,prior_correction,0,1,0.0588470776621297,0.0588470776621297,0.0588470776621297,147,True
ptbxl_like,DE,RBBB,temperature,0,20,0.02940819529368884,0.029387498640076674,0.02942574736480227,147,True
ptbxl_like,DE,RBBB,platt,0,20,0.02940819529368884,0.029387498640076674,0.02942574736480227,147,True
ptbxl_like,DE,RBBB,isotonic,0,20,0.02940819529368884,0.029387498640076674,0.02942574736480227,147,True
ptbxl_like,DE,RBBB,hybrid,0,20,0.02940819529368884,0.029387498640076674,0.02942574736480227,147,True
ptbxl_like,DE,RBBB,identity,25,20,0.029414739642158495,0.029531373297365587,0.02973494769733235,147,True
ptbxl_like,DE,RBBB,prior_correction,25,20,0.03264917430613293,0.035818162674774265,0.05376638200283791,147,True
ptbxl_like,DE,RBBB,temperature,25,20,0.02789755158990127,0.029280655889951452,0.036437137357008216,147,True
ptbxl_like,DE,RBBB,platt,25,20,0.025494220394129952,0.02918960660577569,0.034066850155429367,147,True
ptbxl_like,DE,RBBB,isotonic,25,20,0.036229260978817686,0.03589808073925659,0.059393939393939395,147,True
ptbxl_like,DE,RBBB,hybrid,25,20,0.03536128955391483,0.03264239720350334,0.06989932914981198,147,True
ptbxl_like,DE,RBBB,identity,50,20,0.029341688661595457,0.029374235650848693,0.0298820961326483,147,True
ptbxl_like,DE,RBBB,prior_correction,50,20,0.03830446582638389,0.0369203807059053,0.04802328254141975,147,True
ptbxl_like,DE,RBBB,temperature,50,20,0.030354869033312616,0.029538098601678397,0.039468914871464936,147,True
ptbxl_like,DE,RBBB,platt,50,20,0.020270869414233797,0.01956797718490772,0.03430122076814616,147,True
ptbxl_like,DE,RBBB,isotonic,50,20,0.01973025997906331,0.015844671685519195,0.03573830532955767,147,True
ptbxl_like,DE,RBBB,hybrid,50,20,0.04341930645378964,0.0381073217795366,0.07147674492248472,147,True
ptbxl_like,DE,RBBB,identity,100,20,0.02931519820581352,0.02947202208665865,0.029962472245480775,147,True
ptbxl_like,DE,RBBB,prior_correction,100,20,0.04058608289101616,0.041518495620578605,0.05111041333427883,147,True
ptbxl_like,DE,RBBB,temperature,100,20,0.03235258601054345,0.029638958274875067,0.05329844117103862,147,True
ptbxl_like,DE,RBBB,platt,100,20,0.016481777014466865,0.015983817041387904,0.021583576903245794,147,True
ptbxl_like,DE,RBBB,isotonic,100,20,0.015202019929258384,0.014532723367320345,0.023608721874728886,147,True
ptbxl_like,DE,RBBB,hybrid,100,20,0.046977105071584674,0.04106566358849094,0.06988529118552528,147,True
ptbxl_like,DE,RBBB,identity,200,20,0.02941386199343805,0.029430952681707347,0.030600634250167475,147,True
ptbxl_like,DE,RBBB,prior_correction,200,20,0.039212800748011645,0.03935170447000551,0.04489718228217905,147,True
ptbxl_like,DE,RBBB,temperature,200,20,0.03106074083486392,0.030047041259370882,0.04056227454864144,147,True
ptbxl_like,DE,RBBB,platt,200,20,0.012989029954112436,0.011467501301325655,0.02420326383575213,147,True
ptbxl_like,DE,RBBB,isotonic,200,20,0.010980147574852068,0.010683209453380343,0.016914551333981297,147,True
ptbxl_like,DE,RBBB,hybrid,200,20,0.04287449762468161,0.04066689195242301,0.05749773045417164,147,True
ptbxl_like,DE,RBBB,identity,400,20,0.02946322363937124,0.02945464410888575,0.03073390228919245,147,True
ptbxl_like,DE,RBBB,prior_correction,400,20,0.03939152448029456,0.03983725147804941,0.04207390289363283,147,True
ptbxl_like,DE,RBBB,temperature,400,20,0.03149799420171932,0.031251370026040136,0.03647170191086092,147,True
ptbxl_like,DE,RBBB,platt,400,20,0.008999044609437765,0.008652022718082129,0.014299546689988786,147,True
ptbxl_like,DE,RBBB,isotonic,400,20,0.008140530568937888,0.007612926811829706,0.013846957847981938,147,True
ptbxl_like,DE,RBBB,hybrid,400,20,0.04286976606429477,0.04333076394321284,0.05142866766142357,147,True
ptbxl_like,DE,RBBB,identity,800,20,0.02938967739303918,0.029707530652905833,0.03159002861677514,147,True
ptbxl_like,DE,RBBB,prior_correction,800,20,0.03931367604817154,0.03913528253062208,0.04084989201749047,147,True
ptbxl_like,DE,RBBB,temperature,800,20,0.03169974256516466,0.032004376199849,0.034474336574936884,147,True
ptbxl_like,DE,RBBB,platt,800,20,0.007042571301580684,0.006064141242316063,0.011356498096307273,147,True
ptbxl_like,DE,RBBB,isotonic,800,20,0.0060678237099726475,0.005946458935355807,0.01096232908469635,147,True
ptbxl_like,DE,RBBB,hybrid,800,20,0.04305291821782113,0.043628662816312544,0.046097862180342,147,True
ptbxl_like,DE,LBBB,identity,0,1,0.00510930777733612,0.00510930777733612,0.00510930777733612,72,True
ptbxl_like,DE,LBBB,prior_correction,0,1,0.028823058446757407,0.028823058446757407,0.028823058446757407,72,True
ptbxl_like,DE,LBBB,temperature,0,20,0.005108694745086939,0.005109307765050945,0.005109512462474452,72,True
ptbxl_like,DE,LBBB,platt,0,20,0.005108694745086939,0.005109307765050945,0.005109512462474452,72,True
ptbxl_like,DE,LBBB,isotonic,0,20,0.005108694745086939,0.005109307765050945,0.005109512462474452,72,True
ptbxl_like,DE,LBBB,hybrid,0,20,0.005108694745086939,0.005109307765050945,0.005109512462474452,72,True
ptbxl_like,DE,LBBB,identity,25,20,0.005124096515203445,0.005154692597311718,0.005156794851725654,72,True
ptbxl_like,DE,LBBB,prior_correction,25,20,0.022838246108518822,0.029067420266451354,0.02909090909090909,72,True
ptbxl_like,DE,LBBB,temperature,25,20,0.005048928108265497,0.005153763173319607,0.005189895555209955,72,True
ptbxl_like,DE,LBBB,platt,25,20,0.004935863459595273,0.005153763108874941,0.005156729278910055,72,True
ptbxl_like,DE,LBBB,isotonic,25,20,0.01906166963457719,0.0290732901009155,0.02909090909090909,72,True
ptbxl_like,DE,LBBB,hybrid,25,20,0.01941704284122741,0.029066420266451353,0.02908990909090909,72,True
ptbxl_like,DE,LBBB,identity,50,20,0.005097700926792777,0.005197882957582807,0.00520942252050639,72,True
ptbxl_like,DE,LBBB,prior_correction,50,20,0.022166469735227384,0.0287636914472151,0.02902040816326531,72,True
ptbxl_like,DE,LBBB,temperature,50,20,0.0044713064552740845,0.004750739767451712,0.005010370208918637,72,True
ptbxl_like,DE,LBBB,platt,50,20,0.004452549664490345,0.004746731219532471,0.0052084798553597034,72,True
ptbxl_like,DE,LBBB,isotonic,50,20,0.006634724714030553,0.004852373378110845,0.007757247817725485,72,True
ptbxl_like,DE,LBBB,hybrid,50,20,0.009986919706057534,0.008979564281767055,0.013969570677101346,72,True
ptbxl_like,DE,LBBB,identity,100,20,0.005109093620982391,0.0052292220565105,0.005318088273501055,72,True
ptbxl_like,DE,LBBB,prior_correction,100,20,0.023954114488080207,0.028738025822573926,0.029571012078300707,72,True
ptbxl_like,DE,LBBB,temperature,100,20,0.004591552920650953,0.0048397903931629155,0.005253269504338529,72,True
ptbxl_like,DE,LBBB,platt,100,20,0.004180339056288344,0.004841179129098547,0.005016054275849074,72,True
ptbxl_like,DE,LBBB,isotonic,100,20,0.003682985477600162,0.004115224315347497,0.005299272483918611,72,True
ptbxl_like,DE,LBBB,hybrid,100,20,0.012044517595517657,0.011666661718580655,0.019481344342016434,72,True
ptbxl_like,DE,LBBB,identity,200,20,0.005133214718847106,0.005239663626641,0.0055212512814307255,72,True
ptbxl_like,DE,LBBB,prior_correction,200,20,0.027084310769919608,0.028894070116483227,0.029608695652173913,72,True
ptbxl_like,DE,LBBB,temperature,200,20,0.004909249754858571,0.005019239649622859,0.005229856570279211,72,True
ptbxl_like,DE,LBBB,platt,200,20,0.00400610023230224,0.004988879618921372,0.005693042863324331,72,True
ptbxl_like,DE,LBBB,isotonic,200,20,0.0032549439028326113,0.0028656998526207754,0.004971259951619475,72,True
ptbxl_like,DE,LBBB,hybrid,200,20,0.00763895514218631,0.008189569922191374,0.015000000605201076,72,True
ptbxl_like,DE,LBBB,identity,400,20,0.005138555656643998,0.005148472837805456,0.005568921918013138,72,True
ptbxl_like,DE,LBBB,prior_correction,400,20,0.028827316405272578,0.02857142857142857,0.030523809523809526,72,True
ptbxl_like,DE,LBBB,temperature,400,20,0.0052737535082956295,0.005233263157864203,0.005771198157509852,72,True
ptbxl_like,DE,LBBB,platt,400,20,0.0018185903682984624,0.0009263735031899232,0.00528937868221038,72,True
ptbxl_like,DE,LBBB,isotonic,400,20,0.002055906639167509,0.002045815277427459,0.002831655436852756,72,True
ptbxl_like,DE,LBBB,hybrid,400,20,0.007760703195699813,0.007490914206982904,0.013446882416795923,72,True
ptbxl_like,DE,LBBB,identity,800,20,0.005234380023988159,0.005254068232180404,0.0059820099301132156,72,True
ptbxl_like,DE,LBBB,prior_correction,800,20,0.02881302186579211,0.02881488397828267,0.03171434492763635,72,True
ptbxl_like,DE,LBBB,temperature,800,20,0.005580134924880846,0.005667074450209005,0.006461011206594688,72,True
ptbxl_like,DE,LBBB,platt,800,20,0.0018335884665269114,0.001564978668022906,0.003552282797316794,72,True
ptbxl_like,DE,LBBB,isotonic,800,20,0.0017168199801057022,0.0015072742060422712,0.002920476311403312,72,True
ptbxl_like,DE,LBBB,hybrid,800,20,0.006241969510836741,0.005493703222008924,0.009617651565053887,72,True
ptbxl_like,DE,SB,identity,0,1,0.08275809313559201,0.08275809313559201,0.08275809313559201,72,True
ptbxl_like,DE,SB,prior_correction,0,1,0.028823058446757407,0.028823058446757407,0.028823058446757407,72,True
ptbxl_like,DE,SB,temperature,0,20,0.0826951485860212,0.08272491814666254,0.08275802169320741,72,True
ptbxl_like,DE,SB,platt,0,20,0.0826951485860212,0.08272491814666254,0.08275802169320741,72,True
ptbxl_like,DE,SB,isotonic,0,20,0.0826951485860212,0.08272491814666254,0.08275802169320741,72,True
ptbxl_like,DE,SB,hybrid,0,20,0.0826951485860212,0.08272491814666254,0.08275802169320741,72,True
ptbxl_like,DE,SB,identity,25,20,0.08286965464744728,0.08293964771802123,0.08326961470961633,72,True
ptbxl_like,DE,SB,prior_correction,25,20,0.10644844925875403,0.11617244332716942,0.1524143054388592,72,True
ptbxl_like,DE,SB,temperature,25,20,0.08349013191048314,0.08278748822710269,0.08678632273387807,72,True
ptbxl_like,DE,SB,platt,25,20,0.06670837739854343,0.08259245025290013,0.08322749211286362,72,True
ptbxl_like,DE,SB,isotonic,25,20,0.0293434317018084,0.02909090909090909,0.044245018614729265,72,True
ptbxl_like,DE,SB,hybrid,25,20,0.11147465797290206,0.11617244332716942,0.17292482670114537,72,True
ptbxl_like,DE,SB,identity,50,20,0.08285735901823535,0.08287825963643392,0.08342894197004591,72,True
ptbxl_like,DE,SB,prior_correction,50,20,0.11582553080775897,0.11678888262461526,0.14407425111462135,72,True
ptbxl_like,DE,SB,temperature,50,20,0.08520752503323634,0.0829555501660038,0.09534936935809994,72,True
ptbxl_like,DE,SB,platt,50,20,0.04208262875932567,0.027880248603534885,0.08277790071784308,72,True
ptbxl_like,DE,SB,isotonic,50,20,0.021364971830313283,0.02794529711670226,0.037517893906660486,72,True
ptbxl_like,DE,SB,hybrid,50,20,0.12582916975618041,0.12218989571917463,0.1731733159905288,72,True
ptbxl_like,DE,SB,identity,100,20,0.08315956743667721,0.08344781159767839,0.08399092796287617,72,True
ptbxl_like,DE,SB,prior_correction,100,20,0.11912897914788415,0.12128319241193217,0.1348768105205506,72,True
ptbxl_like,DE,SB,temperature,100,20,0.08880761586657007,0.08779249533346518,0.09830567736462373,72,True
ptbxl_like,DE,SB,platt,100,20,0.01874638432093928,0.01565776876970472,0.037189933950515085,72,True
ptbxl_like,DE,SB,isotonic,100,20,0.019986247854369563,0.018241358856614927,0.033587468323233505,72,True
ptbxl_like,DE,SB,hybrid,100,20,0.13327563969688044,0.12851376357096087,0.16086091314990017,72,True
ptbxl_like,DE,SB,identity,200,20,0.08320810943126213,0.08345125554872966,0.08487322163616703,72,True
ptbxl_like,DE,SB,prior_correction,200,20,0.12001148452691154,0.1228863613334554,0.1299985584736926,72,True
ptbxl_like,DE,SB,temperature,200,20,0.0915234766142363,0.09049282503934811,0.09766434320586663,72,True
ptbxl_like,DE,SB,platt,200,20,0.013308802658904217,0.01180080726353365,0.02345175453663705,72,True
ptbxl_like,DE,SB,isotonic,200,20,0.014992696214109678,0.010834969684343606,0.029215342191288952,72,True
ptbxl_like,DE,SB,hybrid,200,20,0.13737641015890492,0.1394279504830177,0.1640401148084316,72,True
ptbxl_like,DE,SB,identity,400,20,0.0835974591861641,0.08339196772437416,0.08598543955947661,72,True
ptbxl_like,DE,SB,prior_correction,400,20,0.12541936554093364,0.12472417731121674,0.13170639712878052,72,True
ptbxl_like,DE,SB,temperature,400,20,0.09304002776081158,0.09282841583804874,0.09580917506586954,72,True
ptbxl_like,DE,SB,platt,400,20,0.0078103504865447955,0.00714660409604262,0.011510050632231407,72,True
ptbxl_like,DE,SB,isotonic,400,20,0.008686526199960293,0.006616863684799329,0.01937451052677652,72,True
ptbxl_like,DE,SB,hybrid,400,20,0.1448690408284447,0.14293885900535616,0.1567659067730362,72,True
ptbxl_like,DE,SB,identity,800,20,0.08401702472454826,0.0838856799251578,0.08702296616971628,72,True
ptbxl_like,DE,SB,prior_correction,800,20,0.1267984563920355,0.12601386324910513,0.1299193586458455,72,True
ptbxl_like,DE,SB,temperature,800,20,0.09312708776739943,0.09288655481214032,0.0965134551486049,72,True
ptbxl_like,DE,SB,platt,800,20,0.007844366054241905,0.007419723420367822,0.010719903963821711,72,True
ptbxl_like,DE,SB,isotonic,800,20,0.006708993073491707,0.005921567891196652,0.012417267118922937,72,True
ptbxl_like,DE,SB,hybrid,800,20,0.14639984692386987,0.14721750612775394,0.15077502739533047,72,True
ptbxl_like,DE,STACH,identity,0,1,0.0041483115484402516,0.0041483115484402516,0.0041483115484402516,91,True
ptbxl_like,DE,STACH,prior_correction,0,1,0.0036469733551705483,0.0036469733551705483,0.0036469733551705483,91,True
ptbxl_like,DE,STACH,temperature,0,20,0.004170878399477968,0.004184042909088893,0.004189136407473619,91,True
ptbxl_like,DE,STACH,platt,0,20,0.004170878399477968,0.004184042909088893,0.004189136407473619,91,True
ptbxl_like,DE,STACH,isotonic,0,20,0.004170878399477968,0.004184042909088893,0.004189136407473619,91,True
ptbxl_like,DE,STACH,hybrid,0,20,0.004170878399477968,0.004184042909088893,0.004189136407473619,91,True
ptbxl_like,DE,STACH,identity,25,20,0.004183091327237301,0.004198981923176949,0.004414316773910613,91,True
ptbxl_like,DE,STACH,prior_correction,25,20,0.02219906645350801,0.02534963003786396,0.03676767676767677,91,True
ptbxl_like,DE,STACH,temperature,25,20,0.004178450267438293,0.002964213793825382,0.004268892555562379,91,True
ptbxl_like,DE,STACH,platt,25,20,0.006645408234364492,0.004176046756919532,0.01708935523244083,91,True
ptbxl_like,DE,STACH,isotonic,25,20,0.019721473273998903,0.014988655233643056,0.03676767676767677,91,True
ptbxl_like,DE,STACH,hybrid,25,20,0.020404434673614302,0.013736368228342084,0.03676667676767677,91,True
ptbxl_like,DE,STACH,identity,50,20,0.004131503752745455,0.004117967031662524,0.004427337513277685,91,True
ptbxl_like,DE,STACH,prior_correction,50,20,0.025008444667347203,0.030563234450858245,0.03712921839482427,91,True
ptbxl_like,DE,STACH,temperature,50,20,0.003340605907778239,0.0022692302892536936,0.004901773302419867,91,True
ptbxl_like,DE,STACH,platt,50,20,0.007158002607586296,0.0036249252374664807,0.01569800048997244,91,True
ptbxl_like,DE,STACH,isotonic,50,20,0.01157711236561455,0.0068090716785633824,0.03712921839482427,91,True
ptbxl_like,DE,STACH,hybrid,50,20,0.019659188009569693,0.016311523813783785,0.0372388914681563,91,True
ptbxl_like,DE,STACH,identity,100,20,0.004195513234643202,0.00414187598793794,0.004573860831414921,91,True
ptbxl_like,DE,STACH,prior_correction,100,20,0.02152223109839427,0.019692726410921478,0.0370694328751909,91,True
ptbxl_like,DE,STACH,temperature,100,20,0.0026640181467681686,0.002313624969424725,0.004940477319908341,91,True
ptbxl_like,DE,STACH,platt,100,20,0.006701515390351749,0.00447049004399889,0.013169290735594693,91,True
ptbxl_like,DE,STACH,isotonic,100,20,0.006692125284683173,0.005948534373975117,0.011667891000939023,91,True
ptbxl_like,DE,STACH,hybrid,100,20,0.015594673276591812,0.016755059375175897,0.022278072229321284,91,True
ptbxl_like,DE,STACH,identity,200,20,0.004061405220152857,0.004125235836598349,0.0048710728441397145,91,True
ptbxl_like,DE,STACH,prior_correction,200,20,0.020902977826226004,0.017857113029336957,0.03739130434782609,91,True
ptbxl_like,DE,STACH,temperature,200,20,0.0027571796480694707,0.0026979787327266816,0.004143088675964273,91,True
ptbxl_like,DE,STACH,platt,200,20,0.00787326192860732,0.007358029212289421,0.013628135176260932,91,True
ptbxl_like,DE,STACH,isotonic,200,20,0.00654683782601666,0.0049566068548028905,0.012628090382554412,91,True
ptbxl_like,DE,STACH,hybrid,200,20,0.013376632952998336,0.012519812360879273,0.021956993050853253,91,True
ptbxl_like,DE,STACH,identity,400,20,0.004101207001552297,0.003984503208703104,0.005095988693055766,91,True
ptbxl_like,DE,STACH,prior_correction,400,20,0.02230184417840231,0.018317944670822678,0.038617189093628886,91,True
ptbxl_like,DE,STACH,temperature,400,20,0.002280707338840357,0.0021772975036029475,0.003401586429378771,91,True
ptbxl_like,DE,STACH,platt,400,20,0.005363871798407734,0.004821968771220897,0.011906112572889269,91,True
ptbxl_like,DE,STACH,isotonic,400,20,0.004675393483657448,0.004341685426803271,0.010385219177048136,91,True
ptbxl_like,DE,STACH,hybrid,400,20,0.014672831879128889,0.014356821020295663,0.022583632587470835,91,True
ptbxl_like,DE,STACH,identity,800,20,0.0044015119795766874,0.004147342910687543,0.00535299530652454,91,True
ptbxl_like,DE,STACH,prior_correction,800,20,0.023352090219549947,0.02061031048366583,0.03888235294117647,91,True
ptbxl_like,DE,STACH,temperature,800,20,0.00279257453298573,0.0025642546239803394,0.004141479329707705,91,True
ptbxl_like,DE,STACH,platt,800,20,0.004080399171877684,0.0029959234018768505,0.0076980761672920655,91,True
ptbxl_like,DE,STACH,isotonic,800,20,0.0036802943729582586,0.003003734518807996,0.0075860628543284875,91,True
ptbxl_like,DE,STACH,hybrid,800,20,0.017521499501971943,0.01810793299053072,0.026081000163213984,91,True
chapman_like,CN,AF,identity,0,1,0.03446830639632288,0.03446830639632288,0.03446830639632288,188,True
chapman_like,CN,AF,prior_correction,0,1,0.07523009203681473,0.07523009203681473,0.07523009203681473,188,True
chapman_like,CN,AF,temperature,0,20,0.03441851701664888,0.034434698370600536,0.034471170219688874,188,True
chapman_like,CN,AF,platt,0,20,0.03441851701664888,0.034434698370600536,0.034471170219688874,188,True
chapman_like,CN,AF,isotonic,0,20,0.03441851701664888,0.034434698370600536,0.034471170219688874,188,True
chapman_like,CN,AF,hybrid,0,20,0.03441851701664888,0.034434698370600536,0.034471170219688874,188,True
chapman_like,CN,AF,identity,25,20,0.03438746509138084,0.03431251806608365,0.035003401982885055,188,True
chapman_like,CN,AF,prior_correction,25,20,0.04433806836554311,0.03548201274132767,0.07590132938706537,188,True
chapman_like,CN,AF,temperature,25,20,0.048287732597033436,0.0397324731413845,0.07388803770697767,188,True
chapman_like,CN,AF,platt,25,20,0.05600680711882668,0.05013515758328986,0.10351483351327266,188,True
chapman_like,CN,AF,isotonic,25,20,0.067393444226611,0.058185958707856325,0.10652558072401992,188,True
chapman_like,CN,AF,hybrid,25,20,0.04638998662113608,0.041931167991553366,0.07593098544410176,188,True
chapman_like,CN,AF,identity,50,20,0.03438409283265822,0.034360542512870795,0.035280287977376715,188,True
chapman_like,CN,AF,prior_correction,50,20,0.03814737526331191,0.03125752678321649,0.06081479107337135,188,True
chapman_like,CN,AF,temperature,50,20,0.04410066400873035,0.04104768291590098,0.06339940653412794,188,True
chapman_like,CN,AF,platt,50,20,0.04011758161414948,0.03852258716657253,0.057749800988883764,188,True
chapman_like,CN,AF,isotonic,50,20,0.0439829449619385,0.042221225797173995,0.06420574007285837,188,True
chapman_like,CN,AF,hybrid,50,20,0.036252893435669384,0.03481651164168173,0.05544544125056876,188,True
chapman_like,CN,AF,identity,100,20,0.034065088659667946,0.03413133569942606,0.03500480958394713,188,True
chapman_like,CN,AF,prior_correction,100,20,0.030216437544425656,0.02551172474891951,0.04070907237644927,188,True
chapman_like,CN,AF,temperature,100,20,0.042911685810074776,0.03803298870733553,0.05860307019980443,188,True
chapman_like,CN,AF,platt,100,20,0.028878702712232605,0.025375824270149394,0.0416481183509389,188,True
chapman_like,CN,AF,isotonic,100,20,0.03272199704184599,0.031805040224362674,0.04597799353730432,188,True
chapman_like,CN,AF,hybrid,100,20,0.028386083699330093,0.026174330495755516,0.0382976809826549,188,True
chapman_like,CN,AF,identity,200,20,0.03432541218959942,0.033908572642232765,0.03663080686470023,188,True
chapman_like,CN,AF,prior_correction,200,20,0.026791549894080714,0.023633718675858895,0.03958018747549025,188,True
chapman_like,CN,AF,temperature,200,20,0.0428325295492872,0.03924508286645334,0.05622255608806173,188,True
chapman_like,CN,AF,platt,200,20,0.026463677554647562,0.023893312770204452,0.04311763304518022,188,True
chapman_like,CN,AF,isotonic,200,20,0.02741834987901521,0.023179249237243068,0.04702130249628611,188,True
chapman_like,CN,AF,hybrid,200,20,0.02257522046256456,0.01963733679764481,0.033589754032201005,188,True
chapman_like,CN,AF,identity,400,20,0.03427424100139696,0.03463539112083178,0.0365741314697102,188,True
chapman_like,CN,AF,prior_correction,400,20,0.02263457715772661,0.022334321831499967,0.025794322404728082,188,True
chapman_like,CN,AF,temperature,400,20,0.04091090142784682,0.04049419390616874,0.049777637303440404,188,True
chapman_like,CN,AF,platt,400,20,0.02024506253239653,0.0189505877685738,0.030381520425191138,188,True
chapman_like,CN,AF,isotonic,400,20,0.021700966591035535,0.019821221895938566,0.031460959766276116,188,True
chapman_like,CN,AF,hybrid,400,20,0.019232612958806284,0.018877651860645744,0.028522345490482062,188,True
chapman_like,CN,AF,identity,800,20,0.03444906911295629,0.034269271265027705,0.03736518527745697,188,True
chapman_like,CN,AF,prior_correction,800,20,0.02387244022177917,0.023563520497416696,0.028574597365961466,188,True
chapman_like,CN,AF,temperature,800,20,0.04072193272275291,0.040124212506031244,0.04956244390522237,188,True
chapman_like,CN,AF,platt,800,20,0.019204044396835117,0.019100427838763423,0.027206138604966897,188,True
chapman_like,CN,AF,isotonic,800,20,0.01784799730952507,0.018407650310881547,0.027491442598526837,188,True
chapman_like,CN,AF,hybrid,800,20,0.018087102351577823,0.01828086243043931,0.025628764244938602,188,True
chapman_like,CN,IAVB,identity,0,1,0.06283644491682315,0.06283644491682315,0.06283644491682315,150,True
chapman_like,CN,IAVB,prior_correction,0,1,0.060024009603841535,0.060024009603841535,0.060024009603841535,150,True
chapman_like,CN,IAVB,temperature,0,20,0.06282239718066973,0.06283360044724484,0.06285378312561066,150,True
chapman_like,CN,IAVB,platt,0,20,0.06282239718066973,0.06283360044724484,0.06285378312561066,150,True
chapman_like,CN,IAVB,isotonic,0,20,0.06282239718066973,0.06283360044724484,0.06285378312561066,150,True
chapman_like,CN,IAVB,hybrid,0,20,0.06282239718066973,0.06283360044724484,0.06285378312561066,150,True
chapman_like,CN,IAVB,identity,25,20,0.06265856646675094,0.06265943358045306,0.06318981521623751,150,True
chapman_like,CN,IAVB,prior_correction,25,20,0.35874141304435475,0.2923666994987802,0.6476176734549067,150,True
chapman_like,CN,IAVB,temperature,25,20,0.07048116874671947,0.06360677651458894,0.09270720432850153,150,True
chapman_like,CN,IAVB,platt,25,20,0.05334742424745701,0.054821268861506046,0.07943296043158748,150,True
chapman_like,CN,IAVB,isotonic,25,20,0.05137583429301943,0.055019835687132826,0.09587795753392914,150,True
chapman_like,CN,IAVB,hybrid,25,20,0.3129637900250708,0.3121179322412089,0.5876074423278904,150,True
chapman_like,CN,IAVB,identity,50,20,0.0625806250339551,0.0627264276621137,0.06348781865438276,150,True
chapman_like,CN,IAVB,prior_correction,50,20,0.32281248470797025,0.31692382730584,0.4954319720652901,150,True
chapman_like,CN,IAVB,temperature,50,20,0.06179973181699526,0.05962522269628465,0.07422552697935474,150,True
chapman_like,CN,IAVB,platt,50,20,0.035338136829066905,0.03321926575315928,0.04807474708895457,150,True
chapman_like,CN,IAVB,isotonic,50,20,0.040557355253777724,0.043344996648200435,0.058615186853796894,150,True
chapman_like,CN,IAVB,hybrid,50,20,0.2789974757930789,0.3269428341577669,0.44380071423111733,150,True
chapman_like,CN,IAVB,identity,100,20,0.06272489347486783,0.06241322658654764,0.06419539574366132,150,True
chapman_like,CN,IAVB,prior_correction,100,20,0.27051922159372815,0.2383470973526061,0.4252847287518086,150,True
chapman_like,CN,IAVB,temperature,100,20,0.057164485053639316,0.05344634347098931,0.06723771632792601,150,True
chapman_like,CN,IAVB,platt,100,20,0.029461401842231873,0.027452958162999842,0.037236486598981836,150,True
chapman_like,CN,IAVB,isotonic,100,20,0.029936795990458433,0.02258339767282334,0.04855120694176232,150,True
chapman_like,CN,IAVB,hybrid,100,20,0.2540365081142102,0.2161925723249273,0.43885283560694044,150,True
chapman_like,CN,IAVB,identity,200,20,0.06281524612770864,0.06301918916268351,0.06452642838672842,150,True
chapman_like,CN,IAVB,prior_correction,200,20,0.21508114495447775,0.21610441937710573,0.2981331042348631,150,True
chapman_like,CN,IAVB,temperature,200,20,0.058009100596685036,0.05490878159173393,0.06706165262464658,150,True
chapman_like,CN,IAVB,platt,200,20,0.027547411904781223,0.028243601433668573,0.03227549630861694,150,True
chapman_like,CN,IAVB,isotonic,200,20,0.027392058326319736,0.02809178999367743,0.038653375921413255,150,True
chapman_like,CN,IAVB,hybrid,200,20,0.1965222330255569,0.17410242743052867,0.3154293907891191,150,True
chapman_like,CN,IAVB,identity,400,20,0.06322671355333628,0.06275831564911954,0.06717919303274002,150,True
chapman_like,CN,IAVB,prior_correction,400,20,0.18522111404810016,0.18772310213852145,0.2760418762126939,150,True
chapman_like,CN,IAVB,temperature,400,20,0.058251196617122206,0.05731711109003516,0.0659706080923344,150,True
chapman_like,CN,IAVB,platt,400,20,0.025818941179654775,0.025380377223238614,0.03252581729190649,150,True
chapman_like,CN,IAVB,isotonic,400,20,0.026372890468515865,0.025051712103450273,0.0356763321302949,150,True
chapman_like,CN,IAVB,hybrid,400,20,0.16230108574350416,0.1546214878228448,0.2597324330001892,150,True
chapman_like,CN,IAVB,identity,800,20,0.0629522242814291,0.0630126409284903,0.067084138231547,150,True
chapman_like,CN,IAVB,prior_correction,800,20,0.19773073591150775,0.2061707748697072,0.2587035695960514,150,True
chapman_like,CN,IAVB,temperature,800,20,0.056897784299828155,0.0575495142096681,0.06160841737979196,150,True
chapman_like,CN,IAVB,platt,800,20,0.02339336648577272,0.023052576846573063,0.028052934627562708,150,True
chapman_like,CN,IAVB,isotonic,800,20,0.017391727170031224,0.01761637717576752,0.022370212631156676,150,True
chapman_like,CN,IAVB,hybrid,800,20,0.1697976559942569,0.1698967535326223,0.24648205752845526,150,True
chapman_like,CN,RBBB,identity,0,1,0.18614406028407837,0.18614406028407837,0.18614406028407837,182,True
chapman_like,CN,RBBB,prior_correction,0,1,0.21526369964870737,0.21526369964870737,0.21526369964870737,182,True
chapman_like,CN,RBBB,temperature,0,20,0.18610930946107132,0.18614757569634624,0.1862279086008572,182,True
chapman_like,CN,RBBB,platt,0,20,0.18610930946107132,0.18614757569634624,0.1862279086008572,182,True
chapman_like,CN,RBBB,isotonic,0,20,0.18610930946107132,0.18614757569634624,0.1862279086008572,182,True
chapman_like,CN,RBBB,hybrid,0,20,0.18610930946107132,0.18614757569634624,0.1862279086008572,182,True
chapman_like,CN,RBBB,identity,25,20,0.1859980139511589,0.18603590656145894,0.18697206558430543,182,True
chapman_like,CN,RBBB,prior_correction,25,20,0.3518346519145976,0.3505894448378736,0.4134287580826942,182,True
chapman_like,CN,RBBB,temperature,25,20,0.21783024927649025,0.21677483056177874,0.25674162962732566,182,True
chapman_like,CN,RBBB,platt,25,20,0.06385996027855564,0.029183571826114918,0.18586463035487863,182,True
chapman_like,CN,RBBB,isotonic,25,20,0.044197952198740384,0.041396766768892826,0.07397809229163917,182,True
chapman_like,CN,RBBB,hybrid,25,20,0.3898670549664612,0.40040110325911715,0.45615272384897815,182,True
chapman_like,CN,RBBB,identity,50,20,0.1860209396201812,0.18589868712274565,0.18689733519084428,182,True
chapman_like,CN,RBBB,prior_correction,50,20,0.35524369284499074,0.3508091450483429,0.3948471372262192,182,True
chapman_like,CN,RBBB,temperature,50,20,0.22798758500346444,0.2295342919861581,0.24928922584061622,182,True
chapman_like,CN,RBBB,platt,50,20,0.01903882757952737,0.019774582432395313,0.02964550476663833,182,True
chapman_like,CN,RBBB,isotonic,50,20,0.022323072291774066,0.01965703005706467,0.04211712156759924,182,True
chapman_like,CN,RBBB,hybrid,50,20,0.4087068177804974,0.40371432834621046,0.4532474923075337,182,True
chapman_like,CN,RBBB,identity,100,20,0.1860922223575638,0.18596164866428055,0.18731801003382495,182,True
chapman_like,CN,RBBB,prior_correction,100,20,0.3535517526504826,0.3577935869390777,0.3679607530899222,182,True
chapman_like,CN,RBBB,temperature,100,20,0.22525371171056113,0.2249227688751901,0.24278478043950763,182,True
chapman_like,CN,RBBB,platt,100,20,0.03386458569112845,0.011958146811696673,0.0539075988544703,182,True
chapman_like,CN,RBBB,isotonic,100,20,0.015326046185785328,0.014938722781858047,0.030402030411216075,182,True
chapman_like,CN,RBBB,hybrid,100,20,0.40706922210509333,0.41319591812511947,0.4216275369116471,182,True
chapman_like,CN,RBBB,identity,200,20,0.1858358812148543,0.18625467955192307,0.18777521076282302,182,True
chapman_like,CN,RBBB,prior_correction,200,20,0.35363975373607937,0.3522682310156361,0.36925769025975763,182,True
chapman_like,CN,RBBB,temperature,200,20,0.22716287939682597,0.2242096395784529,0.24378444216634684,182,True
chapman_like,CN,RBBB,platt,200,20,0.020336130313947355,0.008865283420945114,0.021851110879480887,182,True
chapman_like,CN,RBBB,isotonic,200,20,0.011382063061183192,0.010145939449581334,0.019051202108404417,182,True
chapman_like,CN,RBBB,hybrid,200,20,0.4088206590189946,0.40805865375231765,0.4254292075799192,182,True
chapman_like,CN,RBBB,identity,400,20,0.18561252879231363,0.18580015522969087,0.18896382814280444,182,True
chapman_like,CN,RBBB,prior_correction,400,20,0.35447125028442533,0.3551737706486576,0.3615125832071373,182,True
chapman_like,CN,RBBB,temperature,400,20,0.22684819883644147,0.2270716046739731,0.23365616307144274,182,True
chapman_like,CN,RBBB,platt,400,20,0.018865753325227767,0.007459595735211643,0.016343782092533097,182,True
chapman_like,CN,RBBB,isotonic,400,20,0.00906035171225585,0.008209391053754683,0.014628129922345176,182,True
chapman_like,CN,RBBB,hybrid,400,20,0.4098447234340724,0.41053103280798864,0.4173920471506351,182,True
chapman_like,CN,RBBB,identity,800,20,0.18558516145480325,0.18516842938166717,0.19153690889304784,182,True
chapman_like,CN,RBBB,prior_correction,800,20,0.3540685536711227,0.35358390682779295,0.35749422010379517,182,True
chapman_like,CN,RBBB,temperature,800,20,0.22715272209968798,0.22695384443337924,0.23180342935185683,182,True
chapman_like,CN,RBBB,platt,800,20,0.006935311228533978,0.006388492282363524,0.010594572639066322,182,True
chapman_like,CN,RBBB,isotonic,800,20,0.008153231439293963,0.007649007064989174,0.01322977139964389,182,True
chapman_like,CN,RBBB,hybrid,800,20,0.40997115063335643,0.40911121088963887,0.41806743357343235,182,True
chapman_like,CN,LBBB,identity,0,1,0.0067716709189577975,0.0067716709189577975,0.0067716709189577975,39,True
chapman_like,CN,LBBB,prior_correction,0,1,0.015606242496998799,0.015606242496998799,0.015606242496998799,39,True
chapman_like,CN,LBBB,temperature,0,20,0.006773569591106752,0.0067716709189577975,0.0067773662822584405,39,True
chapman_like,CN,LBBB,platt,0,20,0.006773569591106752,0.0067716709189577975,0.0067773662822584405,39,True
chapman_like,CN,LBBB,isotonic,0,20,0.006773569591106752,0.0067716709189577975,0.0067773662822584405,39,True
chapman_like,CN,LBBB,hybrid,0,20,0.006773569591106752,0.0067716709189577975,0.0067773662822584405,39,True
chapman_like,CN,LBBB,identity,25,20,0.0067360013476301705,0.006831841252454217,0.006837335656268925,39,True
chapman_like,CN,LBBB,prior_correction,25,20,0.014229249105477858,0.015744852644327817,0.01575757575757576,39,True
chapman_like,CN,LBBB,temperature,25,20,0.006317518857332982,0.006832312274472605,0.006843854738754987,39,True
chapman_like,CN,LBBB,platt,25,20,0.006274275093375493,0.006833620008830802,0.006906573645082371,39,True
chapman_like,CN,LBBB,isotonic,25,20,0.012324012796739659,0.015744852644327817,0.01575757575757576,39,True
chapman_like,CN,LBBB,hybrid,25,20,0.01551383597436141,0.015750211631663975,0.02464645969757014,39,True
chapman_like,CN,LBBB,identity,50,20,0.006802092258167564,0.006904304376110629,0.006907132492346607,39,True
chapman_like,CN,LBBB,prior_correction,50,20,0.013986038186554509,0.015711038393325508,0.015918367346938776,39,True
chapman_like,CN,LBBB,temperature,50,20,0.00619630357796779,0.006906151512456444,0.006984018051470809,39,True
chapman_like,CN,LBBB,platt,50,20,0.005925828267305195,0.006906150747447191,0.006979006371736912,39,True
chapman_like,CN,LBBB,isotonic,50,20,0.010636948844476687,0.011433385897781943,0.015918367346938776,39,True
chapman_like,CN,LBBB,hybrid,50,20,0.012743576782705449,0.01591087270501836,0.015917367346938775,39,True
chapman_like,CN,LBBB,identity,100,20,0.006864963708372779,0.007012433902915012,0.007051036437425375,39,True
chapman_like,CN,LBBB,prior_correction,100,20,0.015621400990933431,0.01581356637536413,0.01625,39,True
chapman_like,CN,LBBB,temperature,100,20,0.006272842666690062,0.007050492047891507,0.007134289500389492,39,True
chapman_like,CN,LBBB,platt,100,20,0.006022121117041682,0.007050092211326296,0.0071322939276646635,39,True
chapman_like,CN,LBBB,isotonic,100,20,0.008339305777247803,0.006796804748172976,0.01625,39,True
chapman_like,CN,LBBB,hybrid,100,20,0.010976496816851904,0.015000002390597856,0.016249,39,True
chapman_like,CN,LBBB,identity,200,20,0.006987039532433026,0.0069555599668297136,0.007357143631856574,39,True
chapman_like,CN,LBBB,prior_correction,200,20,0.01577917977584699,0.01565217391304348,0.0165152769117397,39,True
chapman_like,CN,LBBB,temperature,200,20,0.006387458688623729,0.006496844986895831,0.0074396867674612005,39,True
chapman_like,CN,LBBB,platt,200,20,0.003972470243717992,0.0036054454378559994,0.007435634521559262,39,True
chapman_like,CN,LBBB,isotonic,200,20,0.005365202357644265,0.004891729809873071,0.007355695191735349,39,True
chapman_like,CN,LBBB,hybrid,200,20,0.0067905759611939205,0.0060869651354612826,0.011492649974186784,39,True
chapman_like,CN,LBBB,identity,400,20,0.007097564926446448,0.0071891649863937545,0.007566575949451829,39,True
chapman_like,CN,LBBB,prior_correction,400,20,0.016020297578855622,0.015948527911878698,0.017142857142857144,39,True
chapman_like,CN,LBBB,temperature,400,20,0.005979513075864004,0.0061666816127429695,0.007217905661169533,39,True
chapman_like,CN,LBBB,platt,400,20,0.0024974928031831654,0.0017258727528648718,0.005358275274203096,39,True
chapman_like,CN,LBBB,isotonic,400,20,0.0033200173324212275,0.003311067883602324,0.005664396853462038,39,True
chapman_like,CN,LBBB,hybrid,400,20,0.0059454077565301005,0.006666675280430778,0.009642857026700875,39,True
chapman_like,CN,LBBB,identity,800,20,0.007208011383455215,0.007223519236960145,0.008589317230882272,39,True
chapman_like,CN,LBBB,prior_correction,800,20,0.016376030691254956,0.016441596369911785,0.018813569872393403,39,True
chapman_like,CN,LBBB,temperature,800,20,0.005714047409464642,0.006052717691116519,0.007954410491794676,39,True
chapman_like,CN,LBBB,platt,800,20,0.002413353942705592,0.0022146727975288997,0.00460575297263723,39,True
chapman_like,CN,LBBB,isotonic,800,20,0.00256885780804541,0.0021064924486450236,0.0047221623251510565,39,True
chapman_like,CN,LBBB,hybrid,800,20,0.004024639445199824,0.002794116967718434,0.010053695838207602,39,True
chapman_like,CN,SB,identity,0,1,0.04171285578902411,0.04171285578902411,0.04171285578902411,432,True
chapman_like,CN,SB,prior_correction,0,1,0.17286914765906364,0.17286914765906364,0.17286914765906364,432,True
chapman_like,CN,SB,temperature,0,20,0.041704832318872384,0.04171285174001579,0.04184008623339858,432,True
chapman_like,CN,SB,platt,0,20,0.041704832318872384,0.04171285174001579,0.04184008623339858,432,True
chapman_like,CN,SB,isotonic,0,20,0.041704832318872384,0.04171285174001579,0.04184008623339858,432,True
chapman_like,CN,SB,hybrid,0,20,0.041704832318872384,0.04171285174001579,0.04184008623339858,432,True
chapman_like,CN,SB,identity,25,20,0.0416910663463566,0.04175674310657558,0.042413696835924004,432,True
chapman_like,CN,SB,prior_correction,25,20,0.04013737534268722,0.027372995997948603,0.05637457787906279,432,True
chapman_like,CN,SB,temperature,25,20,0.05510662901497841,0.04715714507582885,0.0829922864727538,432,True
chapman_like,CN,SB,platt,25,20,0.06594903244548937,0.07230294877947863,0.10154742587018993,432,True
chapman_like,CN,SB,isotonic,25,20,0.05301706760689197,0.05141922643561216,0.0880936391714441,432,True
chapman_like,CN,SB,hybrid,25,20,0.04732690667207623,0.04273782770361374,0.07739847872526097,432,True
chapman_like,CN,SB,identity,50,20,0.04180232414856302,0.04196194412563912,0.042435942600723975,432,True
chapman_like,CN,SB,prior_correction,50,20,0.028571274950944896,0.026214589846349147,0.04037242589213984,432,True
chapman_like,CN,SB,temperature,50,20,0.04770015912787574,0.04315886370040463,0.06163792110612857,432,True
chapman_like,CN,SB,platt,50,20,0.04048915717137789,0.038117786830009215,0.06738966006313914,432,True
chapman_like,CN,SB,isotonic,50,20,0.03701373047955051,0.03656687671734467,0.055755504484170076,432,True
chapman_like,CN,SB,hybrid,50,20,0.035503730487697595,0.02993942271532913,0.060309185215282085,432,True
chapman_like,CN,SB,identity,100,20,0.041942245758865605,0.041863700849158345,0.04298043556174642,432,True
chapman_like,CN,SB,prior_correction,100,20,0.02737310594740347,0.026093288033378167,0.032115302915630806,432,True
chapman_like,CN,SB,temperature,100,20,0.04445751048401549,0.04242028200673621,0.04747030896545499,432,True
chapman_like,CN,SB,platt,100,20,0.03348540977164628,0.03339515423155928,0.04802326652563267,432,True
chapman_like,CN,SB,isotonic,100,20,0.0343439722706301,0.0350486077675569,0.04799484501090764,432,True
chapman_like,CN,SB,hybrid,100,20,0.03175724262118913,0.030766529483402846,0.045210819092640665,432,True
chapman_like,CN,SB,identity,200,20,0.041781578149952266,0.04174199070345867,0.04305034384552196,432,True
chapman_like,CN,SB,prior_correction,200,20,0.026952778281326546,0.026450376800419263,0.03436683225721472,432,True
chapman_like,CN,SB,temperature,200,20,0.04259968201800227,0.04202032454781539,0.045280256058451616,432,True
chapman_like,CN,SB,platt,200,20,0.02510625144943484,0.022468057754751834,0.03429836632768411,432,True
chapman_like,CN,SB,isotonic,200,20,0.024569936197682208,0.02172517398382658,0.03648442799350418,432,True
chapman_like,CN,SB,hybrid,200,20,0.02738559777906538,0.025346585659237267,0.0399321608703007,432,True
chapman_like,CN,SB,identity,400,20,0.04236068192093081,0.04203435870210241,0.04467260019729604,432,True
chapman_like,CN,SB,prior_correction,400,20,0.027410418193958036,0.027892246376639514,0.03241232365012016,432,True
chapman_like,CN,SB,temperature,400,20,0.042421876446192365,0.042501200016716145,0.04468412255421264,432,True
chapman_like,CN,SB,platt,400,20,0.023254149692065313,0.021989346106405933,0.02831055488260941,432,True
chapman_like,CN,SB,isotonic,400,20,0.022873960803903155,0.02195915378099222,0.03268216818030345,432,True
chapman_like,CN,SB,hybrid,400,20,0.02381963442018667,0.02302428822697305,0.031123558579281202,432,True
chapman_like,CN,SB,identity,800,20,0.0428105327947039,0.042756748332528946,0.04701082418921096,432,True
chapman_like,CN,SB,prior_correction,800,20,0.0282361177225267,0.02859903663946186,0.030546974473464158,432,True
chapman_like,CN,SB,temperature,800,20,0.04227779252811027,0.04209368006162794,0.04628782490608576,432,True
chapman_like,CN,SB,platt,800,20,0.021689891940265594,0.021448724284060448,0.025215854773698542,432,True
chapman_like,CN,SB,isotonic,800,20,0.018355515167839155,0.018153100793468165,0.022627304885316588,432,True
chapman_like,CN,SB,hybrid,800,20,0.022882635046212865,0.02341268971159654,0.02663885709203302,432,True
chapman_like,CN,STACH,identity,0,1,0.00944389991990777,0.00944389991990777,0.00944389991990777,140,True
chapman_like,CN,STACH,prior_correction,0,1,0.056022408963585436,0.056022408963585436,0.056022408963585436,140,True
chapman_like,CN,STACH,temperature,0,20,0.009440417392968798,0.009444766892072309,0.009452554151246571,140,True
chapman_like,CN,STACH,platt,0,20,0.009440417392968798,0.009444766892072309,0.009452554151246571,140,True
chapman_like,CN,STACH,isotonic,0,20,0.009440417392968798,0.009444766892072309,0.009452554151246571,140,True
chapman_like,CN,STACH,hybrid,0,20,0.009440417392968798,0.009444766892072309,0.009452554151246571,140,True
chapman_like,CN,STACH,identity,25,20,0.009432217506349776,0.00946072824559163,0.009576400112711507,140,True
chapman_like,CN,STACH,prior_correction,25,20,0.02620997448781081,0.014581235113997507,0.05656565656565657,140,True
chapman_like,CN,STACH,temperature,25,20,0.009997281871810107,0.009858408825580783,0.01123980971504108,140,True
chapman_like,CN,STACH,platt,25,20,0.012165315419000813,0.010272711451239648,0.01311645914595448,140,True
chapman_like,CN,STACH,isotonic,25,20,0.026650242229065185,0.010229871066541971,0.05656565656565657,140,True
chapman_like,CN,STACH,hybrid,25,20,0.027891658371431576,0.015304375563523574,0.05656465656565657,140,True
chapman_like,CN,STACH,identity,50,20,0.009388296403734437,0.009444792509724832,0.009790170631134578,140,True
chapman_like,CN,STACH,prior_correction,50,20,0.026274350319729533,0.014272944868153368,0.05714285714285714,140,True
chapman_like,CN,STACH,temperature,50,20,0.010385150569591859,0.010631532506995361,0.011974631341032825,140,True
chapman_like,CN,STACH,platt,50,20,0.015604154580269647,0.01155489417824144,0.033512426860761134,140,True
chapman_like,CN,STACH,isotonic,50,20,0.019888174489242502,0.008724597018363915,0.05714285714285714,140,True
chapman_like,CN,STACH,hybrid,50,20,0.022272268445425732,0.01830042262289195,0.05714185714285714,140,True
chapman_like,CN,STACH,identity,100,20,0.009448359022994847,0.009528115876308738,0.010020389255446476,140,True
chapman_like,CN,STACH,prior_correction,100,20,0.015553903707338307,0.007015165240444874,0.03101519468556985,140,True
chapman_like,CN,STACH,temperature,100,20,0.00917558813010531,0.009392850515853573,0.012529713295597822,140,True
chapman_like,CN,STACH,platt,100,20,0.017971069944558903,0.014304372055339003,0.03112898789659254,140,True
chapman_like,CN,STACH,isotonic,100,20,0.019798033571468525,0.016775936724046377,0.03431353660498561,140,True
chapman_like,CN,STACH,hybrid,100,20,0.015683728346978062,0.011801354311839311,0.02745138062524076,140,True
chapman_like,CN,STACH,identity,200,20,0.009191987329108586,0.009168610358129837,0.009995638592070609,140,True
chapman_like,CN,STACH,prior_correction,200,20,0.012386502446166172,0.00815308189095153,0.02002557266805675,140,True
chapman_like,CN,STACH,temperature,200,20,0.007609213914941711,0.007338231270127999,0.009577396874013969,140,True
chapman_like,CN,STACH,platt,200,20,0.009834923028953172,0.007763266292601167,0.017413034421230742,140,True
chapman_like,CN,STACH,isotonic,200,20,0.009450863351690627,0.008815257460959125,0.017881451624860017,140,True
chapman_like,CN,STACH,hybrid,200,20,0.011831172134936865,0.009182050690202476,0.01973961866696054,140,True
chapman_like,CN,STACH,identity,400,20,0.009442896576363675,0.009376040204757435,0.010845935398140433,140,True
chapman_like,CN,STACH,prior_correction,400,20,0.007438991022480688,0.00650726976455219,0.009624583052294713,140,True
chapman_like,CN,STACH,temperature,400,20,0.00703686703832878,0.0072335360751752485,0.008764284109590919,140,True
chapman_like,CN,STACH,platt,400,20,0.007048793355805841,0.006022126453660165,0.013286742003586356,140,True
chapman_like,CN,STACH,isotonic,400,20,0.00683442721101378,0.006210918836498964,0.012047293349945858,140,True
chapman_like,CN,STACH,hybrid,400,20,0.0068612199406801,0.006180085204698572,0.00987444908471512,140,True
chapman_like,CN,STACH,identity,800,20,0.009361852485254455,0.009553695018282033,0.011540492750864535,140,True
chapman_like,CN,STACH,prior_correction,800,20,0.006570684495958141,0.005785772846262172,0.00919958309624531,140,True
chapman_like,CN,STACH,temperature,800,20,0.007081770984375331,0.007194813144733499,0.008809664529015432,140,True
chapman_like,CN,STACH,platt,800,20,0.005940840029869529,0.005823322337703912,0.00843037727194498,140,True
chapman_like,CN,STACH,isotonic,800,20,0.0062408563856303865,0.00689716688123573,0.009610535646697973,140,True
chapman_like,CN,STACH,hybrid,800,20,0.006326338585538294,0.005252357530480477,0.009241205717280451,140,True
code15_like,BR,AF,identity,0,1,0.4219381288587066,0.4219381288587066,0.4219381288587066,37,True
code15_like,BR,AF,prior_correction,0,1,0.9855884707766213,0.9855884707766213,0.9855884707766213,37,True
code15_like,BR,AF,temperature,0,20,0.4218920680341249,0.4219371819065352,0.42206577700837405,37,True
code15_like,BR,AF,platt,0,20,0.4218920680341249,0.4219371819065352,0.42206577700837405,37,True
code15_like,BR,AF,isotonic,0,20,0.4218920680341249,0.4219371819065352,0.42206577700837405,37,True
code15_like,BR,AF,hybrid,0,20,0.4218920680341249,0.4219371819065352,0.42206577700837405,37,True
code15_like,BR,AF,identity,25,20,0.42201584217674604,0.42193067618028823,0.42300647211670206,37,True
code15_like,BR,AF,prior_correction,25,20,0.7407076940769403,0.7477391611768744,0.7955091100019706,37,True
code15_like,BR,AF,temperature,25,20,0.4376638250603163,0.4285554847224995,0.45792520978783524,37,True
code15_like,BR,AF,platt,25,20,0.23312220094244718,0.25500220203127555,0.4219279209135932,37,True
code15_like,BR,AF,isotonic,25,20,0.026237286786584567,0.01494949494949495,0.05245955548373768,37,True
code15_like,BR,AF,hybrid,25,20,0.6235668371560674,0.5466775025476898,0.7864171337864393,37,True
code15_like,BR,AF,identity,50,20,0.42215732398489114,0.42216705098762264,0.42330674757533066,37,True
code15_like,BR,AF,prior_correction,50,20,0.733432505817166,0.7353442839267532,0.7743052893523278,37,True
code15_like,BR,AF,temperature,50,20,0.4399389635445477,0.4414437310434548,0.46482894618769455,37,True
code15_like,BR,AF,platt,50,20,0.22650191254340393,0.24249642669359212,0.4231503692857492,37,True
code15_like,BR,AF,isotonic,50,20,0.018345016828284162,0.015102040816326531,0.04198742587701308,37,True
code15_like,BR,AF,hybrid,50,20,0.6089519242856377,0.5139455839405971,0.7623191686125462,37,True
code15_like,BR,AF,identity,100,20,0.4221863020672111,0.4217712545944027,0.4239334954550388,37,True
code15_like,BR,AF,prior_correction,100,20,0.7368178830272457,0.7344488130184255,0.7701867872276513,37,True
code15_like,BR,AF,temperature,100,20,0.45273483617704774,0.45632393935451987,0.4652537289231649,37,True
code15_like,BR,AF,platt,100,20,0.07516325793020703,0.0123029866976344,0.4215429438031665,37,True
code15_like,BR,AF,isotonic,100,20,0.009273697722513019,0.007157791030006562,0.017525997625055082,37,True
code15_like,BR,AF,hybrid,100,20,0.5421027013528326,0.5108544462174214,0.717319871667363,37,True
code15_like,BR,AF,identity,200,20,0.42171019084364847,0.4216468388568021,0.4236869235960056,37,True
code15_like,BR,AF,prior_correction,200,20,0.7442472529690161,0.7406764487736284,0.7649362984461042,37,True
code15_like,BR,AF,temperature,200,20,0.4576255130897291,0.4570518406207279,0.4655414885489467,37,True
code15_like,BR,AF,platt,200,20,0.030407581878392403,0.008190901393953526,0.021743538349719677,37,True
code15_like,BR,AF,isotonic,200,20,0.00795664440169841,0.006221218542962294,0.016526332401641922,37,True
code15_like,BR,AF,hybrid,200,20,0.520903606155546,0.5096421874505417,0.5132877144412461,37,True
code15_like,BR,AF,identity,400,20,0.421872775043456,0.4208574381951093,0.4264354790089847,37,True
code15_like,BR,AF,prior_correction,400,20,0.743036376202551,0.7435620545660133,0.7526641142476168,37,True
code15_like,BR,AF,temperature,400,20,0.45883807043737407,0.45758759414999317,0.46295602503206407,37,True
code15_like,BR,AF,platt,400,20,0.008866412444957875,0.00853831553386834,0.011233108331328914,37,True
code15_like,BR,AF,isotonic,400,20,0.007923314682225516,0.007389429405000166,0.011655474657314611,37,True
code15_like,BR,AF,hybrid,400,20,0.5100101227524573,0.5099865851554732,0.5116480330451251,37,True
code15_like,BR,AF,identity,800,20,0.4204887962300304,0.42043470792720483,0.42478483223335484,37,True
code15_like,BR,AF,prior_correction,800,20,0.7457538524711007,0.7451903801122497,0.7521879260180133,37,True
code15_like,BR,AF,temperature,800,20,0.45952355930688427,0.45945313811770466,0.46131672695883397,37,True
code15_like,BR,AF,platt,800,20,0.03020696378957638,0.007617476524407958,0.010446492369951127,37,True
code15_like,BR,AF,isotonic,800,20,0.005752199075141196,0.00606330218487547,0.009510612968319785,37,True
code15_like,BR,AF,hybrid,800,20,0.510969373318684,0.5109738513703008,0.5119882794015491,37,True
code15_like,BR,IAVB,identity,0,1,0.11567309139422853,0.11567309139422853,0.11567309139422853,50,True
code15_like,BR,IAVB,prior_correction,0,1,0.020016012810248198,0.020016012810248198,0.020016012810248198,50,True
code15_like,BR,IAVB,temperature,0,20,0.11560954939924287,0.11561692288592755,0.11567350265548118,50,True
code15_like,BR,IAVB,platt,0,20,0.11560954939924287,0.11561692288592755,0.11567350265548118,50,True
code15_like,BR,IAVB,isotonic,0,20,0.11560954939924287,0.11561692288592755,0.11567350265548118,50,True
code15_like,BR,IAVB,hybrid,0,20,0.11560954939924287,0.11561692288592755,0.11567350265548118,50,True
code15_like,BR,IAVB,identity,25,20,0.11553030339419165,0.11547681841306479,0.11590338228314286,50,True
code15_like,BR,IAVB,prior_correction,25,20,0.4879114504319816,0.5213347038136641,0.8740528273456512,50,True
code15_like,BR,IAVB,temperature,25,20,0.10973030384031782,0.11543884835440982,0.11572106493263117,50,True
code15_like,BR,IAVB,platt,25,20,0.1038542246171305,0.11543884835440982,0.11572106493263117,50,True
code15_like,BR,IAVB,isotonic,25,20,0.021740357833985126,0.020202020202020204,0.022154543081655754,50,True
code15_like,BR,IAVB,hybrid,25,20,0.45384953337517586,0.4803882784394737,0.8040207196805644,50,True
code15_like,BR,IAVB,identity,50,20,0.11559869107003402,0.1155418626521438,0.11627794406091908,50,True
code15_like,BR,IAVB,prior_correction,50,20,0.5861687023437069,0.5333339320900914,0.8173437383820791,50,True
code15_like,BR,IAVB,temperature,50,20,0.08373244643957922,0.08287678567954682,0.11549764220404177,50,True
code15_like,BR,IAVB,platt,50,20,0.0622490064013181,0.041665906403136686,0.11549764220404177,50,True
code15_like,BR,IAVB,isotonic,50,20,0.02237377034600762,0.02040816326530612,0.04021927856818725,50,True
code15_like,BR,IAVB,hybrid,50,20,0.5040831382787625,0.48327960462535013,0.6992106502919565,50,True
code15_like,BR,IAVB,identity,100,20,0.11547532534214314,0.11544041669170885,0.1164623638029725,50,True
code15_like,BR,IAVB,prior_correction,100,20,0.6246446262920415,0.6023217521988091,0.821739099845392,50,True
code15_like,BR,IAVB,temperature,100,20,0.05707570636920316,0.04623437478600301,0.08550797024387026,50,True
code15_like,BR,IAVB,platt,100,20,0.026622604405500776,0.014898125290175215,0.04050737532405974,50,True
code15_like,BR,IAVB,isotonic,100,20,0.018475099344210467,0.018810381234036243,0.027613035786297594,50,True
code15_like,BR,IAVB,hybrid,100,20,0.48954180338045994,0.4879038462774198,0.5093431024224556,50,True
code15_like,BR,IAVB,identity,200,20,0.11534398167736415,0.1154970821294315,0.11634446054796074,50,True
code15_like,BR,IAVB,prior_correction,200,20,0.6123784934109665,0.592811490389469,0.7374848902814144,50,True
code15_like,BR,IAVB,temperature,200,20,0.0469471579846248,0.04467747845683369,0.06024562254327888,50,True
code15_like,BR,IAVB,platt,200,20,0.012449664172420697,0.011837049958120214,0.01718251875084786,50,True
code15_like,BR,IAVB,isotonic,200,20,0.014048096556220769,0.014366243946346113,0.020437132340825375,50,True
code15_like,BR,IAVB,hybrid,200,20,0.4804353398853948,0.4870058833230071,0.4967083227900588,50,True
code15_like,BR,IAVB,identity,400,20,0.11505672985307128,0.11529435549106677,0.11672780020759511,50,True
code15_like,BR,IAVB,prior_correction,400,20,0.5891315574937687,0.6033074489227535,0.6703773224427391,50,True
code15_like,BR,IAVB,temperature,400,20,0.046432435483019834,0.04645796846620569,0.05165042859165616,50,True
code15_like,BR,IAVB,platt,400,20,0.010834554044501689,0.010043356281868625,0.014211878270494369,50,True
code15_like,BR,IAVB,isotonic,400,20,0.009835819050494523,0.010633021546984284,0.014205382997499393,50,True
code15_like,BR,IAVB,hybrid,400,20,0.4863078326319871,0.48628706435382696,0.49174742558911894,50,True
code15_like,BR,IAVB,identity,800,20,0.1147637597841726,0.1140626692519249,0.11820225297523133,50,True
code15_like,BR,IAVB,prior_correction,800,20,0.5836499891157308,0.5757400663107088,0.6260786968793925,50,True
code15_like,BR,IAVB,temperature,800,20,0.04677511768525236,0.046609863158128956,0.04971937603820086,50,True
code15_like,BR,IAVB,platt,800,20,0.011686346990529664,0.011783232647069887,0.014440594395149848,50,True
code15_like,BR,IAVB,isotonic,800,20,0.01010980762407914,0.009926518692125439,0.014162514403966197,50,True
code15_like,BR,IAVB,hybrid,800,20,0.4856044964818774,0.48577276980123973,0.48756310063926317,50,True
code15_like,BR,RBBB,identity,0,1,0.013999101744337085,0.013999101744337085,0.013999101744337085,65,True
code15_like,BR,RBBB,prior_correction,0,1,0.02602081665332266,0.02602081665332266,0.02602081665332266,65,True
code15_like,BR,RBBB,temperature,0,20,0.013996575138947651,0.013993500056073816,0.014000223258592789,65,True
code15_like,BR,RBBB,platt,0,20,0.013996575138947651,0.013993500056073816,0.014000223258592789,65,True
code15_like,BR,RBBB,isotonic,0,20,0.013996575138947651,0.013993500056073816,0.014000223258592789,65,True
code15_like,BR,RBBB,hybrid,0,20,0.013996575138947651,0.013993500056073816,0.014000223258592789,65,True
code15_like,BR,RBBB,identity,25,20,0.01399200835729334,0.014119361966141308,0.014130044454737294,65,True
code15_like,BR,RBBB,prior_correction,25,20,0.02314579002456664,0.026050003466232777,0.026262626262626262,65,True
code15_like,BR,RBBB,temperature,25,20,0.015138471946142124,0.014130372736389698,0.016359620406827678,65,True
code15_like,BR,RBBB,platt,25,20,0.01633557567779104,0.014130240209698393,0.027222751095852614,65,True
code15_like,BR,RBBB,isotonic,25,20,0.01765516305080654,0.02624142107387969,0.026262626262626262,65,True
code15_like,BR,RBBB,hybrid,25,20,0.0217963318247411,0.02624042107387969,0.02626162626262626,65,True
code15_like,BR,RBBB,identity,50,20,0.014017944131803137,0.014028515422376008,0.014278967400324584,65,True
code15_like,BR,RBBB,prior_correction,50,20,0.02289872696322791,0.02589714789823467,0.026530612244897958,65,True
code15_like,BR,RBBB,temperature,50,20,0.01467768445332485,0.01427571302309967,0.016353740739901285,65,True
code15_like,BR,RBBB,platt,50,20,0.011881860494962752,0.01427493908673452,0.01612035327317431,65,True
code15_like,BR,RBBB,isotonic,50,20,0.01459198008503429,0.013964212507317973,0.026530612244897958,65,True
code15_like,BR,RBBB,hybrid,50,20,0.019074254412075057,0.020420015720247743,0.026529612244897957,65,True
code15_like,BR,RBBB,identity,100,20,0.014041617458480005,0.014175328407852739,0.014508792375871268,65,True
code15_like,BR,RBBB,prior_correction,100,20,0.022267653438646954,0.020844718204184813,0.02670607826810991,65,True
code15_like,BR,RBBB,temperature,100,20,0.014212558605635922,0.014263983509533996,0.014869069250006672,65,True
code15_like,BR,RBBB,platt,100,20,0.0077171677704945514,0.007583294526879765,0.014611508246955139,65,True
code15_like,BR,RBBB,isotonic,100,20,0.007818621388824878,0.005361954728772019,0.014623389507592236,65,True
code15_like,BR,RBBB,hybrid,100,20,0.019916131532545046,0.019528352446824042,0.027035856160682475,65,True
code15_like,BR,RBBB,identity,200,20,0.014122479066924936,0.014109901000868095,0.014831946022549667,65,True
code15_like,BR,RBBB,prior_correction,200,20,0.023022539472285868,0.022311758948499835,0.02697892192044725,65,True
code15_like,BR,RBBB,temperature,200,20,0.013987817161151906,0.013922520522592487,0.014743391343602625,65,True
code15_like,BR,RBBB,platt,200,20,0.005753602985921243,0.005787236661745271,0.010361945774665588,65,True
code15_like,BR,RBBB,isotonic,200,20,0.0058909400937578035,0.005856330842680795,0.009465862491525376,65,True
code15_like,BR,RBBB,hybrid,200,20,0.017081888537667553,0.018644531233851264,0.02206888873430956,65,True
code15_like,BR,RBBB,identity,400,20,0.014092213657584946,0.014075375285698556,0.015235906744985352,65,True
code15_like,BR,RBBB,prior_correction,400,20,0.02233454296807085,0.022124773271230552,0.026711703139866795,65,True
code15_like,BR,RBBB,temperature,400,20,0.01385085843683551,0.014075356783732349,0.014578239452784964,65,True
code15_like,BR,RBBB,platt,400,20,0.004606708158556275,0.0037260234607984746,0.008562578663376069,65,True
code15_like,BR,RBBB,isotonic,400,20,0.0036068099592726248,0.0029398616042104336,0.007280548904824134,65,True
code15_like,BR,RBBB,hybrid,400,20,0.01891905092166786,0.020606894502668862,0.024677173337446914,65,True
code15_like,BR,RBBB,identity,800,20,0.014233562575815553,0.014204914972595614,0.015793700569844197,65,True
code15_like,BR,RBBB,prior_correction,800,20,0.022488804219999083,0.022194907266711757,0.025563836956285207,65,True
code15_like,BR,RBBB,temperature,800,20,0.01390160345329238,0.013782227302831995,0.015066500086866899,65,True
code15_like,BR,RBBB,platt,800,20,0.0037879260164698446,0.004237963369970994,0.006115857605892597,65,True
code15_like,BR,RBBB,isotonic,800,20,0.0032660775911922775,0.0024125035658607488,0.0068890212057202355,65,True
code15_like,BR,RBBB,hybrid,800,20,0.020616868127501426,0.0218570886621618,0.024584731943812745,65,True
code15_like,BR,LBBB,identity,0,1,0.010210895394788541,0.010210895394788541,0.010210895394788541,19,False
code15_like,BR,LBBB,prior_correction,0,1,0.10106399495699361,0.10106399495699361,0.10106399495699361,19,False
code15_like,BR,LBBB,temperature,0,20,0.010197427654539631,0.01020724527516993,0.010211448251179955,19,False
code15_like,BR,LBBB,platt,0,20,0.010197427654539631,0.01020724527516993,0.010211448251179955,19,False
code15_like,BR,LBBB,isotonic,0,20,0.010197427654539631,0.01020724527516993,0.010211448251179955,19,False
code15_like,BR,LBBB,hybrid,0,20,0.010197427654539631,0.01020724527516993,0.010211448251179955,19,False
code15_like,BR,LBBB,identity,25,20,0.010221317071265255,0.010283428144902438,0.010303433212323191,19,False
code15_like,BR,LBBB,prior_correction,25,20,0.08299081987360293,0.07934105283672124,0.10926066139664199,19,False
code15_like,BR,LBBB,temperature,25,20,0.009845373179664633,0.010280346881264977,0.01030404654862648,19,False
code15_like,BR,LBBB,platt,25,20,0.009388064163045183,0.010275118333561643,0.01030142664231064,19,False
code15_like,BR,LBBB,isotonic,25,20,0.007423664026050015,0.007676767676767677,0.00774325345321004,19,False
code15_like,BR,LBBB,hybrid,25,20,0.08937235222565906,0.08190904113723987,0.10945084124021447,19,False
code15_like,BR,LBBB,identity,50,20,0.010243065345085716,0.010297938816397668,0.010404053141258137,19,False
code15_like,BR,LBBB,prior_correction,50,20,0.08314014779507128,0.082442138447301,0.09368356534962384,19,False
code15_like,BR,LBBB,temperature,50,20,0.00918338028587412,0.010160605759951438,0.010395405838390222,19,False
code15_like,BR,LBBB,platt,50,20,0.008722756401645132,0.010160605759951438,0.010395405838390222,19,False
code15_like,BR,LBBB,isotonic,50,20,0.007310872624537511,0.007753520012656225,0.007822709250036544,19,False
code15_like,BR,LBBB,hybrid,50,20,0.08909031577737096,0.08752216231461192,0.10232921267750601,19,False
code15_like,BR,LBBB,identity,100,20,0.01023688836499645,0.010353446178619958,0.010564397504470335,19,False
code15_like,BR,LBBB,prior_correction,100,20,0.0838757380958195,0.08515569559747788,0.09412713595279588,19,False
code15_like,BR,LBBB,temperature,100,20,0.009285152613526516,0.008811633973419658,0.011142702811642164,19,False
code15_like,BR,LBBB,platt,100,20,0.006906607536504938,0.007044217693720754,0.01054656019876742,19,False
code15_like,BR,LBBB,isotonic,100,20,0.0053582555976909845,0.005443642760512792,0.007916666666666667,19,False
code15_like,BR,LBBB,hybrid,100,20,0.09828064860611832,0.09514276962140292,0.12031821185008046,19,False
code15_like,BR,LBBB,identity,200,20,0.010201470130496677,0.01023782899271266,0.010696650562051085,19,False
code15_like,BR,LBBB,prior_correction,200,20,0.08306216910494266,0.08173990955233112,0.08965009858604338,19,False
code15_like,BR,LBBB,temperature,200,20,0.010249836168873191,0.010725391395967027,0.012381125736347875,19,False
code15_like,BR,LBBB,platt,200,20,0.0023483612855212006,0.00072285013043599,0.007675276657987508,19,False
code15_like,BR,LBBB,isotonic,200,20,0.002167501705118587,0.0011439156878634942,0.00558511591948722,19,False
code15_like,BR,LBBB,hybrid,200,20,0.10120777268060957,0.10209139324231725,0.11381024434763592,19,False
code15_like,BR,LBBB,identity,400,20,0.010203951654957341,0.010382055989755671,0.01085664319918994,19,False
code15_like,BR,LBBB,prior_correction,400,20,0.08304855724892843,0.08265107772567423,0.08484023612805197,19,False
code15_like,BR,LBBB,temperature,400,20,0.009752572890258358,0.00970330818200799,0.012216969490516844,19,False
code15_like,BR,LBBB,platt,400,20,0.0009375736017724406,7.2680951403295065e-06,0.0024674337593459986,19,False
code15_like,BR,LBBB,isotonic,400,20,0.0012963577465299077,0.0005869575026473061,0.0027472671489748115,19,False
code15_like,BR,LBBB,hybrid,400,20,0.10342907118272679,0.10349024001556964,0.10976640166831012,19,False
code15_like,BR,LBBB,identity,800,20,0.010311844737868931,0.010447222693198796,0.01158539261777891,19,False
code15_like,BR,LBBB,prior_correction,800,20,0.08306083437473365,0.08286932590599527,0.08646610509864418,19,False
code15_like,BR,LBBB,temperature,800,20,0.009675246697388642,0.009608549809972966,0.010663413356154746,19,False
code15_like,BR,LBBB,platt,800,20,8.877910064122314e-05,4.5350185720871e-07,1.00857729154598e-05,19,False
code15_like,BR,LBBB,isotonic,800,20,0.0006437939789026212,0.00031991306206545283,0.002310889835220754,19,False
code15_like,BR,LBBB,hybrid,800,20,0.1037773091707761,0.10382889223701751,0.10758716143842316,19,False
code15_like,BR,SB,identity,0,1,0.05160355325846901,0.05160355325846901,0.05160355325846901,100,True
code15_like,BR,SB,prior_correction,0,1,0.040032025620496396,0.040032025620496396,0.040032025620496396,100,True
code15_like,BR,SB,temperature,0,20,0.05159255545779608,0.05158319625498043,0.05161206914904702,100,True
code15_like,BR,SB,platt,0,20,0.05159255545779608,0.05158319625498043,0.05161206914904702,100,True
code15_like,BR,SB,isotonic,0,20,0.05159255545779608,0.05158319625498043,0.05161206914904702,100,True
code15_like,BR,SB,hybrid,0,20,0.05159255545779608,0.05158319625498043,0.05161206914904702,100,True
code15_like,BR,SB,identity,25,20,0.05160489535608063,0.05159565122866536,0.05188043627763708,100,True
code15_like,BR,SB,prior_correction,25,20,0.08915776584012734,0.08709543480812283,0.12164342149871284,100,True
code15_like,BR,SB,temperature,25,20,0.05166688532838919,0.051399660978116886,0.058907978396940404,100,True
code15_like,BR,SB,platt,25,20,0.045316827095728485,0.04944499156421095,0.051623002851489366,100,True
code15_like,BR,SB,isotonic,25,20,0.03337905371776959,0.04038772213247173,0.04178683241903359,100,True
code15_like,BR,SB,hybrid,25,20,0.09065716352503178,0.08834950170404056,0.12696414190446273,100,True
code15_like,BR,SB,identity,50,20,0.05162542413854933,0.05166694749004433,0.052312626829526844,100,True
code15_like,BR,SB,prior_correction,50,20,0.08750915920325825,0.08750656806535359,0.11415035155785606,100,True
code15_like,BR,SB,temperature,50,20,0.050414803684987464,0.050723573937923726,0.056075295900431026,100,True
code15_like,BR,SB,platt,50,20,0.029669217632938737,0.026807789263319722,0.051308838019227476,100,True
code15_like,BR,SB,isotonic,50,20,0.027072678406719924,0.025296083679223435,0.04130928785601918,100,True
code15_like,BR,SB,hybrid,50,20,0.09216496085130918,0.08741587192587115,0.13226601293177415,100,True
code15_like,BR,SB,identity,100,20,0.05160519458665882,0.05203237905841714,0.05255523307080806,100,True
code15_like,BR,SB,prior_correction,100,20,0.09081128210767878,0.09724737025793832,0.11314723569990037,100,True
code15_like,BR,SB,temperature,100,20,0.05029247693552219,0.05027726771758154,0.0543252665173069,100,True
code15_like,BR,SB,platt,100,20,0.023622853491355754,0.018554126285221212,0.05104510485294449,100,True
code15_like,BR,SB,isotonic,100,20,0.02302446417911012,0.021366055085280496,0.039648411829514556,100,True
code15_like,BR,SB,hybrid,100,20,0.09748778038315797,0.09893314702589409,0.13756436696710603,100,True
code15_like,BR,SB,identity,200,20,0.0519307715745017,0.052026251391999845,0.05299311662156861,100,True
code15_like,BR,SB,prior_correction,200,20,0.09352167956871449,0.09669316764860189,0.10319764258212501,100,True
code15_like,BR,SB,temperature,200,20,0.04922810224442097,0.04844358433476116,0.05593382416567268,100,True
code15_like,BR,SB,platt,200,20,0.016052799603743752,0.014036975651420962,0.02479693771646305,100,True
code15_like,BR,SB,isotonic,200,20,0.018937027471654072,0.01793953216238816,0.03128155617419657,100,True
code15_like,BR,SB,hybrid,200,20,0.09780481176242106,0.10172220785514777,0.11505379075280085,100,True
code15_like,BR,SB,identity,400,20,0.05197417724181399,0.051759589663421514,0.05405994476428315,100,True
code15_like,BR,SB,prior_correction,400,20,0.09388736168358457,0.09417853031869215,0.0986367634249158,100,True
code15_like,BR,SB,temperature,400,20,0.05098519376074977,0.05074975281554739,0.05482792588023391,100,True
code15_like,BR,SB,platt,400,20,0.011222141174719183,0.009089921236951558,0.018804305874918385,100,True
code15_like,BR,SB,isotonic,400,20,0.012221278271782182,0.010498394395649114,0.023758078130748338,100,True
code15_like,BR,SB,hybrid,400,20,0.10017075271073284,0.10028657644095104,0.11140135854056672,100,True
code15_like,BR,SB,identity,800,20,0.051691201161407296,0.051438482382406114,0.05625587264685177,100,True
code15_like,BR,SB,prior_correction,800,20,0.09362754979590729,0.09401824800084366,0.09710987174874393,100,True
code15_like,BR,SB,temperature,800,20,0.05123138219030206,0.051897044403618926,0.053780386248786026,100,True
code15_like,BR,SB,platt,800,20,0.010087298362268873,0.009065287911263991,0.01623169354172721,100,True
code15_like,BR,SB,isotonic,800,20,0.010740343502031246,0.009496098907794234,0.014728410173442992,100,True
code15_like,BR,SB,hybrid,800,20,0.10044554154687116,0.10069511581879886,0.10493001526016012,100,True
code15_like,BR,STACH,identity,0,1,0.00968705688857102,0.00968705688857102,0.00968705688857102,66,True
code15_like,BR,STACH,prior_correction,0,1,0.02642113690952762,0.02642113690952762,0.02642113690952762,66,True
code15_like,BR,STACH,temperature,0,20,0.0096750097719913,0.009684594853851208,0.009688461204378496,66,True
code15_like,BR,STACH,platt,0,20,0.0096750097719913,0.009684594853851208,0.009688461204378496,66,True
code15_like,BR,STACH,isotonic,0,20,0.0096750097719913,0.009684594853851208,0.009688461204378496,66,True
code15_like,BR,STACH,hybrid,0,20,0.0096750097719913,0.009684594853851208,0.009688461204378496,66,True
code15_like,BR,STACH,identity,25,20,0.009675122021814881,0.00977263665514989,0.009798535501835933,66,True
code15_like,BR,STACH,prior_correction,25,20,0.02474397624508509,0.026645135244247074,0.02666666666666667,66,True
code15_like,BR,STACH,temperature,25,20,0.011254529985024702,0.009798095995337272,0.01118525570215057,66,True
code15_like,BR,STACH,platt,25,20,0.012567667750367925,0.009798095995337272,0.01204306808404951,66,True
code15_like,BR,STACH,isotonic,25,20,0.0199596653111175,0.026650515925839207,0.02666666666666667,66,True
code15_like,BR,STACH,hybrid,25,20,0.024723058985701374,0.026649515925839206,0.026665666666666667,66,True
code15_like,BR,STACH,identity,50,20,0.0096182931160391,0.009670033007958507,0.009897476254600822,66,True
code15_like,BR,STACH,prior_correction,50,20,0.025886856410766733,0.02632111841064455,0.026938775510204082,66,True
code15_like,BR,STACH,temperature,50,20,0.011050401146138266,0.010013871079962709,0.013474451061801002,66,True
code15_like,BR,STACH,platt,50,20,0.012182099840113906,0.009905480750144014,0.0192238303963852,66,True
code15_like,BR,STACH,isotonic,50,20,0.014925642841033301,0.0068696727788036885,0.026938775510204082,66,True
code15_like,BR,STACH,hybrid,50,20,0.016960501830549042,0.01387754607291955,0.02693777551020408,66,True
code15_like,BR,STACH,identity,100,20,0.009599155243403637,0.009625970299315507,0.010011200745147091,66,True
code15_like,BR,STACH,prior_correction,100,20,0.02581094495107892,0.02625,0.027122710241465446,66,True
code15_like,BR,STACH,temperature,100,20,0.010004350677138651,0.010026342006901535,0.010815273633739093,66,True
code15_like,BR,STACH,platt,100,20,0.0074067810657523605,0.007775606951417593,0.010743010860663081,66,True
code15_like,BR,STACH,isotonic,100,20,0.006722590012228534,0.005636880059896161,0.01008693228431771,66,True
code15_like,BR,STACH,hybrid,100,20,0.010950322770495225,0.006121234013051223,0.02533668438749705,66,True
code15_like,BR,STACH,identity,200,20,0.009576767496316047,0.009540944826979925,0.01004144876313049,66,True
code15_like,BR,STACH,prior_correction,200,20,0.026319713303457743,0.026521739130434784,0.027,66,True
code15_like,BR,STACH,temperature,200,20,0.009636771130646246,0.009382641020681908,0.01051573326847371,66,True
code15_like,BR,STACH,platt,200,20,0.0036858879593099523,0.002660670359904951,0.008100476260326492,66,True
code15_like,BR,STACH,isotonic,200,20,0.0028226974930951353,0.0024770837121704057,0.006406521648595823,66,True
code15_like,BR,STACH,hybrid,200,20,0.008284815897936762,0.006956494184173758,0.015326082940787555,66,True
code15_like,BR,STACH,identity,400,20,0.009508520314555234,0.009741792714395936,0.010001489754443182,66,True
code15_like,BR,STACH,prior_correction,400,20,0.026137815368087215,0.026647634151831103,0.02761904761904762,66,True
code15_like,BR,STACH,temperature,400,20,0.00935030383286357,0.009368275730121734,0.009862246280256642,66,True
code15_like,BR,STACH,platt,400,20,0.0026015794920686286,0.00218725016457396,0.006705090247203017,66,True
code15_like,BR,STACH,isotonic,400,20,0.002370744471542937,0.001486620400825138,0.0072570786057108184,66,True
code15_like,BR,STACH,hybrid,400,20,0.006412463230991672,0.00464286093035436,0.013244890641835635,66,True
code15_like,BR,STACH,identity,800,20,0.009396764234104616,0.009490594189095309,0.010443239667303844,66,True
code15_like,BR,STACH,prior_correction,800,20,0.026310537522478535,0.026462807345160287,0.028851869772585886,66,True
code15_like,BR,STACH,temperature,800,20,0.00922067711279061,0.009222619468290012,0.010684343723519018,66,True
code15_like,BR,STACH,platt,800,20,0.002832367743995838,0.002532849804481333,0.005306186882808148,66,True
code15_like,BR,STACH,isotonic,800,20,0.002551193213322989,0.001878164400089144,0.0046736593218324254,66,True
code15_like,BR,STACH,hybrid,800,20,0.0050612486241668605,0.005294120037709002,0.00957910061263934,66,True
korea_like,KR,AF,identity,0,1,0.0038433798525707662,0.0038433798525707662,0.0038433798525707662,16,False
korea_like,KR,AF,prior_correction,0,1,0.006402561024409764,0.006402561024409764,0.006402561024409764,16,False
korea_like,KR,AF,temperature,0,20,0.0038415209553094866,0.003842837351906467,0.0038439533027178176,16,False
korea_like,KR,AF,platt,0,20,0.0038415209553094866,0.003842837351906467,0.0038439533027178176,16,False
korea_like,KR,AF,isotonic,0,20,0.0038415209553094866,0.003842837351906467,0.0038439533027178176,16,False
korea_like,KR,AF,hybrid,0,20,0.0038415209553094866,0.003842837351906467,0.0038439533027178176,16,False
korea_like,KR,AF,identity,25,20,0.003850156708104669,0.0038563478895389863,0.0038958159296559017,16,False
korea_like,KR,AF,prior_correction,25,20,0.006382158234179276,0.006463341002920971,0.006464646464646465,16,False
korea_like,KR,AF,temperature,25,20,0.008156592611084455,0.00385886600938465,0.024870757240655066,16,False
korea_like,KR,AF,platt,25,20,0.009395597339305714,0.00385886600938465,0.02517491955019434,16,False
korea_like,KR,AF,isotonic,25,20,0.010437114121868008,0.006464646464646465,0.018328207305915417,16,False
korea_like,KR,AF,hybrid,25,20,0.012124271067020607,0.0064636464646464645,0.03410630046419978,16,False
korea_like,KR,AF,identity,50,20,0.003940655550262558,0.0038703470310187385,0.004236798681024025,16,False
korea_like,KR,AF,prior_correction,50,20,0.006304341217174834,0.0065252854812398045,0.006530612244897959,16,False
korea_like,KR,AF,temperature,50,20,0.008375804196850987,0.0038669373935885944,0.02016319139995093,16,False
korea_like,KR,AF,platt,50,20,0.01167003860246899,0.0038725436911907826,0.02155927307086292,16,False
korea_like,KR,AF,isotonic,50,20,0.012526713414804106,0.006530612244897959,0.023503282923313776,16,False
korea_like,KR,AF,hybrid,50,20,0.01273662204592014,0.006529612244897959,0.017155912216033513,16,False
korea_like,KR,AF,identity,100,20,0.003861927709572534,0.0038812197177485767,0.004286938031386706,16,False
korea_like,KR,AF,prior_correction,100,20,0.006310903883585095,0.00625,0.006666666666666667,16,False
korea_like,KR,AF,temperature,100,20,0.0067767132664741155,0.003898185861507337,0.015267894200146232,16,False
korea_like,KR,AF,platt,100,20,0.009321056014456397,0.00586197261534673,0.021344950111688087,16,False
korea_like,KR,AF,isotonic,100,20,0.008137743105318198,0.006663890045814244,0.02174888839033968,16,False
korea_like,KR,AF,hybrid,100,20,0.007561079723919524,0.006662890045814244,0.014371139697238666,16,False
korea_like,KR,AF,identity,200,20,0.003928546889122955,0.0038616097058279727,0.0044174615052271675,16,False
korea_like,KR,AF,prior_correction,200,20,0.006128800603313037,0.00608695652173913,0.006956521739130435,16,False
korea_like,KR,AF,temperature,200,20,0.00560782426618364,0.004246970070465315,0.0106286704205525,16,False
korea_like,KR,AF,platt,200,20,0.006323483783461072,0.003960158396068745,0.012363489296362374,16,False
korea_like,KR,AF,isotonic,200,20,0.006926552786592033,0.006882377719620639,0.01230807414740838,16,False
korea_like,KR,AF,hybrid,200,20,0.007194314893286598,0.006954010109026321,0.009961356502287431,16,False
korea_like,KR,AF,identity,400,20,0.003961941507807059,0.003827746154863481,0.004705860735924724,16,False
korea_like,KR,AF,prior_correction,400,20,0.006021498281766489,0.006187529747739172,0.007136740519233384,16,False
korea_like,KR,AF,temperature,400,20,0.005149080297534995,0.0048487649143374185,0.00810068450542393,16,False
korea_like,KR,AF,platt,400,20,0.005647505799664492,0.004108781183376284,0.011830070851690662,16,False
korea_like,KR,AF,isotonic,400,20,0.005365094000548919,0.004558804381994574,0.011389287233075456,16,False
korea_like,KR,AF,hybrid,400,20,0.005017504779056324,0.0044824454308580956,0.010242080679955395,16,False
korea_like,KR,AF,identity,800,20,0.003813090770710447,0.003652386627478797,0.004744751346437094,16,False
korea_like,KR,AF,prior_correction,800,20,0.006174482524581984,0.006176470588235294,0.007642563198118754,16,False
korea_like,KR,AF,temperature,800,20,0.004116936513160646,0.0035295631697997267,0.007097511359119975,16,False
korea_like,KR,AF,platt,800,20,0.004602446920551684,0.004060002171842981,0.007135197585755683,16,False
korea_like,KR,AF,isotonic,800,20,0.003758213534238112,0.003068855534141956,0.007751788956087062,16,False
korea_like,KR,AF,hybrid,800,20,0.003493650098899985,0.0027573549091091712,0.007713236866240146,16,False
korea_like,KR,IAVB,identity,0,1,0.07099589117462451,0.07099589117462451,0.07099589117462451,38,True
korea_like,KR,IAVB,prior_correction,0,1,0.5165167662070599,0.5165167662070599,0.5165167662070599,38,True
korea_like,KR,IAVB,temperature,0,20,0.07106381737087974,0.0710656886518238,0.07109669352245851,38,True
korea_like,KR,IAVB,platt,0,20,0.07106381737087974,0.0710656886518238,0.07109669352245851,38,True
korea_like,KR,IAVB,isotonic,0,20,0.07106381737087974,0.0710656886518238,0.07109669352245851,38,True
korea_like,KR,IAVB,hybrid,0,20,0.07106381737087974,0.0710656886518238,0.07109669352245851,38,True
korea_like,KR,IAVB,identity,25,20,0.0711017364227083,0.07100687889937876,0.0713987319528747,38,True
korea_like,KR,IAVB,prior_correction,25,20,0.12436520705638796,0.015353535353535354,0.40181667333732307,38,True
korea_like,KR,IAVB,temperature,25,20,0.06597108585021075,0.07096374242680636,0.07107151488959326,38,True
korea_like,KR,IAVB,platt,25,20,0.06480890102742597,0.07096374242680636,0.07107151488959326,38,True
korea_like,KR,IAVB,isotonic,25,20,0.023497952428492994,0.015353535353535354,0.03644552331653544,38,True
korea_like,KR,IAVB,hybrid,25,20,0.126981095812073,0.025050500102083907,0.42735694346588937,38,True
korea_like,KR,IAVB,identity,50,20,0.07108934715024318,0.07096478019101032,0.07164207445666242,38,True
korea_like,KR,IAVB,prior_correction,50,20,0.06646579251484411,0.015510204081632653,0.1333358433431278,38,True
korea_like,KR,IAVB,temperature,50,20,0.06391618672612912,0.07078715182573848,0.07108439357363795,38,True
korea_like,KR,IAVB,platt,50,20,0.061694094863219175,0.07078715182573848,0.07108439357363795,38,True
korea_like,KR,IAVB,isotonic,50,20,0.02346431978538253,0.015510204081632653,0.043314014439292337,38,True
korea_like,KR,IAVB,hybrid,50,20,0.06731823924188438,0.035922426986194855,0.1333358433431278,38,True
korea_like,KR,IAVB,identity,100,20,0.07120739049672686,0.07111517813103246,0.0723156146531086,38,True
korea_like,KR,IAVB,prior_correction,100,20,0.045013338091627914,0.015407037936247075,0.1292138312018317,38,True
korea_like,KR,IAVB,temperature,100,20,0.03676149654594117,0.03188882595347957,0.07047027892341765,38,True
korea_like,KR,IAVB,platt,100,20,0.027525688274384553,0.01605658898138089,0.07047027892341765,38,True
korea_like,KR,IAVB,isotonic,100,20,0.018923985426919573,0.015833333333333335,0.03327643927543784,38,True
korea_like,KR,IAVB,hybrid,100,20,0.02859497795575023,0.015779053370108514,0.07294972450252134,38,True
korea_like,KR,IAVB,identity,200,20,0.07114625222382612,0.07110275538609245,0.07247669773494986,38,True
korea_like,KR,IAVB,prior_correction,200,20,0.06313394015205566,0.018379588151105984,0.14873347447883037,38,True
korea_like,KR,IAVB,temperature,200,20,0.021088678873147835,0.018258946541365135,0.03168440599252963,38,True
korea_like,KR,IAVB,platt,200,20,0.012134136155251062,0.009452677481965478,0.023735026818892967,38,True
korea_like,KR,IAVB,isotonic,200,20,0.01260328065952907,0.012068861898124103,0.021002121520510633,38,True
korea_like,KR,IAVB,hybrid,200,20,0.022452213936075556,0.011849107261847631,0.04120115593455231,38,True
korea_like,KR,IAVB,identity,400,20,0.0710618186991864,0.07112852891568464,0.07222476849131086,38,True
korea_like,KR,IAVB,prior_correction,400,20,0.039300411139713325,0.016428571428571428,0.08618849950970375,38,True
korea_like,KR,IAVB,temperature,400,20,0.01993882786853208,0.01867612553589878,0.024572395896190903,38,True
korea_like,KR,IAVB,platt,400,20,0.010067687178700777,0.010032948383193397,0.01308750012896732,38,True
korea_like,KR,IAVB,isotonic,400,20,0.008587704553441919,0.008482078217773883,0.014695902695862965,38,True
korea_like,KR,IAVB,hybrid,400,20,0.011961386936937395,0.008999436214190498,0.023953980073595275,38,True
korea_like,KR,IAVB,identity,800,20,0.07139797817272256,0.07137600446393957,0.07265789549409672,38,True
korea_like,KR,IAVB,prior_correction,800,20,0.025900570759548113,0.01675969153093336,0.044419405582310126,38,True
korea_like,KR,IAVB,temperature,800,20,0.020961400854803396,0.020539859463508277,0.023041001426964094,38,True
korea_like,KR,IAVB,platt,800,20,0.010518775064005784,0.009972512315528734,0.012152032683376522,38,True
korea_like,KR,IAVB,isotonic,800,20,0.008030886005976078,0.007445615203926196,0.012935656417277402,38,True
korea_like,KR,IAVB,hybrid,800,20,0.011090031206641442,0.011925593975535578,0.018635110857186797,38,True
korea_like,KR,RBBB,identity,0,1,0.00706878683434582,0.00706878683434582,0.00706878683434582,47,True
korea_like,KR,RBBB,prior_correction,0,1,0.018807523009203683,0.018807523009203683,0.018807523009203683,47,True
korea_like,KR,RBBB,temperature,0,20,0.0070684692282230125,0.007070078536474886,0.007072791662083737,47,True
korea_like,KR,RBBB,platt,0,20,0.0070684692282230125,0.007070078536474886,0.007072791662083737,47,True
korea_like,KR,RBBB,isotonic,0,20,0.0070684692282230125,0.007070078536474886,0.007072791662083737,47,True
korea_like,KR,RBBB,hybrid,0,20,0.0070684692282230125,0.007070078536474886,0.007072791662083737,47,True
korea_like,KR,RBBB,identity,25,20,0.007068148556731097,0.0070912973259792495,0.007122844121422478,47,True
korea_like,KR,RBBB,prior_correction,25,20,0.010333343928567324,0.009221122206233365,0.01898989898989899,47,True
korea_like,KR,RBBB,temperature,25,20,0.0057016004564482015,0.007063926525503867,0.007115850754013598,47,True
korea_like,KR,RBBB,platt,25,20,0.005704416849039764,0.007063926525503867,0.007115850754013598,47,True
korea_like,KR,RBBB,isotonic,25,20,0.014404271594677387,0.018978397704764283,0.01898989898989899,47,True
korea_like,KR,RBBB,hybrid,25,20,0.009624079538314428,0.008632629899037557,0.01898889898989899,47,True
korea_like,KR,RBBB,identity,50,20,0.007054048616293681,0.0071215920386824925,0.007180300079225846,47,True
korea_like,KR,RBBB,prior_correction,50,20,0.006154017576317608,0.00434662227364138,0.013267275123692692,47,True
korea_like,KR,RBBB,temperature,50,20,0.004487794728592183,0.002699668154385198,0.00712269595496669,47,True
korea_like,KR,RBBB,platt,50,20,0.004311431421329682,0.0026823942404089534,0.00712269595496669,47,True
korea_like,KR,RBBB,isotonic,50,20,0.009730547852995214,0.004744681647112246,0.019183673469387756,47,True
korea_like,KR,RBBB,hybrid,50,20,0.0050941608451625705,0.0025538950013807736,0.01326750309551104,47,True
korea_like,KR,RBBB,identity,100,20,0.007065447368961924,0.0071186252250092456,0.007328698379385768,47,True
korea_like,KR,RBBB,prior_correction,100,20,0.003305651811770797,0.001754751424578174,0.005777240405580004,47,True
korea_like,KR,RBBB,temperature,100,20,0.0036219909995815263,0.0025834019897193394,0.00662596175028291,47,True
korea_like,KR,RBBB,platt,100,20,0.003581751435014161,0.0025037031404158937,0.0070766701841327535,47,True
korea_like,KR,RBBB,isotonic,100,20,0.005306454118066626,0.00191898588808361,0.019575992641954743,47,True
korea_like,KR,RBBB,hybrid,100,20,0.002438067525625326,0.00130694872540617,0.0032568912129939996,47,True
korea_like,KR,RBBB,identity,200,20,0.0071296941789950425,0.00714343955626656,0.007515150423031777,47,True
korea_like,KR,RBBB,prior_correction,200,20,0.0020771276953165897,0.0021217643866577774,0.003761745484702953,47,True
korea_like,KR,RBBB,temperature,200,20,0.0034175754847740923,0.002646323516269353,0.005551855863779857,47,True
korea_like,KR,RBBB,platt,200,20,0.00399772348091501,0.0026075035094440136,0.009985205470865658,47,True
korea_like,KR,RBBB,isotonic,200,20,0.002803461849752212,0.001995728335459251,0.006046990856222612,47,True
korea_like,KR,RBBB,hybrid,200,20,0.001368203390976434,0.0011004316672476812,0.002805878663497867,47,True
korea_like,KR,RBBB,identity,400,20,0.007212891688643311,0.007311769734055144,0.00779562992487029,47,True
korea_like,KR,RBBB,prior_correction,400,20,0.0017017818907505134,0.0015465170582943204,0.002985558384975232,47,True
korea_like,KR,RBBB,temperature,400,20,0.0036051319291397536,0.002868491872375136,0.005455237717666257,47,True
korea_like,KR,RBBB,platt,400,20,0.003039742172738135,0.0028108597418269776,0.004807650323184869,47,True
korea_like,KR,RBBB,isotonic,400,20,0.0020994981101477212,0.0019396783854846843,0.004421636390661502,47,True
korea_like,KR,RBBB,hybrid,400,20,0.0010544757396102197,0.0008278590324678268,0.001994564350471461,47,True
korea_like,KR,RBBB,identity,800,20,0.007120558860044532,0.007079402509304101,0.00824587817955438,47,True
korea_like,KR,RBBB,prior_correction,800,20,0.0019623805328865098,0.0016895300550221334,0.0032641389201170435,47,True
korea_like,KR,RBBB,temperature,800,20,0.0038085398921873332,0.003464897610951296,0.005045007263578662,47,True
korea_like,KR,RBBB,platt,800,20,0.0026624909279749365,0.002516891993171102,0.004892542332251177,47,True
korea_like,KR,RBBB,isotonic,800,20,0.0021781188460708602,0.0020004371274110217,0.004258251309896753,47,True
korea_like,KR,RBBB,hybrid,800,20,0.001011509828199106,0.0008465089349650101,0.002021891849299475,47,True
korea_like,KR,LBBB,identity,0,1,0.00010203843880695203,0.00010203843880695203,0.00010203843880695203,6,False
korea_like,KR,LBBB,prior_correction,0,1,0.0024009603841536613,0.0024009603841536613,0.0024009603841536613,6,False
korea_like,KR,LBBB,temperature,0,20,0.00010206295912751999,0.0001020384388689613,0.0001021242586757,6,False
korea_like,KR,LBBB,platt,0,20,0.00010206295912751999,0.0001020384388689613,0.0001021242586757,6,False
korea_like,KR,LBBB,isotonic,0,20,0.00010206295912751999,0.0001020384388689613,0.0001021242586757,6,False
korea_like,KR,LBBB,hybrid,0,20,0.00010206295912751999,0.0001020384388689613,0.0001021242586757,6,False
korea_like,KR,LBBB,identity,25,20,0.00010286882841314886,0.00010302790409490512,0.00010302791787046572,6,False
korea_like,KR,LBBB,prior_correction,25,20,0.0023832185266359487,0.0024242424242424242,0.0024242424242424242,6,False
korea_like,KR,LBBB,temperature,25,20,9.186159913887796e-05,0.00010203804008943962,0.00010203804008944006,6,False
korea_like,KR,LBBB,platt,25,20,9.231462664425206e-05,0.00010203804008943962,0.00010203804008944006,6,False
korea_like,KR,LBBB,isotonic,25,20,0.0021908772796627634,0.0024242424242424242,0.0024242424242424242,6,False
korea_like,KR,LBBB,hybrid,25,20,0.006145107509090037,0.002423242424242424,0.006145645774934682,6,False
korea_like,KR,LBBB,identity,50,20,0.00010387974776682237,0.00010407920993240247,0.00010407926126394069,6,False
korea_like,KR,LBBB,prior_correction,50,20,0.0023871058551374635,0.0024489795918367346,0.0024489795918367346,6,False
korea_like,KR,LBBB,temperature,50,20,8.789332433137214e-05,0.00010308944866178177,0.00010308944866178246,6,False
korea_like,KR,LBBB,platt,50,20,8.84847499661259e-05,0.00010308944866178177,0.00010308944866178246,6,False
korea_like,KR,LBBB,isotonic,50,20,0.002095913683832847,0.0024489795918367346,0.0024489795918367346,6,False
korea_like,KR,LBBB,hybrid,50,20,0.004900416671477612,0.0024479795918367344,0.01841079818657568,6,False
korea_like,KR,LBBB,identity,100,20,0.00010160137772668605,0.00010620389922847404,0.00010624834174860752,6,False
korea_like,KR,LBBB,prior_correction,100,20,0.0023744101414090502,0.0024989587671803417,0.0025,6,False
korea_like,KR,LBBB,temperature,100,20,7.924484604836178e-05,0.00010521390516876725,0.00010525812156132438,6,False
korea_like,KR,LBBB,platt,100,20,7.970806949942185e-05,0.00010521390516876725,0.00010525812156132438,6,False
korea_like,KR,LBBB,isotonic,100,20,0.001889814269314458,0.0024989587671803417,0.0025,6,False
korea_like,KR,LBBB,hybrid,100,20,0.004394104489077558,0.002499,0.00801853516417445,6,False
korea_like,KR,LBBB,identity,200,20,9.802327681267163e-05,0.00011041100211529506,0.00011086755183804956,6,False
korea_like,KR,LBBB,prior_correction,200,20,0.0023036488448480307,0.002389605240801223,0.0026076753018536365,6,False
korea_like,KR,LBBB,temperature,200,20,5.5425068083587256e-05,5.682166887334959e-05,0.00010987789596252304,6,False
korea_like,KR,LBBB,platt,200,20,5.576676243351815e-05,5.878460923889315e-05,0.00010987789596252304,6,False
korea_like,KR,LBBB,isotonic,200,20,0.001329336039685744,0.0013558595140131544,0.0026076753018536365,6,False
korea_like,KR,LBBB,hybrid,200,20,0.0038084423862636296,0.00271689810012995,0.008265961626567526,6,False
korea_like,KR,LBBB,identity,400,20,9.240302984693394e-05,0.0001082205540318512,0.00012138151299942531,6,False
korea_like,KR,LBBB,prior_correction,400,20,0.00218970574411416,0.002379819133745835,0.002855918950159788,6,False
korea_like,KR,LBBB,temperature,400,20,2.4274038817882053e-05,2.3193299312357363e-08,0.0001203917106661346,6,False
korea_like,KR,LBBB,platt,400,20,2.461325679294609e-05,2.2013647390248595e-07,0.0001203917106661346,6,False
korea_like,KR,LBBB,isotonic,400,20,0.0006113543825043493,7.873831168222491e-05,0.002855918950159788,6,False
korea_like,KR,LBBB,hybrid,400,20,0.0024614685754910702,0.0028554629088189294,0.00609286269384849,6,False
korea_like,KR,LBBB,identity,800,20,9.923392935892341e-05,0.00011179975183388462,0.00014071158550684116,6,False
korea_like,KR,LBBB,prior_correction,800,20,0.0022639971193537545,0.002058131894733202,0.003000000000000001,6,False
korea_like,KR,LBBB,temperature,800,20,1.4971279736843992e-05,4.108541280421155e-08,1.5034074285894543e-05,6,False
korea_like,KR,LBBB,platt,800,20,1.5035777917689754e-05,5.374307454608911e-08,1.530179642463902e-05,6,False
korea_like,KR,LBBB,isotonic,800,20,0.0003934923586500199,5.358829984382363e-05,0.0004574970815156473,6,False
korea_like,KR,LBBB,hybrid,800,20,0.00214463301184407,0.0019852961363367753,0.003823543003341274,6,False
korea_like,KR,SB,identity,0,1,0.06166747777216145,0.06166747777216145,0.06166747777216145,266,True
korea_like,KR,SB,prior_correction,0,1,0.8939575830332133,0.8939575830332133,0.8939575830332133,266,True
korea_like,KR,SB,temperature,0,20,0.06162676355554947,0.06160570774398969,0.06166411101336612,266,True
korea_like,KR,SB,platt,0,20,0.06162676355554947,0.06160570774398969,0.06166411101336612,266,True
korea_like,KR,SB,isotonic,0,20,0.06162676355554947,0.06160570774398969,0.06166411101336612,266,True
korea_like,KR,SB,hybrid,0,20,0.06162676355554947,0.06160570774398969,0.06166411101336612,266,True
korea_like,KR,SB,identity,25,20,0.06161679072243346,0.061610916166786905,0.06219176575979788,266,True
korea_like,KR,SB,prior_correction,25,20,0.17707462031104207,0.1742774860734604,0.2095004899684402,266,True
korea_like,KR,SB,temperature,25,20,0.07064787281021997,0.06774827134601671,0.08273244178564698,266,True
korea_like,KR,SB,platt,25,20,0.0661136661778601,0.06668268425895765,0.09282388806488782,266,True
korea_like,KR,SB,isotonic,25,20,0.053181328179688216,0.055343555476925516,0.07403333928935345,266,True
korea_like,KR,SB,hybrid,25,20,0.1975093333593,0.18635024279344353,0.2686296445836985,266,True
korea_like,KR,SB,identity,50,20,0.0616003335133821,0.06175429569915436,0.0626308130039992,266,True
korea_like,KR,SB,prior_correction,50,20,0.1786575857951203,0.18615202073787496,0.20453785492277127,266,True
korea_like,KR,SB,temperature,50,20,0.06807363851252801,0.06767298117133674,0.0768272265826513,266,True
korea_like,KR,SB,platt,50,20,0.04599743153248374,0.04361357035662247,0.07603030577003472,266,True
korea_like,KR,SB,isotonic,50,20,0.048445951649875765,0.052251120646664075,0.07444424854102207,266,True
korea_like,KR,SB,hybrid,50,20,0.20355716281173036,0.2161044556079459,0.2460835340358273,266,True
korea_like,KR,SB,identity,100,20,0.06165327063747239,0.06146826944113297,0.06306747671194528,266,True
korea_like,KR,SB,prior_correction,100,20,0.18211259231881372,0.1864152654274833,0.20630034506040865,266,True
korea_like,KR,SB,temperature,100,20,0.0643257922017633,0.06299746226220627,0.07176751870708767,266,True
korea_like,KR,SB,platt,100,20,0.029521084737191804,0.02860705271740554,0.042324200960276295,266,True
korea_like,KR,SB,isotonic,100,20,0.031980098980733826,0.032113793742750585,0.04354224672504507,266,True
korea_like,KR,SB,hybrid,100,20,0.2059894729415425,0.2123983177129424,0.24082697227768632,266,True
korea_like,KR,SB,identity,200,20,0.06150414055380038,0.0613999327247753,0.06375528468339467,266,True
korea_like,KR,SB,prior_correction,200,20,0.1840320953865072,0.18608092250028194,0.1967719396861276,266,True
korea_like,KR,SB,temperature,200,20,0.0641514812936271,0.0648605416968102,0.06812595396350096,266,True
korea_like,KR,SB,platt,200,20,0.024325100180104853,0.020725559325540634,0.04253518596199303,266,True
korea_like,KR,SB,isotonic,200,20,0.026426813037497592,0.022476456194881693,0.046352862706648804,266,True
korea_like,KR,SB,hybrid,200,20,0.20899048615107646,0.20987048902182998,0.23205263152381864,266,True
korea_like,KR,SB,identity,400,20,0.061529177323911166,0.0614124074717446,0.06359502274211379,266,True
korea_like,KR,SB,prior_correction,400,20,0.18544041647057394,0.18616438915688074,0.19495876292778863,266,True
korea_like,KR,SB,temperature,400,20,0.06513620212301074,0.0648775528123173,0.06820772078229959,266,True
korea_like,KR,SB,platt,400,20,0.01919197042747016,0.01809607310857354,0.023458513819969586,266,True
korea_like,KR,SB,isotonic,400,20,0.018531814821436357,0.017406629600099317,0.025323499628053865,266,True
korea_like,KR,SB,hybrid,400,20,0.21130854520689635,0.21415578879034944,0.22323745088348612,266,True
korea_like,KR,SB,identity,800,20,0.06230470347949607,0.06242633973308777,0.06497703295623174,266,True
korea_like,KR,SB,prior_correction,800,20,0.18766073032288785,0.18917821742971855,0.19373042260723278,266,True
korea_like,KR,SB,temperature,800,20,0.06603207762650036,0.06610080275368994,0.0699622827149371,266,True
korea_like,KR,SB,platt,800,20,0.01837393154147604,0.016583728469879017,0.019315307415227655,266,True
korea_like,KR,SB,isotonic,800,20,0.012875193384685495,0.01357895801778946,0.020586215322556726,266,True
korea_like,KR,SB,hybrid,800,20,0.2138005319767174,0.2153019768004777,0.2263581094069739,266,True
korea_like,KR,STACH,identity,0,1,0.0010156976023134772,0.0010156976023134772,0.0010156976023134772,25,True
korea_like,KR,STACH,prior_correction,0,1,0.010004001600640256,0.010004001600640256,0.010004001600640256,25,True
korea_like,KR,STACH,temperature,0,20,0.0010157924839449815,0.0010157814662251027,0.0010162122847825411,25,True
korea_like,KR,STACH,platt,0,20,0.0010157924839449815,0.0010157814662251027,0.0010162122847825411,25,True
korea_like,KR,STACH,isotonic,0,20,0.0010157924839449815,0.0010157814662251027,0.0010162122847825411,25,True
korea_like,KR,STACH,hybrid,0,20,0.0010157924839449815,0.0010157814662251027,0.0010162122847825411,25,True
korea_like,KR,STACH,identity,25,20,0.0010367169469601939,0.0010259736877811219,0.0010314907784614725,25,True
korea_like,KR,STACH,prior_correction,25,20,0.009868585094032106,0.010101010101010102,0.010101010101010102,25,True
korea_like,KR,STACH,temperature,25,20,0.0009734042387924892,0.0010259736877811219,0.0010314907784614725,25,True
korea_like,KR,STACH,platt,25,20,0.000973724503371877,0.0010259736877811219,0.0010314907784614725,25,True
korea_like,KR,STACH,isotonic,25,20,0.009125068628895646,0.010101010101010102,0.010101010101010102,25,True
korea_like,KR,STACH,hybrid,25,20,0.009914653816041463,0.010100010101010103,0.010100010101010103,25,True
korea_like,KR,STACH,identity,50,20,0.0010655851702953607,0.0010333552604129324,0.0011749517277415892,25,True
korea_like,KR,STACH,prior_correction,50,20,0.009862871354656329,0.010197838482544994,0.01020408163265306,25,True
korea_like,KR,STACH,temperature,50,20,0.0008443291327816831,0.0010323388910406257,0.0011792645129548704,25,True
korea_like,KR,STACH,platt,50,20,0.0008814053614994912,0.0010323388910406257,0.0011792645129548704,25,True
korea_like,KR,STACH,isotonic,50,20,0.006453711432711272,0.010197838482544994,0.01020408163265306,25,True
korea_like,KR,STACH,hybrid,50,20,0.009951140380998761,0.010203081632653061,0.010616260763936063,25,True
korea_like,KR,STACH,identity,100,20,0.0010543142794251577,0.001055303255356703,0.0011995235686147467,25,True
korea_like,KR,STACH,prior_correction,100,20,0.00995586111318791,0.01,0.010416666666666666,25,True
korea_like,KR,STACH,temperature,100,20,0.0007442673723323535,0.00040796791531341417,0.0012050985655793214,25,True
korea_like,KR,STACH,platt,100,20,0.0009631681274650368,0.0004079634090803745,0.0018043011272134157,25,True
korea_like,KR,STACH,isotonic,100,20,0.0035043324752238223,0.0009936110175554295,0.010416666666666666,25,True
korea_like,KR,STACH,hybrid,100,20,0.006326457012461835,0.0052539139119286895,0.011863564108018105,25,True
korea_like,KR,STACH,identity,200,20,0.001048885615296215,0.0010515320455423264,0.0013522220710321892,25,True
korea_like,KR,STACH,prior_correction,200,20,0.009932014952962287,0.009997827031725337,0.010477788485157683,25,True
korea_like,KR,STACH,temperature,200,20,0.0006559031219669162,0.0003999476396762645,0.0011747325621327613,25,True
korea_like,KR,STACH,platt,200,20,0.0011402987948681055,0.0004124143923578163,0.0028464733083471147,25,True
korea_like,KR,STACH,isotonic,200,20,0.0021829451316184812,0.0011894977928255902,0.004128487368075491,25,True
korea_like,KR,STACH,hybrid,200,20,0.005740172405529279,0.005434769017099873,0.010901238364931596,25,True
korea_like,KR,STACH,identity,400,20,0.0010797012071514507,0.0011456613257066102,0.001348996088577055,25,True
korea_like,KR,STACH,prior_correction,400,20,0.009948574179849805,0.010466222645099905,0.010523809523809524,25,True
korea_like,KR,STACH,temperature,400,20,0.0006480323053953286,0.0004507438380417106,0.001196513148882128,25,True
korea_like,KR,STACH,platt,400,20,0.0011691790434209402,0.0008380602032284231,0.002394017357460825,25,True
korea_like,KR,STACH,isotonic,400,20,0.0016472541575802378,0.0010801903983654855,0.0026947412456499354,25,True
korea_like,KR,STACH,hybrid,400,20,0.004766112047705905,0.002976190360045542,0.011904162775260472,25,True
korea_like,KR,STACH,identity,800,20,0.001107767227326834,0.0010486577959449872,0.0016809340817751733,25,True
korea_like,KR,STACH,prior_correction,800,20,0.010290573750789721,0.01,0.011881592143030053,25,True
korea_like,KR,STACH,temperature,800,20,0.0006721752661275047,0.0005744630404697487,0.001044069283343346,25,True
korea_like,KR,STACH,platt,800,20,0.0012820016174322948,0.0010820982906329481,0.002537894012356451,25,True
korea_like,KR,STACH,isotonic,800,20,0.0012793248729601348,0.0009378334732935544,0.0024449575095536486,25,True
korea_like,KR,STACH,hybrid,800,20,0.003305553450918962,0.0018480189340351304,0.007535533821358356,25,True
