site,country,label,method,n_cal,n_repeats,n_failed,ece_mean,ece_median,ece_q90,n_positive,reliable_estimate
georgia_like,US,AF,identity,0,1,0,0.015841524761354378,0.015841524761354378,0.015841524761354378,474,True
georgia_like,US,AF,prior_correction,0,1,0,0.0127127718788799,0.0127127718788799,0.0127127718788799,474,True
georgia_like,US,AF,prior_correction_gated,0,1,0,0.015841524761354378,0.015841524761354378,0.015841524761354378,474,True
georgia_like,US,AF,prior_correction_minimax,0,1,0,0.01288443445922458,0.01288443445922458,0.01288443445922458,474,True
georgia_like,US,AF,prevalence_correction,0,20,0,0.015841524761354375,0.015841524761354378,0.015841524761354378,474,True
georgia_like,US,AF,temperature,0,20,0,0.015841524761354375,0.015841524761354378,0.015841524761354378,474,True
georgia_like,US,AF,platt,0,20,0,0.015841524761354375,0.015841524761354378,0.015841524761354378,474,True
georgia_like,US,AF,isotonic,0,20,0,0.015841524761354375,0.015841524761354378,0.015841524761354378,474,True
georgia_like,US,AF,cv_select,0,20,0,0.015841524761354375,0.015841524761354378,0.015841524761354378,474,True
georgia_like,US,AF,hybrid,0,20,0,0.015841524761354375,0.015841524761354378,0.015841524761354378,474,True
georgia_like,US,AF,hybrid_minimax,0,20,0,0.015841524761354375,0.015841524761354378,0.015841524761354378,474,True
georgia_like,US,AF,identity,25,1,0,0.015841524761354378,0.015841524761354378,0.015841524761354378,474,True
georgia_like,US,AF,prior_correction,25,1,0,0.0127127718788799,0.0127127718788799,0.0127127718788799,474,True
georgia_like,US,AF,prior_correction_gated,25,1,0,0.015841524761354378,0.015841524761354378,0.015841524761354378,474,True
georgia_like,US,AF,prior_correction_minimax,25,1,0,0.01288443445922458,0.01288443445922458,0.01288443445922458,474,True
georgia_like,US,AF,prevalence_correction,25,20,0,0.01943449817818636,0.015841524761354378,0.03420331500288012,474,True
georgia_like,US,AF,temperature,25,20,0,0.030301281108289103,0.02252096384251885,0.058778037351090155,474,True
georgia_like,US,AF,platt,25,20,0,0.057092964179321415,0.05521788764421814,0.08539685777592292,474,True
georgia_like,US,AF,isotonic,25,20,0,0.0516304530731404,0.04553978517608828,0.08959347097763085,474,True
georgia_like,US,AF,cv_select,25,20,0,0.034387434767234624,0.015841524761354378,0.0892,474,True
georgia_like,US,AF,hybrid,25,20,0,0.028348179484087695,0.02068839988650508,0.05857210839637652,474,True
georgia_like,US,AF,hybrid_minimax,25,20,0,0.02797367966345097,0.02043805780857913,0.058518443369865884,474,True
georgia_like,US,AF,identity,50,1,0,0.015841524761354378,0.015841524761354378,0.015841524761354378,474,True
georgia_like,US,AF,prior_correction,50,1,0,0.0127127718788799,0.0127127718788799,0.0127127718788799,474,True
georgia_like,US,AF,prior_correction_gated,50,1,0,0.015841524761354378,0.015841524761354378,0.015841524761354378,474,True
georgia_like,US,AF,prior_correction_minimax,50,1,0,0.01288443445922458,0.01288443445922458,0.01288443445922458,474,True
georgia_like,US,AF,prevalence_correction,50,20,0,0.022183461057293786,0.015841524761354378,0.03607480900936489,474,True
georgia_like,US,AF,temperature,50,20,0,0.024075800759072667,0.024532463562116812,0.03206997865919535,474,True
georgia_like,US,AF,platt,50,20,0,0.042432234412076386,0.04134863431799719,0.05778926997903309,474,True
georgia_like,US,AF,isotonic,50,20,0,0.04432044657450794,0.041720479814968764,0.06762447661636356,474,True
georgia_like,US,AF,cv_select,50,20,0,0.02310393975103582,0.015841524761354378,0.04981768731219248,474,True
georgia_like,US,AF,hybrid,50,20,0,0.022955866001223835,0.023267089653335623,0.032539444501417505,474,True
georgia_like,US,AF,hybrid_minimax,50,20,0,0.02326905514023458,0.024902411715501116,0.033144537774581095,474,True
georgia_like,US,AF,identity,100,1,0,0.015841524761354378,0.015841524761354378,0.015841524761354378,474,True
georgia_like,US,AF,prior_correction,100,1,0,0.0127127718788799,0.0127127718788799,0.0127127718788799,474,True
georgia_like,US,AF,prior_correction_gated,100,1,0,0.015841524761354378,0.015841524761354378,0.015841524761354378,474,True
georgia_like,US,AF,prior_correction_minimax,100,1,0,0.01288443445922458,0.01288443445922458,0.01288443445922458,474,True
georgia_like,US,AF,prevalence_correction,100,20,0,0.017268361857065834,0.015444601603988571,0.021648171512242617,474,True
georgia_like,US,AF,temperature,100,20,0,0.02132123969280989,0.016266054160184715,0.033822462907386365,474,True
georgia_like,US,AF,platt,100,20,0,0.03378863407939983,0.030955575355320446,0.056243246479824115,474,True
georgia_like,US,AF,isotonic,100,20,0,0.03582738683448835,0.03697304661181478,0.05825040779855213,474,True
georgia_like,US,AF,cv_select,100,20,0,0.026652924793914613,0.01916345084395874,0.047546283464761384,474,True
georgia_like,US,AF,hybrid,100,20,0,0.02044184522085359,0.01638113099570513,0.033189979558768755,474,True
georgia_like,US,AF,hybrid_minimax,100,20,0,0.020742842999855213,0.015413810463685718,0.033138398443178126,474,True
georgia_like,US,AF,identity,200,1,0,0.015841524761354378,0.015841524761354378,0.015841524761354378,474,True
georgia_like,US,AF,prior_correction,200,1,0,0.0127127718788799,0.0127127718788799,0.0127127718788799,474,True
georgia_like,US,AF,prior_correction_gated,200,1,0,0.015841524761354378,0.015841524761354378,0.015841524761354378,474,True
georgia_like,US,AF,prior_correction_minimax,200,1,0,0.01288443445922458,0.01288443445922458,0.01288443445922458,474,True
georgia_like,US,AF,prevalence_correction,200,20,0,0.01540382553146144,0.014043582567377814,0.02131934537922316,474,True
georgia_like,US,AF,temperature,200,20,0,0.016077746982894454,0.013131934655750386,0.025743023726402425,474,True
georgia_like,US,AF,platt,200,20,0,0.022492542787715394,0.021913469621137237,0.03281521379242427,474,True
georgia_like,US,AF,isotonic,200,20,0,0.02621012663899877,0.025037666381694003,0.03259147157543982,474,True
georgia_like,US,AF,cv_select,200,20,0,0.018789267532188826,0.015841524761354378,0.029116992679976268,474,True
georgia_like,US,AF,hybrid,200,20,0,0.015150924050683865,0.012005121069394798,0.023998225250889973,474,True
georgia_like,US,AF,hybrid_minimax,200,20,0,0.015915024759674705,0.01330476736581793,0.025072535316915997,474,True
georgia_like,US,AF,identity,400,1,0,0.015841524761354378,0.015841524761354378,0.015841524761354378,474,True
georgia_like,US,AF,prior_correction,400,1,0,0.0127127718788799,0.0127127718788799,0.0127127718788799,474,True
georgia_like,US,AF,prior_correction_gated,400,1,0,0.015841524761354378,0.015841524761354378,0.015841524761354378,474,True
georgia_like,US,AF,prior_correction_minimax,400,1,0,0.01288443445922458,0.01288443445922458,0.01288443445922458,474,True
georgia_like,US,AF,prevalence_correction,400,20,0,0.013803177483667925,0.01309319639259102,0.01573918774623346,474,True
georgia_like,US,AF,temperature,400,20,0,0.014636461021169389,0.013310676900450513,0.01956858716690098,474,True
georgia_like,US,AF,platt,400,20,0,0.01878800642503899,0.01876853510982779,0.025572329094354578,474,True
georgia_like,US,AF,isotonic,400,20,0,0.02371052882188886,0.022351562418054922,0.03261173148547493,474,True
georgia_like,US,AF,cv_select,400,20,0,0.020474374018910047,0.0193792531961689,0.030957129614340252,474,True
georgia_like,US,AF,hybrid,400,20,0,0.013788525873111992,0.012335734156448942,0.01897415208179145,474,True
georgia_like,US,AF,hybrid_minimax,400,20,0,0.014938231896432761,0.013843775797432747,0.02060826246648738,474,True
georgia_like,US,AF,identity,800,1,0,0.015841524761354378,0.015841524761354378,0.015841524761354378,474,True
georgia_like,US,AF,prior_correction,800,1,0,0.0127127718788799,0.0127127718788799,0.0127127718788799,474,True
georgia_like,US,AF,prior_correction_gated,800,1,0,0.015841524761354378,0.015841524761354378,0.015841524761354378,474,True
georgia_like,US,AF,prior_correction_minimax,800,1,0,0.01288443445922458,0.01288443445922458,0.01288443445922458,474,True
georgia_like,US,AF,prevalence_correction,800,20,0,0.01321284344902984,0.012987464410999823,0.013821405734484234,474,True
georgia_like,US,AF,temperature,800,20,0,0.013567996059092483,0.012751791772666127,0.017994507713326183,474,True
georgia_like,US,AF,platt,800,20,0,0.015834432385509842,0.015914294410252206,0.01964539360409937,474,True
georgia_like,US,AF,isotonic,800,20,0,0.0189322526402254,0.01790679229604162,0.028220885147323384,474,True
georgia_like,US,AF,cv_select,800,20,0,0.018912934727306117,0.017524529142119136,0.028220885147323384,474,True
georgia_like,US,AF,hybrid,800,20,0,0.012652124674190399,0.011606290011157554,0.017220019265316654,474,True
georgia_like,US,AF,hybrid_minimax,800,20,0,0.013824780524381727,0.012772561524160767,0.01858582882663124,474,True
georgia_like,US,IAVB,identity,0,1,0,0.02588789126333276,0.02588789126333276,0.02588789126333276,337,True
georgia_like,US,IAVB,prior_correction,0,1,0,0.06600248148368881,0.06600248148368881,0.06600248148368881,337,True
georgia_like,US,IAVB,prior_correction_gated,0,1,0,0.06600248148368881,0.06600248148368881,0.06600248148368881,337,True
georgia_like,US,IAVB,prior_correction_minimax,0,1,0,0.1492246364427864,0.1492246364427864,0.1492246364427864,337,True
georgia_like,US,IAVB,prevalence_correction,0,20,0,0.025887891263332758,0.02588789126333276,0.02588789126333276,337,True
georgia_like,US,IAVB,temperature,0,20,0,0.025887891263332758,0.02588789126333276,0.02588789126333276,337,True
georgia_like,US,IAVB,platt,0,20,0,0.025887891263332758,0.02588789126333276,0.02588789126333276,337,True
georgia_like,US,IAVB,isotonic,0,20,0,0.025887891263332758,0.02588789126333276,0.02588789126333276,337,True
georgia_like,US,IAVB,cv_select,0,20,0,0.025887891263332758,0.02588789126333276,0.02588789126333276,337,True
georgia_like,US,IAVB,hybrid,0,20,0,0.025887891263332758,0.02588789126333276,0.02588789126333276,337,True
georgia_like,US,IAVB,hybrid_minimax,0,20,0,0.025887891263332758,0.02588789126333276,0.02588789126333276,337,True
georgia_like,US,IAVB,identity,25,1,0,0.02588789126333276,0.02588789126333276,0.02588789126333276,337,True
georgia_like,US,IAVB,prior_correction,25,1,0,0.06600248148368881,0.06600248148368881,0.06600248148368881,337,True
georgia_like,US,IAVB,prior_correction_gated,25,1,0,0.06600248148368881,0.06600248148368881,0.06600248148368881,337,True
georgia_like,US,IAVB,prior_correction_minimax,25,1,0,0.1492246364427864,0.1492246364427864,0.1492246364427864,337,True
georgia_like,US,IAVB,prevalence_correction,25,20,0,0.04254316495393126,0.02588789126333276,0.06642126496815551,337,True
georgia_like,US,IAVB,temperature,25,20,0,0.03835422076921578,0.02588789126333276,0.06981747579960493,337,True
georgia_like,US,IAVB,platt,25,20,0,0.05785199703547855,0.051072306475027834,0.11165535678924876,337,True
georgia_like,US,IAVB,isotonic,25,20,0,0.06306032864377403,0.059395060508559167,0.1107699695447211,337,True
georgia_like,US,IAVB,cv_select,25,20,0,0.040978110144638785,0.02588789126333276,0.06386104446888168,337,True
georgia_like,US,IAVB,hybrid,25,20,0,0.049902681235052086,0.04184496916352383,0.0750659329457473,337,True
georgia_like,US,IAVB,hybrid_minimax,25,20,0,0.08056822822159858,0.06071081522630817,0.1492246364427864,337,True
georgia_like,US,IAVB,identity,50,1,0,0.02588789126333276,0.02588789126333276,0.02588789126333276,337,True
georgia_like,US,IAVB,prior_correction,50,1,0,0.06600248148368881,0.06600248148368881,0.06600248148368881,337,True
georgia_like,US,IAVB,prior_correction_gated,50,1,0,0.06600248148368881,0.06600248148368881,0.06600248148368881,337,True
georgia_like,US,IAVB,prior_correction_minimax,50,1,0,0.1492246364427864,0.1492246364427864,0.1492246364427864,337,True
georgia_like,US,IAVB,prevalence_correction,50,20,0,0.03426171712118508,0.028936336989235763,0.04668746959339145,337,True
georgia_like,US,IAVB,temperature,50,20,0,0.03332373657837482,0.03200476985071646,0.051141266596216435,337,True
georgia_like,US,IAVB,platt,50,20,0,0.04137925680655659,0.04128586446105341,0.059950774541228664,337,True
georgia_like,US,IAVB,isotonic,50,20,0,0.045300189782172304,0.04088417098646143,0.0658065552089048,337,True
georgia_like,US,IAVB,cv_select,50,20,0,0.028299313236757124,0.02588789126333276,0.03348787629636761,337,True
georgia_like,US,IAVB,hybrid,50,20,0,0.04127726235408426,0.03612764019679611,0.0636318675203851,337,True
georgia_like,US,IAVB,hybrid_minimax,50,20,0,0.06660096168352532,0.05800510956498036,0.0902922585304942,337,True
georgia_like,US,IAVB,identity,100,1,0,0.02588789126333276,0.02588789126333276,0.02588789126333276,337,True
georgia_like,US,IAVB,prior_correction,100,1,0,0.06600248148368881,0.06600248148368881,0.06600248148368881,337,True
georgia_like,US,IAVB,prior_correction_gated,100,1,0,0.06600248148368881,0.06600248148368881,0.06600248148368881,337,True
georgia_like,US,IAVB,prior_correction_minimax,100,1,0,0.1492246364427864,0.1492246364427864,0.1492246364427864,337,True
georgia_like,US,IAVB,prevalence_correction,100,20,0,0.030100787741293527,0.023461227533320132,0.04580526728430271,337,True
georgia_like,US,IAVB,temperature,100,20,0,0.028668137289523415,0.024994184952958135,0.04201668359647821,337,True
georgia_like,US,IAVB,platt,100,20,0,0.03416450741621651,0.03413743979412835,0.04731866003874515,337,True
georgia_like,US,IAVB,isotonic,100,20,0,0.036746472620695386,0.035176770158482876,0.06258047962388581,337,True
georgia_like,US,IAVB,cv_select,100,20,0,0.03167647238704597,0.025772351108162173,0.05492748581642251,337,True
georgia_like,US,IAVB,hybrid,100,20,0,0.03624935579567261,0.03266771571062622,0.04905932398883424,337,True
georgia_like,US,IAVB,hybrid_minimax,100,20,0,0.060916172399699306,0.056703496482495716,0.0721677690886691,337,True
georgia_like,US,IAVB,identity,200,1,0,0.02588789126333276,0.02588789126333276,0.02588789126333276,337,True
georgia_like,US,IAVB,prior_correction,200,1,0,0.06600248148368881,0.06600248148368881,0.06600248148368881,337,True
georgia_like,US,IAVB,prior_correction_gated,200,1,0,0.06600248148368881,0.06600248148368881,0.06600248148368881,337,True
georgia_like,US,IAVB,prior_correction_minimax,200,1,0,0.1492246364427864,0.1492246364427864,0.1492246364427864,337,True
georgia_like,US,IAVB,prevalence_correction,200,20,0,0.028884971645088086,0.023461227533320132,0.0453607962664777,337,True
georgia_like,US,IAVB,temperature,200,20,0,0.028497909136816796,0.023678421041436082,0.04121984241655902,337,True
georgia_like,US,IAVB,platt,200,20,0,0.027836222918361582,0.025560178921149354,0.03916729244152887,337,True
georgia_like,US,IAVB,isotonic,200,20,0,0.023665286575873676,0.024383109096674464,0.039384339820711226,337,True
georgia_like,US,IAVB,cv_select,200,20,0,0.022837251487648095,0.023153739739384307,0.03724380410898804,337,True
georgia_like,US,IAVB,hybrid,200,20,0,0.036316767637971,0.031409359211070895,0.04844412699887759,337,True
georgia_like,US,IAVB,hybrid_minimax,200,20,0,0.06235661878691834,0.059313535867363876,0.07379055843528781,337,True
georgia_like,US,IAVB,identity,400,1,0,0.02588789126333276,0.02588789126333276,0.02588789126333276,337,True
georgia_like,US,IAVB,prior_correction,400,1,0,0.06600248148368881,0.06600248148368881,0.06600248148368881,337,True
georgia_like,US,IAVB,prior_correction_gated,400,1,0,0.06600248148368881,0.06600248148368881,0.06600248148368881,337,True
georgia_like,US,IAVB,prior_correction_minimax,400,1,0,0.1492246364427864,0.1492246364427864,0.1492246364427864,337,True
georgia_like,US,IAVB,prevalence_correction,400,20,0,0.02809481948253535,0.027297728452746032,0.03501715307448043,337,True
georgia_like,US,IAVB,temperature,400,20,0,0.027643481008805815,0.027788791930003838,0.03356920835645735,337,True
georgia_like,US,IAVB,platt,400,20,0,0.02349159853007181,0.022752958475253302,0.027369799164987583,337,True
georgia_like,US,IAVB,isotonic,400,20,0,0.0176725167510199,0.017920014499331883,0.029782023404716272,337,True
georgia_like,US,IAVB,cv_select,400,20,0,0.0176725167510199,0.017920014499331883,0.029782023404716272,337,True
georgia_like,US,IAVB,hybrid,400,20,0,0.03603119665732217,0.037314761808347224,0.042059406066363235,337,True
georgia_like,US,IAVB,hybrid_minimax,400,20,0,0.06309897152512711,0.06438507974354687,0.06954083855176298,337,True
georgia_like,US,IAVB,identity,800,1,0,0.02588789126333276,0.02588789126333276,0.02588789126333276,337,True
georgia_like,US,IAVB,prior_correction,800,1,0,0.06600248148368881,0.06600248148368881,0.06600248148368881,337,True
georgia_like,US,IAVB,prior_correction_gated,800,1,0,0.06600248148368881,0.06600248148368881,0.06600248148368881,337,True
georgia_like,US,IAVB,prior_correction_minimax,800,1,0,0.1492246364427864,0.1492246364427864,0.1492246364427864,337,True
georgia_like,US,IAVB,prevalence_correction,800,20,0,0.026171347509593212,0.02590682334576334,0.030751295060677964,337,True
georgia_like,US,IAVB,temperature,800,20,0,0.026061962877608712,0.026051267561233993,0.030304929636832005,337,True
georgia_like,US,IAVB,platt,800,20,0,0.021101025445400552,0.02158890936904314,0.024572108869055698,337,True
georgia_like,US,IAVB,isotonic,800,20,0,0.014224045190920262,0.014503654043392565,0.020645250815259808,337,True
georgia_like,US,IAVB,cv_select,800,20,0,0.014224045190920262,0.014503654043392565,0.020645250815259808,337,True
georgia_like,US,IAVB,hybrid,800,20,0,0.03444242351901095,0.03476343901882324,0.03958697840844598,337,True
georgia_like,US,IAVB,hybrid_minimax,800,20,0,0.06156082487440976,0.061339821152300925,0.06781228304991788,337,True
georgia_like,US,RBBB,identity,0,1,0,0.00040000013028744676,0.00040000013028744676,0.00040000013028744676,297,True
georgia_like,US,RBBB,prior_correction,0,1,0,0.00040000015214895594,0.00040000015214895594,0.00040000015214895594,297,True
georgia_like,US,RBBB,prior_correction_gated,0,1,0,0.00040000015214895594,0.00040000015214895594,0.00040000015214895594,297,True
georgia_like,US,RBBB,prior_correction_minimax,0,1,0,0.00039443762327641467,0.00039443762327641467,0.00039443762327641467,297,True
georgia_like,US,RBBB,prevalence_correction,0,20,0,0.0004000001302874467,0.00040000013028744676,0.00040000013028744676,297,True
georgia_like,US,RBBB,temperature,0,20,0,0.0004000001302874467,0.00040000013028744676,0.00040000013028744676,297,True
georgia_like,US,RBBB,platt,0,20,0,0.0004000001302874467,0.00040000013028744676,0.00040000013028744676,297,True
georgia_like,US,RBBB,isotonic,0,20,0,0.0004000001302874467,0.00040000013028744676,0.00040000013028744676,297,True
georgia_like,US,RBBB,cv_select,0,20,0,0.0004000001302874467,0.00040000013028744676,0.00040000013028744676,297,True
georgia_like,US,RBBB,hybrid,0,20,0,0.0004000001302874467,0.00040000013028744676,0.00040000013028744676,297,True
georgia_like,US,RBBB,hybrid_minimax,0,20,0,0.0004000001302874467,0.00040000013028744676,0.00040000013028744676,297,True
georgia_like,US,RBBB,identity,25,1,0,0.00040000013028744676,0.00040000013028744676,0.00040000013028744676,297,True
georgia_like,US,RBBB,prior_correction,25,1,0,0.00040000015214895594,0.00040000015214895594,0.00040000015214895594,297,True
georgia_like,US,RBBB,prior_correction_gated,25,1,0,0.00040000015214895594,0.00040000015214895594,0.00040000015214895594,297,True
georgia_like,US,RBBB,prior_correction_minimax,25,1,0,0.00039443762327641467,0.00039443762327641467,0.00039443762327641467,297,True
georgia_like,US,RBBB,prevalence_correction,25,20,0,0.0004000001807055578,0.00040000013028744676,0.00040000032784109874,297,True
georgia_like,US,RBBB,temperature,25,20,0,0.0004006284999685736,0.00040058411761040996,0.0004008799999981674,297,True
georgia_like,US,RBBB,platt,25,20,0,0.0004008799999981674,0.0004008799999981674,0.0004008799999981674,297,True
georgia_like,US,RBBB,isotonic,25,20,0,0.009280000110739603,0.00040000013028744676,0.0596,297,True
georgia_like,US,RBBB,cv_select,25,20,0,0.00928000011074433,0.00040000013028744676,0.0596,297,True
georgia_like,US,RBBB,hybrid,25,20,0,0.0004006284999685736,0.00040058411761040996,0.0004008799999981674,297,True
georgia_like,US,RBBB,hybrid_minimax,25,20,0,0.00039562095412236516,0.0003956744125072631,0.0003956744125072839,297,True
georgia_like,US,RBBB,identity,50,1,0,0.00040000013028744676,0.00040000013028744676,0.00040000013028744676,297,True
georgia_like,US,RBBB,prior_correction,50,1,0,0.00040000015214895594,0.00040000015214895594,0.00040000015214895594,297,True
georgia_like,US,RBBB,prior_correction_gated,50,1,0,0.00040000015214895594,0.00040000015214895594,0.00040000015214895594,297,True
georgia_like,US,RBBB,prior_correction_minimax,50,1,0,0.00039443762327641467,0.00039443762327641467,0.00039443762327641467,297,True
georgia_like,US,RBBB,prevalence_correction,50,20,0,0.0004000001686971,0.00040000013028744676,0.00040000028495492117,297,True
georgia_like,US,RBBB,temperature,50,20,0,0.00040059891172979784,0.00040058411761040996,0.00040058411761040996,297,True
georgia_like,US,RBBB,platt,50,20,0,0.0004008799999981674,0.0004008799999981674,0.0004008799999981674,297,True
georgia_like,US,RBBB,isotonic,50,20,0,0.003360000123768347,0.00040000013028744676,0.00040000013028744676,297,True
georgia_like,US,RBBB,cv_select,50,20,0,0.0033600001237730735,0.00040000013028744676,0.00040000013028744676,297,True
georgia_like,US,RBBB,hybrid,50,20,0,0.00040059891172979784,0.00040058411761040996,0.00040058411761040996,297,True
georgia_like,US,RBBB,hybrid_minimax,50,20,0,0.00039565659304563184,0.0003956744125072631,0.0003956744125072839,297,True
georgia_like,US,RBBB,identity,100,1,0,0.00040000013028744676,0.00040000013028744676,0.00040000013028744676,297,True
georgia_like,US,RBBB,prior_correction,100,1,0,0.00040000015214895594,0.00040000015214895594,0.00040000015214895594,297,True
georgia_like,US,RBBB,prior_correction_gated,100,1,0,0.00040000015214895594,0.00040000015214895594,0.00040000015214895594,297,True
georgia_like,US,RBBB,prior_correction_minimax,100,1,0,0.00039443762327641467,0.00039443762327641467,0.00039443762327641467,297,True
georgia_like,US,RBBB,prevalence_correction,100,20,0,0.00040000012884674205,0.00040000010986161266,0.00040000019338943583,297,True
georgia_like,US,RBBB,temperature,100,20,0,0.00040058411761040996,0.00040058411761040996,0.00040058411761040996,297,True
georgia_like,US,RBBB,platt,100,20,0,0.0004008799999981674,0.0004008799999981674,0.0004008799999981674,297,True
georgia_like,US,RBBB,isotonic,100,20,0,0.0004000001302779924,0.00040000013028744676,0.00040000013028744676,297,True
georgia_like,US,RBBB,cv_select,100,20,0,0.0004000001302874467,0.00040000013028744676,0.00040000013028744676,297,True
georgia_like,US,RBBB,hybrid,100,20,0,0.00040058411761040996,0.00040058411761040996,0.00040058411761040996,297,True
georgia_like,US,RBBB,hybrid_minimax,100,20,0,0.00039567441250726516,0.0003956744125072631,0.000395674412507277,297,True
georgia_like,US,RBBB,identity,200,1,0,0.00040000013028744676,0.00040000013028744676,0.00040000013028744676,297,True
georgia_like,US,RBBB,prior_correction,200,1,0,0.00040000015214895594,0.00040000015214895594,0.00040000015214895594,297,True
georgia_like,US,RBBB,prior_correction_gated,200,1,0,0.00040000015214895594,0.00040000015214895594,0.00040000015214895594,297,True
georgia_like,US,RBBB,prior_correction_minimax,200,1,0,0.00039443762327641467,0.00039443762327641467,0.00039443762327641467,297,True
georgia_like,US,RBBB,prevalence_correction,200,20,0,0.0004000001147875706,0.0004000001147574171,0.000400000142621112,297,True
georgia_like,US,RBBB,temperature,200,20,0,0.00040058411761040996,0.00040058411761040996,0.00040058411761040996,297,True
georgia_like,US,RBBB,platt,200,20,0,0.0004008799999981674,0.0004008799999981674,0.0004008799999981674,297,True
georgia_like,US,RBBB,isotonic,200,20,0,0.0004000001302732652,0.00040000013028744676,0.00040000013028744676,297,True
georgia_like,US,RBBB,cv_select,200,20,0,0.0004000001302874467,0.00040000013028744676,0.00040000013028744676,297,True
georgia_like,US,RBBB,hybrid,200,20,0,0.00040058411761040996,0.00040058411761040996,0.00040058411761040996,297,True
georgia_like,US,RBBB,hybrid_minimax,200,20,0,0.0003956744125072645,0.0003956744125072631,0.000395674412507277,297,True
georgia_like,US,RBBB,identity,400,1,0,0.00040000013028744676,0.00040000013028744676,0.00040000013028744676,297,True
georgia_like,US,RBBB,prior_correction,400,1,0,0.00040000015214895594,0.00040000015214895594,0.00040000015214895594,297,True
georgia_like,US,RBBB,prior_correction_gated,400,1,0,0.00040000015214895594,0.00040000015214895594,0.00040000015214895594,297,True
georgia_like,US,RBBB,prior_correction_minimax,400,1,0,0.00039443762327641467,0.00039443762327641467,0.00039443762327641467,297,True
georgia_like,US,RBBB,prevalence_correction,400,20,0,0.000400000111772172,0.0004000001147443718,0.0004000001350401101,297,True
georgia_like,US,RBBB,temperature,400,20,0,0.00040058411761040996,0.00040058411761040996,0.00040058411761040996,297,True
georgia_like,US,RBBB,platt,400,20,0,0.0004008799999981674,0.0004008799999981674,0.0004008799999981674,297,True
georgia_like,US,RBBB,isotonic,400,20,0,0.000400000130268538,0.00040000013028744676,0.00040000013028744676,297,True
georgia_like,US,RBBB,cv_select,400,20,0,0.0004000001302874467,0.00040000013028744676,0.00040000013028744676,297,True
georgia_like,US,RBBB,hybrid,400,20,0,0.00040058411761040996,0.00040058411761040996,0.00040058411761040996,297,True
georgia_like,US,RBBB,hybrid_minimax,400,20,0,0.00039567441250726554,0.0003956744125072631,0.000395674412507277,297,True
georgia_like,US,RBBB,identity,800,1,0,0.00040000013028744676,0.00040000013028744676,0.00040000013028744676,297,True
georgia_like,US,RBBB,prior_correction,800,1,0,0.00040000015214895594,0.00040000015214895594,0.00040000015214895594,297,True
georgia_like,US,RBBB,prior_correction_gated,800,1,0,0.00040000015214895594,0.00040000015214895594,0.00040000015214895594,297,True
georgia_like,US,RBBB,prior_correction_minimax,800,1,0,0.00039443762327641467,0.00039443762327641467,0.00039443762327641467,297,True
georgia_like,US,RBBB,prevalence_correction,800,20,0,0.0004000001108227201,0.00040000011230299223,0.00040000012583384754,297,True
georgia_like,US,RBBB,temperature,800,20,0,0.00040058411761040996,0.00040058411761040996,0.00040058411761040996,297,True
georgia_like,US,RBBB,platt,800,20,0,0.0004008799999981674,0.0004008799999981674,0.0004008799999981674,297,True
georgia_like,US,RBBB,isotonic,800,20,0,0.00040000013025435637,0.00040000013028744676,0.00040000013028744676,297,True
georgia_like,US,RBBB,cv_select,800,20,0,0.0004000001302874467,0.00040000013028744676,0.00040000013028744676,297,True
georgia_like,US,RBBB,hybrid,800,20,0,0.00040058411761040996,0.00040058411761040996,0.00040058411761040996,297,True
georgia_like,US,RBBB,hybrid_minimax,800,20,0,0.0003956744125072645,0.0003956744125072631,0.0003956744125072645,297,True
georgia_like,US,LBBB,identity,0,1,0,9.101568672050952e-11,9.101568672050952e-11,9.101568672050952e-11,126,True
georgia_like,US,LBBB,prior_correction,0,1,0,1.1659711677275325e-10,1.1659711677275325e-10,1.1659711677275325e-10,126,True
georgia_like,US,LBBB,prior_correction_gated,0,1,0,9.101568672050952e-11,9.101568672050952e-11,9.101568672050952e-11,126,True
georgia_like,US,LBBB,prior_correction_minimax,0,1,0,0.0036155368305199557,0.0036155368305199557,0.0036155368305199557,126,True
georgia_like,US,LBBB,prevalence_correction,0,20,0,9.101568672050951e-11,9.101568672050952e-11,9.101568672050952e-11,126,True
georgia_like,US,LBBB,temperature,0,20,0,9.101568672050951e-11,9.101568672050952e-11,9.101568672050952e-11,126,True
georgia_like,US,LBBB,platt,0,20,0,9.101568672050951e-11,9.101568672050952e-11,9.101568672050952e-11,126,True
georgia_like,US,LBBB,isotonic,0,20,0,9.101568672050951e-11,9.101568672050952e-11,9.101568672050952e-11,126,True
georgia_like,US,LBBB,cv_select,0,20,0,9.101568672050951e-11,9.101568672050952e-11,9.101568672050952e-11,126,True
georgia_like,US,LBBB,hybrid,0,20,0,9.101568672050951e-11,9.101568672050952e-11,9.101568672050952e-11,126,True
georgia_like,US,LBBB,hybrid_minimax,0,20,0,9.101568672050951e-11,9.101568672050952e-11,9.101568672050952e-11,126,True
georgia_like,US,LBBB,identity,25,1,0,9.101568672050952e-11,9.101568672050952e-11,9.101568672050952e-11,126,True
georgia_like,US,LBBB,prior_correction,25,1,0,1.1659711677275325e-10,1.1659711677275325e-10,1.1659711677275325e-10,126,True
georgia_like,US,LBBB,prior_correction_gated,25,1,0,9.101568672050952e-11,9.101568672050952e-11,9.101568672050952e-11,126,True
georgia_like,US,LBBB,prior_correction_minimax,25,1,0,0.0036155368305199557,0.0036155368305199557,0.0036155368305199557,126,True
georgia_like,US,LBBB,prevalence_correction,25,20,0,9.101568672050951e-11,9.101568672050952e-11,9.101568672050952e-11,126,True
georgia_like,US,LBBB,temperature,25,20,0,8.170395573194045e-07,9.439999988612724e-07,9.439999988612724e-07,126,True
georgia_like,US,LBBB,platt,25,20,0,9.439999988612724e-07,9.439999988612724e-07,9.439999988612724e-07,126,True
georgia_like,US,LBBB,isotonic,25,20,0,0.01680000003630101,0.028,0.028,126,True
georgia_like,US,LBBB,cv_select,25,20,0,0.01680000003640628,0.028,0.028,126,True
georgia_like,US,LBBB,hybrid,25,20,0,8.170395573194045e-07,9.439999988612724e-07,9.439999988612724e-07,126,True
georgia_like,US,LBBB,hybrid_minimax,25,20,0,0.0038584835101418344,0.003614576430520919,0.003614576430520919,126,True
georgia_like,US,LBBB,identity,50,1,0,9.101568672050952e-11,9.101568672050952e-11,9.101568672050952e-11,126,True
georgia_like,US,LBBB,prior_correction,50,1,0,1.1659711677275325e-10,1.1659711677275325e-10,1.1659711677275325e-10,126,True
georgia_like,US,LBBB,prior_correction_gated,50,1,0,9.101568672050952e-11,9.101568672050952e-11,9.101568672050952e-11,126,True
georgia_like,US,LBBB,prior_correction_minimax,50,1,0,0.0036155368305199557,0.0036155368305199557,0.0036155368305199557,126,True
georgia_like,US,LBBB,prevalence_correction,50,20,0,8.43819483001262e-11,9.101568672050952e-11,9.101568672050952e-11,126,True
georgia_like,US,LBBB,temperature,50,20,0,7.37689281355737e-07,6.265988950066026e-07,9.439999988612724e-07,126,True
georgia_like,US,LBBB,platt,50,20,0,9.439999988612724e-07,9.439999988612724e-07,9.439999988612724e-07,126,True
georgia_like,US,LBBB,isotonic,50,20,0,0.00980000005914518,9.103664870557804e-11,0.028,126,True
georgia_like,US,LBBB,cv_select,50,20,0,0.009800000059160197,9.101568672050952e-11,0.028,126,True
georgia_like,US,LBBB,hybrid,50,20,0,7.37689281355737e-07,6.265988950066026e-07,9.439999988612724e-07,126,True
georgia_like,US,LBBB,hybrid_minimax,50,20,0,0.0035276831461882687,0.003590195391139018,0.003614576430520919,126,True
georgia_like,US,LBBB,identity,100,1,0,9.101568672050952e-11,9.101568672050952e-11,9.101568672050952e-11,126,True
georgia_like,US,LBBB,prior_correction,100,1,0,1.1659711677275325e-10,1.1659711677275325e-10,1.1659711677275325e-10,126,True
georgia_like,US,LBBB,prior_correction_gated,100,1,0,9.101568672050952e-11,9.101568672050952e-11,9.101568672050952e-11,126,True
georgia_like,US,LBBB,prior_correction_minimax,100,1,0,0.0036155368305199557,0.0036155368305199557,0.0036155368305199557,126,True
georgia_like,US,LBBB,prevalence_correction,100,20,0,8.743129234098899e-11,9.101568672050952e-11,1.0626713398348204e-10,126,True
georgia_like,US,LBBB,temperature,100,20,0,6.900791157775366e-07,6.265988950066026e-07,9.439999988612724e-07,126,True
georgia_like,US,LBBB,platt,100,20,0,9.439999988612724e-07,9.439999988612724e-07,9.439999988612724e-07,126,True
georgia_like,US,LBBB,isotonic,100,20,0,0.005600000072383741,9.102235805358294e-11,0.028,126,True
georgia_like,US,LBBB,cv_select,100,20,0,0.005600000072877965,9.101568672050952e-11,0.028,126,True
georgia_like,US,LBBB,hybrid,100,20,0,6.900791157775366e-07,6.265988950066026e-07,9.439999988612724e-07,126,True
georgia_like,US,LBBB,hybrid_minimax,100,20,0,0.0031706188575440337,0.0035511956107530263,0.003614576430520919,126,True
georgia_like,US,LBBB,identity,200,1,0,9.101568672050952e-11,9.101568672050952e-11,9.101568672050952e-11,126,True
georgia_like,US,LBBB,prior_correction,200,1,0,1.1659711677275325e-10,1.1659711677275325e-10,1.1659711677275325e-10,126,True
georgia_like,US,LBBB,prior_correction_gated,200,1,0,9.101568672050952e-11,9.101568672050952e-11,9.101568672050952e-11,126,True
georgia_like,US,LBBB,prior_correction_minimax,200,1,0,0.0036155368305199557,0.0036155368305199557,0.0036155368305199557,126,True
georgia_like,US,LBBB,prevalence_correction,200,20,0,1.4100577880794224e-10,1.0626713398348204e-10,2.6868236776634347e-10,126,True
georgia_like,US,LBBB,temperature,200,20,0,6.265988950066026e-07,6.265988950066026e-07,6.265988950066026e-07,126,True
georgia_like,US,LBBB,platt,200,20,0,9.439999988612724e-07,9.439999988612724e-07,9.439999988612724e-07,126,True
georgia_like,US,LBBB,isotonic,200,20,0,9.01359570315563e-11,9.104328575759713e-11,9.227824650237526e-11,126,True
georgia_like,US,LBBB,cv_select,200,20,0,9.108621852009845e-11,9.101568672050952e-11,9.10420752675556e-11,126,True
georgia_like,US,LBBB,hybrid,200,20,0,6.265988950066026e-07,6.265988950066026e-07,6.265988950066026e-07,126,True
georgia_like,US,LBBB,hybrid_minimax,200,20,0,0.0032537959125022373,0.0035127636594310552,0.003613325922164479,126,True
georgia_like,US,LBBB,identity,400,1,0,9.101568672050952e-11,9.101568672050952e-11,9.101568672050952e-11,126,True
georgia_like,US,LBBB,prior_correction,400,1,0,1.1659711677275325e-10,1.1659711677275325e-10,1.1659711677275325e-10,126,True
georgia_like,US,LBBB,prior_correction_gated,400,1,0,9.101568672050952e-11,9.101568672050952e-11,9.101568672050952e-11,126,True
georgia_like,US,LBBB,prior_correction_minimax,400,1,0,0.0036155368305199557,0.0036155368305199557,0.0036155368305199557,126,True
georgia_like,US,LBBB,prevalence_correction,400,20,0,2.1459166444602652e-10,1.904408601220847e-10,3.2952741828802604e-10,126,True
georgia_like,US,LBBB,temperature,400,20,0,6.265988950066026e-07,6.265988950066026e-07,6.265988950066026e-07,126,True
georgia_like,US,LBBB,platt,400,20,0,9.439999988612724e-07,9.439999988612724e-07,9.439999988612724e-07,126,True
georgia_like,US,LBBB,isotonic,400,20,0,9.037677880380235e-11,9.117122681812084e-11,9.447017092212296e-11,126,True
georgia_like,US,LBBB,cv_select,400,20,0,9.101568672050951e-11,9.101568672050952e-11,9.101568672050952e-11,126,True
georgia_like,US,LBBB,hybrid,400,20,0,6.265988950066026e-07,6.265988950066026e-07,6.265988950066026e-07,126,True
georgia_like,US,LBBB,hybrid_minimax,400,20,0,0.003320414059609926,0.003364778167521657,0.003612814994670984,126,True
georgia_like,US,LBBB,identity,800,1,0,9.101568672050952e-11,9.101568672050952e-11,9.101568672050952e-11,126,True
georgia_like,US,LBBB,prior_correction,800,1,0,1.1659711677275325e-10,1.1659711677275325e-10,1.1659711677275325e-10,126,True
georgia_like,US,LBBB,prior_correction_gated,800,1,0,9.101568672050952e-11,9.101568672050952e-11,9.101568672050952e-11,126,True
georgia_like,US,LBBB,prior_correction_minimax,800,1,0,0.0036155368305199557,0.0036155368305199557,0.0036155368305199557,126,True
georgia_like,US,LBBB,prevalence_correction,800,20,0,1.9376616029997935e-10,1.6337924938877345e-10,2.9977644953342793e-10,126,True
georgia_like,US,LBBB,temperature,800,20,0,6.265988950066026e-07,6.265988950066026e-07,6.265988950066026e-07,126,True
georgia_like,US,LBBB,platt,800,20,0,9.439999988612724e-07,9.439999988612724e-07,9.439999988612724e-07,126,True
georgia_like,US,LBBB,isotonic,800,20,0,8.937256802676873e-11,8.895239059225624e-11,9.895526689729373e-11,126,True
georgia_like,US,LBBB,cv_select,800,20,0,9.101568672050951e-11,9.101568672050952e-11,9.101568672050952e-11,126,True
georgia_like,US,LBBB,hybrid,800,20,0,6.265988950066026e-07,6.265988950066026e-07,6.265988950066026e-07,126,True
georgia_like,US,LBBB,hybrid_minimax,800,20,0,0.003398709163326459,0.0034437453082560906,0.0035880393569449704,126,True
georgia_like,US,SB,identity,0,1,0,0.004859152849151709,0.004859152849151709,0.004859152849151709,384,True
georgia_like,US,SB,prior_correction,0,1,0,0.009767429570386392,0.009767429570386392,0.009767429570386392,384,True
georgia_like,US,SB,prior_correction_gated,0,1,0,0.004859152849151709,0.004859152849151709,0.004859152849151709,384,True
georgia_like,US,SB,prior_correction_minimax,0,1,0,0.017274667350907835,0.017274667350907835,0.017274667350907835,384,True
georgia_like,US,SB,prevalence_correction,0,20,0,0.00485915284915171,0.004859152849151709,0.004859152849151709,384,True
georgia_like,US,SB,temperature,0,20,0,0.00485915284915171,0.004859152849151709,0.004859152849151709,384,True
georgia_like,US,SB,platt,0,20,0,0.00485915284915171,0.004859152849151709,0.004859152849151709,384,True
georgia_like,US,SB,isotonic,0,20,0,0.00485915284915171,0.004859152849151709,0.004859152849151709,384,True
georgia_like,US,SB,cv_select,0,20,0,0.00485915284915171,0.004859152849151709,0.004859152849151709,384,True
georgia_like,US,SB,hybrid,0,20,0,0.00485915284915171,0.004859152849151709,0.004859152849151709,384,True
georgia_like,US,SB,hybrid_minimax,0,20,0,0.00485915284915171,0.004859152849151709,0.004859152849151709,384,True
georgia_like,US,SB,identity,25,1,0,0.004859152849151709,0.004859152849151709,0.004859152849151709,384,True
georgia_like,US,SB,prior_correction,25,1,0,0.009767429570386392,0.009767429570386392,0.009767429570386392,384,True
georgia_like,US,SB,prior_correction_gated,25,1,0,0.004859152849151709,0.004859152849151709,0.004859152849151709,384,True
georgia_like,US,SB,prior_correction_minimax,25,1,0,0.017274667350907835,0.017274667350907835,0.017274667350907835,384,True
georgia_like,US,SB,prevalence_correction,25,20,0,0.010253846779950117,0.004859152849151709,0.021185877380688525,384,True
georgia_like,US,SB,temperature,25,20,0,0.014116127579885502,0.015079156538329613,0.01633141579638865,384,True
georgia_like,US,SB,platt,25,20,0,0.02124616324651934,0.015253373622838592,0.037463504073276574,384,True
georgia_like,US,SB,isotonic,25,20,0,0.02089691963121723,0.01602579908665353,0.03140977300400672,384,True
georgia_like,US,SB,cv_select,25,20,0,0.014062587402786122,0.004859152849151709,0.025783055985642227,384,True
georgia_like,US,SB,hybrid,25,20,0,0.014617768569555595,0.012285138379811902,0.015288467973230906,384,True
georgia_like,US,SB,hybrid_minimax,25,20,0,0.024443233929462425,0.024184515674685034,0.03205645461352697,384,True
georgia_like,US,SB,identity,50,1,0,0.004859152849151709,0.004859152849151709,0.004859152849151709,384,True
georgia_like,US,SB,prior_correction,50,1,0,0.009767429570386392,0.009767429570386392,0.009767429570386392,384,True
georgia_like,US,SB,prior_correction_gated,50,1,0,0.004859152849151709,0.004859152849151709,0.004859152849151709,384,True
georgia_like,US,SB,prior_correction_minimax,50,1,0,0.017274667350907835,0.017274667350907835,0.017274667350907835,384,True
georgia_like,US,SB,prevalence_correction,50,20,0,0.008298902154639961,0.00516015688111623,0.014149322461590005,384,True
georgia_like,US,SB,temperature,50,20,0,0.014092242230586161,0.01509255981549208,0.02462882432004493,384,True
georgia_like,US,SB,platt,50,20,0,0.024050896989253213,0.015894917066881786,0.045581407004278714,384,True
georgia_like,US,SB,isotonic,50,20,0,0.02408789196405533,0.02052489148493693,0.04296063939683602,384,True
georgia_like,US,SB,cv_select,50,20,0,0.008631906451700472,0.004859152849151709,0.015149956344871407,384,True
georgia_like,US,SB,hybrid,50,20,0,0.01581724996377256,0.012289121308146713,0.027634304353760495,384,True
georgia_like,US,SB,hybrid_minimax,50,20,0,0.022397662409773776,0.0211630584799188,0.03057942756261007,384,True
georgia_like,US,SB,identity,100,1,0,0.004859152849151709,0.004859152849151709,0.004859152849151709,384,True
georgia_like,US,SB,prior_correction,100,1,0,0.009767429570386392,0.009767429570386392,0.009767429570386392,384,True
georgia_like,US,SB,prior_correction_gated,100,1,0,0.004859152849151709,0.004859152849151709,0.004859152849151709,384,True
georgia_like,US,SB,prior_correction_minimax,100,1,0,0.017274667350907835,0.017274667350907835,0.017274667350907835,384,True
georgia_like,US,SB,prevalence_correction,100,20,0,0.007881504091948882,0.005618341812109702,0.010952972766841741,384,True
georgia_like,US,SB,temperature,100,20,0,0.010343317315840336,0.008211279174796651,0.015987211397795832,384,True
georgia_like,US,SB,platt,100,20,0,0.01991838804131121,0.016135875390481606,0.04196415519529174,384,True
georgia_like,US,SB,isotonic,100,20,0,0.01903675381967311,0.013377200533902402,0.045221529937331605,384,True
georgia_like,US,SB,cv_select,100,20,0,0.010342315410458285,0.004859152849151709,0.021944969618655052,384,True
georgia_like,US,SB,hybrid,100,20,0,0.013119466921889958,0.012242858717639426,0.0185627227790303,384,True
georgia_like,US,SB,hybrid_minimax,100,20,0,0.019904203008099988,0.01846959715956939,0.024118048655141194,384,True
georgia_like,US,SB,identity,200,1,0,0.004859152849151709,0.004859152849151709,0.004859152849151709,384,True
georgia_like,US,SB,prior_correction,200,1,0,0.009767429570386392,0.009767429570386392,0.009767429570386392,384,True
georgia_like,US,SB,prior_correction_gated,200,1,0,0.004859152849151709,0.004859152849151709,0.004859152849151709,384,True
georgia_like,US,SB,prior_correction_minimax,200,1,0,0.017274667350907835,0.017274667350907835,0.017274667350907835,384,True
georgia_like,US,SB,prevalence_correction,200,20,0,0.006694377008354124,0.005399769577039137,0.008680709888067186,384,True
georgia_like,US,SB,temperature,200,20,0,0.008130950117777173,0.0067309823834927115,0.011946613448804272,384,True
georgia_like,US,SB,platt,200,20,0,0.012637749433853443,0.011472337001652278,0.022672457595917583,384,True
georgia_like,US,SB,isotonic,200,20,0,0.012508270549375224,0.01234108371070099,0.019777622937859694,384,True
georgia_like,US,SB,cv_select,200,20,0,0.005976331276352414,0.004859152849151709,0.005651237275033606,384,True
georgia_like,US,SB,hybrid,200,20,0,0.011892448743805737,0.011442175659252065,0.013816901920240524,384,True
georgia_like,US,SB,hybrid_minimax,200,20,0,0.019285235447531975,0.01868885562619889,0.02250648412825355,384,True
georgia_like,US,SB,identity,400,1,0,0.004859152849151709,0.004859152849151709,0.004859152849151709,384,True
georgia_like,US,SB,prior_correction,400,1,0,0.009767429570386392,0.009767429570386392,0.009767429570386392,384,True
georgia_like,US,SB,prior_correction_gated,400,1,0,0.004859152849151709,0.004859152849151709,0.004859152849151709,384,True
georgia_like,US,SB,prior_correction_minimax,400,1,0,0.017274667350907835,0.017274667350907835,0.017274667350907835,384,True
georgia_like,US,SB,prevalence_correction,400,20,0,0.0055278147629739555,0.004650146499560432,0.0073024853793389735,384,True
georgia_like,US,SB,temperature,400,20,0,0.006455050519924077,0.006079514415438931,0.008699087294956985,384,True
georgia_like,US,SB,platt,400,20,0,0.007318844202191083,0.0067218573066566735,0.011698404800039098,384,True
georgia_like,US,SB,isotonic,400,20,0,0.007935898383740717,0.0078068903615283155,0.012980379575139542,384,True
georgia_like,US,SB,cv_select,400,20,0,0.005262168171407322,0.004859152849151709,0.004859152849151709,384,True
georgia_like,US,SB,hybrid,400,20,0,0.011004148275190072,0.011027676369745262,0.01212821500846779,384,True
georgia_like,US,SB,hybrid_minimax,400,20,0,0.018425774901682245,0.018473640954455195,0.01989572626991128,384,True
georgia_like,US,SB,identity,800,1,0,0.004859152849151709,0.004859152849151709,0.004859152849151709,384,True
georgia_like,US,SB,prior_correction,800,1,0,0.009767429570386392,0.009767429570386392,0.009767429570386392,384,True
georgia_like,US,SB,prior_correction_gated,800,1,0,0.004859152849151709,0.004859152849151709,0.004859152849151709,384,True
georgia_like,US,SB,prior_correction_minimax,800,1,0,0.017274667350907835,0.017274667350907835,0.017274667350907835,384,True
georgia_like,US,SB,prevalence_correction,800,20,0,0.0046956502000666395,0.004271279130660903,0.005369264476612779,384,True
georgia_like,US,SB,temperature,800,20,0,0.006629816665897047,0.0063544314175389225,0.007997793644189283,384,True
georgia_like,US,SB,platt,800,20,0,0.007862599843394352,0.00754854899152232,0.01132170245887566,384,True
georgia_like,US,SB,isotonic,800,20,0,0.007636447325179499,0.00619077517221921,0.013766114568608705,384,True
georgia_like,US,SB,cv_select,800,20,0,0.006307277819068727,0.004859152849151709,0.01132170245887566,384,True
georgia_like,US,SB,hybrid,800,20,0,0.011214888649838144,0.011301075993968509,0.011966215011449014,384,True
georgia_like,US,SB,hybrid_minimax,800,20,0,0.018716213232608962,0.018689827284918338,0.02005466282588915,384,True
georgia_like,US,STACH,identity,0,1,0,0.008948766511534156,0.008948766511534156,0.008948766511534156,441,True
georgia_like,US,STACH,prior_correction,0,1,0,0.011170443261195118,0.011170443261195118,0.011170443261195118,441,True
georgia_like,US,STACH,prior_correction_gated,0,1,0,0.008948766511534156,0.008948766511534156,0.008948766511534156,441,True
georgia_like,US,STACH,prior_correction_minimax,0,1,0,0.0409062443840396,0.0409062443840396,0.0409062443840396,441,True
georgia_like,US,STACH,prevalence_correction,0,20,0,0.008948766511534154,0.008948766511534156,0.008948766511534156,441,True
georgia_like,US,STACH,temperature,0,20,0,0.008948766511534154,0.008948766511534156,0.008948766511534156,441,True
georgia_like,US,STACH,platt,0,20,0,0.008948766511534154,0.008948766511534156,0.008948766511534156,441,True
georgia_like,US,STACH,isotonic,0,20,0,0.008948766511534154,0.008948766511534156,0.008948766511534156,441,True
georgia_like,US,STACH,cv_select,0,20,0,0.008948766511534154,0.008948766511534156,0.008948766511534156,441,True
georgia_like,US,STACH,hybrid,0,20,0,0.008948766511534154,0.008948766511534156,0.008948766511534156,441,True
georgia_like,US,STACH,hybrid_minimax,0,20,0,0.008948766511534154,0.008948766511534156,0.008948766511534156,441,True
georgia_like,US,STACH,identity,25,1,0,0.008948766511534156,0.008948766511534156,0.008948766511534156,441,True
georgia_like,US,STACH,prior_correction,25,1,0,0.011170443261195118,0.011170443261195118,0.011170443261195118,441,True
georgia_like,US,STACH,prior_correction_gated,25,1,0,0.008948766511534156,0.008948766511534156,0.008948766511534156,441,True
georgia_like,US,STACH,prior_correction_minimax,25,1,0,0.0409062443840396,0.0409062443840396,0.0409062443840396,441,True
georgia_like,US,STACH,prevalence_correction,25,20,0,0.00839877044510316,0.008948766511534156,0.009231077093407983,441,True
georgia_like,US,STACH,temperature,25,20,0,0.012265869298332295,0.01182451744432648,0.0159509177795312,441,True
georgia_like,US,STACH,platt,25,20,0,0.015157322236817391,0.015172292423714984,0.028659414896480124,441,True
georgia_like,US,STACH,isotonic,25,20,0,0.03223603314215306,0.01337287283845582,0.0908,441,True
georgia_like,US,STACH,cv_select,25,20,0,0.0317312303737202,0.015331099721644387,0.0908,441,True
georgia_like,US,STACH,hybrid,25,20,0,0.014779473905033405,0.014331957908698099,0.019202300464933843,441,True
georgia_like,US,STACH,hybrid_minimax,25,20,0,0.04560088686724491,0.04090655711878383,0.057519530824544765,441,True
georgia_like,US,STACH,identity,50,1,0,0.008948766511534156,0.008948766511534156,0.008948766511534156,441,True
georgia_like,US,STACH,prior_correction,50,1,0,0.011170443261195118,0.011170443261195118,0.011170443261195118,441,True
georgia_like,US,STACH,prior_correction_gated,50,1,0,0.008948766511534156,0.008948766511534156,0.008948766511534156,441,True
georgia_like,US,STACH,prior_correction_minimax,50,1,0,0.0409062443840396,0.0409062443840396,0.0409062443840396,441,True
georgia_like,US,STACH,prevalence_correction,50,20,0,0.009125274548748816,0.008948766511534156,0.012538376389921639,441,True
georgia_like,US,STACH,temperature,50,20,0,0.013255640213379901,0.01384255037303147,0.01618744548183942,441,True
georgia_like,US,STACH,platt,50,20,0,0.014898632622016832,0.015872650325891732,0.024674300726948928,441,True
georgia_like,US,STACH,isotonic,50,20,0,0.013279246875897733,0.011418918939360433,0.028323322428339907,441,True
georgia_like,US,STACH,cv_select,50,20,0,0.011484738060230454,0.008948766511534156,0.01618744548183942,441,True
georgia_like,US,STACH,hybrid,50,20,0,0.015879377987596706,0.015258788078422344,0.01951480265031288,441,True
georgia_like,US,STACH,hybrid_minimax,50,20,0,0.0442710873936427,0.043790061647932865,0.04848241858148898,441,True
georgia_like,US,STACH,identity,100,1,0,0.008948766511534156,0.008948766511534156,0.008948766511534156,441,True
georgia_like,US,STACH,prior_correction,100,1,0,0.011170443261195118,0.011170443261195118,0.011170443261195118,441,True
georgia_like,US,STACH,prior_correction_gated,100,1,0,0.008948766511534156,0.008948766511534156,0.008948766511534156,441,True
georgia_like,US,STACH,prior_correction_minimax,100,1,0,0.0409062443840396,0.0409062443840396,0.0409062443840396,441,True
georgia_like,US,STACH,prevalence_correction,100,20,0,0.01128781846380845,0.01070759485050159,0.016775937213506193,441,True
georgia_like,US,STACH,temperature,100,20,0,0.010936474321017731,0.009747035037623189,0.015423696947452612,441,True
georgia_like,US,STACH,platt,100,20,0,0.01382538435108072,0.011788970037301413,0.024068228153940746,441,True
georgia_like,US,STACH,isotonic,100,20,0,0.009991319025864089,0.01029414305551035,0.01762374664091324,441,True
georgia_like,US,STACH,cv_select,100,20,0,0.010675181777547026,0.008948766511534156,0.0160634420951162,441,True
georgia_like,US,STACH,hybrid,100,20,0,0.0129406498518512,0.011529690286934034,0.01743409765935947,441,True
georgia_like,US,STACH,hybrid_minimax,100,20,0,0.04318557798516008,0.042195226859048265,0.045443464281670426,441,True
georgia_like,US,STACH,identity,200,1,0,0.008948766511534156,0.008948766511534156,0.008948766511534156,441,True
georgia_like,US,STACH,prior_correction,200,1,0,0.011170443261195118,0.011170443261195118,0.011170443261195118,441,True
georgia_like,US,STACH,prior_correction_gated,200,1,0,0.008948766511534156,0.008948766511534156,0.008948766511534156,441,True
georgia_like,US,STACH,prior_correction_minimax,200,1,0,0.0409062443840396,0.0409062443840396,0.0409062443840396,441,True
georgia_like,US,STACH,prevalence_correction,200,20,0,0.01051559959273922,0.010490418981122133,0.012538376389921639,441,True
georgia_like,US,STACH,temperature,200,20,0,0.009806351915516886,0.00966160016323159,0.011169163150613799,441,True
georgia_like,US,STACH,platt,200,20,0,0.009165220228329852,0.009577066509638155,0.01355921899979828,441,True
georgia_like,US,STACH,isotonic,200,20,0,0.006996235321855673,0.008022480179754914,0.011963253983580764,441,True
georgia_like,US,STACH,cv_select,200,20,0,0.00900254739994976,0.008948766511534156,0.008948766511534156,441,True
georgia_like,US,STACH,hybrid,200,20,0,0.011715302754944545,0.01149200763867034,0.013678756018699938,441,True
georgia_like,US,STACH,hybrid_minimax,200,20,0,0.0430160920845864,0.04276504294099581,0.04502628526038621,441,True
georgia_like,US,STACH,identity,400,1,0,0.008948766511534156,0.008948766511534156,0.008948766511534156,441,True
georgia_like,US,STACH,prior_correction,400,1,0,0.011170443261195118,0.011170443261195118,0.011170443261195118,441,True
georgia_like,US,STACH,prior_correction_gated,400,1,0,0.008948766511534156,0.008948766511534156,0.008948766511534156,441,True
georgia_like,US,STACH,prior_correction_minimax,400,1,0,0.0409062443840396,0.0409062443840396,0.0409062443840396,441,True
georgia_like,US,STACH,prevalence_correction,400,20,0,0.01018483853624242,0.010166520309459682,0.011446554893051877,441,True
georgia_like,US,STACH,temperature,400,20,0,0.00968509356233536,0.008971143095826833,0.011433630071955005,441,True
georgia_like,US,STACH,platt,400,20,0,0.008432517221732822,0.008685546737679276,0.011655823745394745,441,True
georgia_like,US,STACH,isotonic,400,20,0,0.005608967189490229,0.005625300490998628,0.010793978230289712,441,True
georgia_like,US,STACH,cv_select,400,20,0,0.00869296965233011,0.008948766511534156,0.009122938434630409,441,True
georgia_like,US,STACH,hybrid,400,20,0,0.011433232332103345,0.010909576113455163,0.013083869255886463,441,True
georgia_like,US,STACH,hybrid_minimax,400,20,0,0.04297135353490088,0.04275629133400353,0.04492618916168322,441,True
georgia_like,US,STACH,identity,800,1,0,0.008948766511534156,0.008948766511534156,0.008948766511534156,441,True
georgia_like,US,STACH,prior_correction,800,1,0,0.011170443261195118,0.011170443261195118,0.011170443261195118,441,True
georgia_like,US,STACH,prior_correction_gated,800,1,0,0.008948766511534156,0.008948766511534156,0.008948766511534156,441,True
georgia_like,US,STACH,prior_correction_minimax,800,1,0,0.0409062443840396,0.0409062443840396,0.0409062443840396,441,True
georgia_like,US,STACH,prevalence_correction,800,20,0,0.009987892398220767,0.009954007548054616,0.010740818695662551,441,True
georgia_like,US,STACH,temperature,800,20,0,0.009379973451830306,0.008976462465721903,0.010407659294651487,441,True
georgia_like,US,STACH,platt,800,20,0,0.008191362479939648,0.00790128158419827,0.0094423462896914,441,True
georgia_like,US,STACH,isotonic,800,20,0,0.005616761779778233,0.005189797028082469,0.008433622485498594,441,True
georgia_like,US,STACH,cv_select,800,20,0,0.009171020869133333,0.008948766511534156,0.009151643041585798,441,True
georgia_like,US,STACH,hybrid,800,20,0,0.011140207693874218,0.010791125802504686,0.012068010700840832,441,True
georgia_like,US,STACH,hybrid_minimax,800,20,0,0.04299599757595685,0.04305003936354898,0.04442258634844402,441,True
ptbxl_like,DE,AF,identity,0,1,0,0.03264302049266112,0.03264302049266112,0.03264302049266112,410,True
ptbxl_like,DE,AF,prior_correction,0,1,0,0.0804,0.0804,0.0804,410,True
ptbxl_like,DE,AF,prior_correction_gated,0,1,0,0.03264302049266112,0.03264302049266112,0.03264302049266112,410,True
ptbxl_like,DE,AF,prior_correction_minimax,0,1,0,0.01831743811361921,0.01831743811361921,0.01831743811361921,410,True
ptbxl_like,DE,AF,prevalence_correction,0,20,0,0.032643020492661115,0.03264302049266112,0.03264302049266112,410,True
ptbxl_like,DE,AF,temperature,0,20,0,0.032643020492661115,0.03264302049266112,0.03264302049266112,410,True
ptbxl_like,DE,AF,platt,0,20,0,0.032643020492661115,0.03264302049266112,0.03264302049266112,410,True
ptbxl_like,DE,AF,isotonic,0,20,0,0.032643020492661115,0.03264302049266112,0.03264302049266112,410,True
ptbxl_like,DE,AF,cv_select,0,20,0,0.032643020492661115,0.03264302049266112,0.03264302049266112,410,True
ptbxl_like,DE,AF,hybrid,0,20,0,0.032643020492661115,0.03264302049266112,0.03264302049266112,410,True
ptbxl_like,DE,AF,hybrid_minimax,0,20,0,0.032643020492661115,0.03264302049266112,0.03264302049266112,410,True
ptbxl_like,DE,AF,identity,25,1,0,0.03264302049266112,0.03264302049266112,0.03264302049266112,410,True
ptbxl_like,DE,AF,prior_correction,25,1,0,0.0804,0.0804,0.0804,410,True
ptbxl_like,DE,AF,prior_correction_gated,25,1,0,0.03264302049266112,0.03264302049266112,0.03264302049266112,410,True
ptbxl_like,DE,AF,prior_correction_minimax,25,1,0,0.01831743811361921,0.01831743811361921,0.01831743811361921,410,True
ptbxl_like,DE,AF,prevalence_correction,25,20,0,0.02957942995451123,0.03264302049266112,0.03299126842911533,410,True
ptbxl_like,DE,AF,temperature,25,20,0,0.03996191910714987,0.03845994182603485,0.05650925780451531,410,True
ptbxl_like,DE,AF,platt,25,20,0,0.05805461455314265,0.05489293892376142,0.09995345097127961,410,True
ptbxl_like,DE,AF,isotonic,25,20,0,0.055676048056189295,0.04821214020748067,0.09207746276435215,410,True
ptbxl_like,DE,AF,cv_select,25,20,0,0.038835158529644684,0.03264302049266112,0.05178391962083638,410,True
ptbxl_like,DE,AF,hybrid,25,20,0,0.04804000165208703,0.04040000494782944,0.11959999972766341,410,True
ptbxl_like,DE,AF,hybrid_minimax,25,20,0,0.040499836958794985,0.04025946890390324,0.05628098488445695,410,True
ptbxl_like,DE,AF,identity,50,1,0,0.03264302049266112,0.03264302049266112,0.03264302049266112,410,True
ptbxl_like,DE,AF,prior_correction,50,1,0,0.0804,0.0804,0.0804,410,True
ptbxl_like,DE,AF,prior_correction_gated,50,1,0,0.03264302049266112,0.03264302049266112,0.03264302049266112,410,True
ptbxl_like,DE,AF,prior_correction_minimax,50,1,0,0.01831743811361921,0.01831743811361921,0.01831743811361921,410,True
ptbxl_like,DE,AF,prevalence_correction,50,20,0,0.036910974975087066,0.03757008394109361,0.04315108258301104,410,True
ptbxl_like,DE,AF,temperature,50,20,0,0.031524639744384235,0.029513879561669183,0.04665831472271229,410,True
ptbxl_like,DE,AF,platt,50,20,0,0.04044146700301324,0.03546881752408606,0.07318668187900591,410,True
ptbxl_like,DE,AF,isotonic,50,20,0,0.03810228056889512,0.03885561408683349,0.06108043211452841,410,True
ptbxl_like,DE,AF,cv_select,50,20,0,0.03552592471130478,0.03264302049266112,0.04099953637068719,410,True
ptbxl_like,DE,AF,hybrid,50,20,0,0.028999987193673075,0.020399998059703425,0.059599983768684764,410,True
ptbxl_like,DE,AF,hybrid_minimax,50,20,0,0.030520003705301786,0.028591844649378317,0.048392244577423124,410,True
ptbxl_like,DE,AF,identity,100,1,0,0.03264302049266112,0.03264302049266112,0.03264302049266112,410,True
ptbxl_like,DE,AF,prior_correction,100,1,0,0.0804,0.0804,0.0804,410,True
ptbxl_like,DE,AF,prior_correction_gated,100,1,0,0.03264302049266112,0.03264302049266112,0.03264302049266112,410,True
ptbxl_like,DE,AF,prior_correction_minimax,100,1,0,0.01831743811361921,0.01831743811361921,0.01831743811361921,410,True
ptbxl_like,DE,AF,prevalence_correction,100,20,0,0.040970763938457666,0.040049679607422194,0.051303943443393486,410,True
ptbxl_like,DE,AF,temperature,100,20,0,0.02807924022934749,0.025718031151952595,0.0361188098488037,410,True
ptbxl_like,DE,AF,platt,100,20,0,0.03209530511899581,0.029220421775440014,0.0493011996879621,410,True
ptbxl_like,DE,AF,isotonic,100,20,0,0.030674885661884633,0.02609025383075533,0.04872738724711858,410,True
ptbxl_like,DE,AF,cv_select,100,20,0,0.03381344953415861,0.03264302049266112,0.041555197509109,410,True
ptbxl_like,DE,AF,hybrid,100,20,0,0.02491999003808363,0.020399998060163644,0.04132000410960939,410,True
ptbxl_like,DE,AF,hybrid_minimax,100,20,0,0.027060416081294992,0.02375797440576665,0.04136304117963972,410,True
ptbxl_like,DE,AF,identity,200,1,0,0.03264302049266112,0.03264302049266112,0.03264302049266112,410,True
ptbxl_like,DE,AF,prior_correction,200,1,0,0.0804,0.0804,0.0804,410,True
ptbxl_like,DE,AF,prior_correction_gated,200,1,0,0.03264302049266112,0.03264302049266112,0.03264302049266112,410,True
ptbxl_like,DE,AF,prior_correction_minimax,200,1,0,0.01831743811361921,0.01831743811361921,0.01831743811361921,410,True
ptbxl_like,DE,AF,prevalence_correction,200,20,0,0.041298312227098906,0.0413177181203391,0.045400355085777264,410,True
ptbxl_like,DE,AF,temperature,200,20,0,0.025197042020892145,0.023797260748823466,0.029547648246599778,410,True
ptbxl_like,DE,AF,platt,200,20,0,0.02548449295361439,0.022595881289236487,0.03670982571588747,410,True
ptbxl_like,DE,AF,isotonic,200,20,0,0.028823650373185912,0.026991172265607162,0.03772996026037148,410,True
ptbxl_like,DE,AF,cv_select,200,20,0,0.0329652881291793,0.03264302049266112,0.03670982571588747,410,True
ptbxl_like,DE,AF,hybrid,200,20,0,0.014959992237617478,0.009999985221568974,0.03681999572233719,410,True
ptbxl_like,DE,AF,hybrid_minimax,200,20,0,0.02178021039919774,0.02056765219561049,0.02764997237411581,410,True
ptbxl_like,DE,AF,identity,400,1,0,0.03264302049266112,0.03264302049266112,0.03264302049266112,410,True
ptbxl_like,DE,AF,prior_correction,400,1,0,0.0804,0.0804,0.0804,410,True
ptbxl_like,DE,AF,prior_correction_gated,400,1,0,0.03264302049266112,0.03264302049266112,0.03264302049266112,410,True
ptbxl_like,DE,AF,prior_correction_minimax,400,1,0,0.01831743811361921,0.01831743811361921,0.01831743811361921,410,True
ptbxl_like,DE,AF,prevalence_correction,400,20,0,0.041652453520143004,0.0413177181203391,0.04663560358028282,410,True
ptbxl_like,DE,AF,temperature,400,20,0,0.024511803300030728,0.02352632958551075,0.02591163593964183,410,True
ptbxl_like,DE,AF,platt,400,20,0,0.02256974507734464,0.021764143094447547,0.026823376071593557,410,True
ptbxl_like,DE,AF,isotonic,400,20,0,0.026537473479831774,0.026386998672830272,0.03457118955105372,410,True
ptbxl_like,DE,AF,cv_select,400,20,0,0.02796568150980901,0.03090119048362089,0.03289099089347591,410,True
ptbxl_like,DE,AF,hybrid,400,20,0,0.012544995601716827,0.009999985221758649,0.024599999685488753,410,True
ptbxl_like,DE,AF,hybrid_minimax,400,20,0,0.02025888157841317,0.020035429415011193,0.02275493513570831,410,True
ptbxl_like,DE,AF,identity,800,1,0,0.03264302049266112,0.03264302049266112,0.03264302049266112,410,True
ptbxl_like,DE,AF,prior_correction,800,1,0,0.0804,0.0804,0.0804,410,True
ptbxl_like,DE,AF,prior_correction_gated,800,1,0,0.03264302049266112,0.03264302049266112,0.03264302049266112,410,True
ptbxl_like,DE,AF,prior_correction_minimax,800,1,0,0.01831743811361921,0.01831743811361921,0.01831743811361921,410,True
ptbxl_like,DE,AF,prevalence_correction,800,20,0,0.04189471380970633,0.042121303659637906,0.04432134968237156,410,True
ptbxl_like,DE,AF,temperature,800,20,0,0.023703145464698996,0.023329793294921318,0.024653513428924176,410,True
ptbxl_like,DE,AF,platt,800,20,0,0.019317307737443105,0.018226484568647762,0.024852962802809398,410,True
ptbxl_like,DE,AF,isotonic,800,20,0,0.02194203500278718,0.021352581038411374,0.02952916714636859,410,True
ptbxl_like,DE,AF,cv_select,800,20,0,0.0233027072853025,0.023280230944527126,0.031968986850319125,410,True
ptbxl_like,DE,AF,hybrid,800,20,0,0.007169993956826837,0.006025004764666601,0.013194993096855345,410,True
ptbxl_like,DE,AF,hybrid_minimax,800,20,0,0.018443072243605654,0.018347533250701317,0.018957121376207524,410,True
ptbxl_like,DE,IAVB,identity,0,1,0,0.04478487596052417,0.04478487596052417,0.04478487596052417,196,True
ptbxl_like,DE,IAVB,prior_correction,0,1,0,0.12162081513322678,0.12162081513322678,0.12162081513322678,196,True
ptbxl_like,DE,IAVB,prior_correction_gated,0,1,0,0.12162081513322678,0.12162081513322678,0.12162081513322678,196,True
ptbxl_like,DE,IAVB,prior_correction_minimax,0,1,0,0.17528270802298626,0.17528270802298626,0.17528270802298626,196,True
ptbxl_like,DE,IAVB,prevalence_correction,0,20,0,0.04478487596052417,0.04478487596052417,0.04478487596052417,196,True
ptbxl_like,DE,IAVB,temperature,0,20,0,0.04478487596052417,0.04478487596052417,0.04478487596052417,196,True
ptbxl_like,DE,IAVB,platt,0,20,0,0.04478487596052417,0.04478487596052417,0.04478487596052417,196,True
ptbxl_like,DE,IAVB,isotonic,0,20,0,0.04478487596052417,0.04478487596052417,0.04478487596052417,196,True
ptbxl_like,DE,IAVB,cv_select,0,20,0,0.04478487596052417,0.04478487596052417,0.04478487596052417,196,True
ptbxl_like,DE,IAVB,hybrid,0,20,0,0.04478487596052417,0.04478487596052417,0.04478487596052417,196,True
ptbxl_like,DE,IAVB,hybrid_minimax,0,20,0,0.04478487596052417,0.04478487596052417,0.04478487596052417,196,True
ptbxl_like,DE,IAVB,identity,25,1,0,0.04478487596052417,0.04478487596052417,0.04478487596052417,196,True
ptbxl_like,DE,IAVB,prior_correction,25,1,0,0.12162081513322678,0.12162081513322678,0.12162081513322678,196,True
ptbxl_like,DE,IAVB,prior_correction_gated,25,1,0,0.12162081513322678,0.12162081513322678,0.12162081513322678,196,True
ptbxl_like,DE,IAVB,prior_correction_minimax,25,1,0,0.17528270802298626,0.17528270802298626,0.17528270802298626,196,True
ptbxl_like,DE,IAVB,prevalence_correction,25,20,0,0.04478487596052417,0.04478487596052417,0.04478487596052417,196,True
ptbxl_like,DE,IAVB,temperature,25,20,0,0.040868059405229834,0.044474638997364264,0.06405479759545132,196,True
ptbxl_like,DE,IAVB,platt,25,20,0,0.04272366897509887,0.04478487596052417,0.07023829366290796,196,True
ptbxl_like,DE,IAVB,isotonic,25,20,0,0.0352685701322153,0.036,0.059890038534245835,196,True
ptbxl_like,DE,IAVB,cv_select,25,20,0,0.039877950119710556,0.04478487596052417,0.04728711736005238,196,True
ptbxl_like,DE,IAVB,hybrid,25,20,0,0.07598585838289273,0.07123475484336288,0.12162081513322678,196,True
ptbxl_like,DE,IAVB,hybrid_minimax,25,20,0,0.107821900857526,0.09587974836652732,0.1752827080229862,196,True
ptbxl_like,DE,IAVB,identity,50,1,0,0.04478487596052417,0.04478487596052417,0.04478487596052417,196,True
ptbxl_like,DE,IAVB,prior_correction,50,1,0,0.12162081513322678,0.12162081513322678,0.12162081513322678,196,True
ptbxl_like,DE,IAVB,prior_correction_gated,50,1,0,0.12162081513322678,0.12162081513322678,0.12162081513322678,196,True
ptbxl_like,DE,IAVB,prior_correction_minimax,50,1,0,0.17528270802298626,0.17528270802298626,0.17528270802298626,196,True
ptbxl_like,DE,IAVB,prevalence_correction,50,20,0,0.04561129829054748,0.04478487596052417,0.05129825018108045,196,True
ptbxl_like,DE,IAVB,temperature,50,20,0,0.03620039243247964,0.021998584921528792,0.07809478598776028,196,True
ptbxl_like,DE,IAVB,platt,50,20,0,0.033751683833587585,0.032648764253896984,0.05064223440991118,196,True
ptbxl_like,DE,IAVB,isotonic,50,20,0,0.03452220191736609,0.029012898495828228,0.06259648855852372,196,True
ptbxl_like,DE,IAVB,cv_select,50,20,0,0.03239251858936033,0.025325616908803326,0.04899911133722447,196,True
ptbxl_like,DE,IAVB,hybrid,50,20,0,0.05745021051816398,0.0378876354672537,0.11449772304734569,196,True
ptbxl_like,DE,IAVB,hybrid_minimax,50,20,0,0.08277858555764364,0.06271214721119953,0.1419294932060814,196,True
ptbxl_like,DE,IAVB,identity,100,1,0,0.04478487596052417,0.04478487596052417,0.04478487596052417,196,True
ptbxl_like,DE,IAVB,prior_correction,100,1,0,0.12162081513322678,0.12162081513322678,0.12162081513322678,196,True
ptbxl_like,DE,IAVB,prior_correction_gated,100,1,0,0.12162081513322678,0.12162081513322678,0.12162081513322678,196,True
ptbxl_like,DE,IAVB,prior_correction_minimax,100,1,0,0.17528270802298626,0.17528270802298626,0.17528270802298626,196,True
ptbxl_like,DE,IAVB,prevalence_correction,100,20,0,0.030026543864583623,0.029798627273745548,0.04524341123885966,196,True
ptbxl_like,DE,IAVB,temperature,100,20,0,0.029740363521595915,0.022080354094235564,0.05207610918945593,196,True
ptbxl_like,DE,IAVB,platt,100,20,0,0.023948539943251405,0.017979655836243804,0.044609907534381106,196,True
ptbxl_like,DE,IAVB,isotonic,100,20,0,0.023814683213073052,0.02011440714213539,0.03796583164427643,196,True
ptbxl_like,DE,IAVB,cv_select,100,20,0,0.02385209221245445,0.020543145468043665,0.036878487596052424,196,True
ptbxl_like,DE,IAVB,hybrid,100,20,0,0.0500837354812453,0.039169850120937794,0.08658110114300947,196,True
ptbxl_like,DE,IAVB,hybrid_minimax,100,20,0,0.07544993294881266,0.061837794730179946,0.1117376149877678,196,True
ptbxl_like,DE,IAVB,identity,200,1,0,0.04478487596052417,0.04478487596052417,0.04478487596052417,196,True
ptbxl_like,DE,IAVB,prior_correction,200,1,0,0.12162081513322678,0.12162081513322678,0.12162081513322678,196,True
ptbxl_like,DE,IAVB,prior_correction_gated,200,1,0,0.12162081513322678,0.12162081513322678,0.12162081513322678,196,True
ptbxl_like,DE,IAVB,prior_correction_minimax,200,1,0,0.17528270802298626,0.17528270802298626,0.17528270802298626,196,True
ptbxl_like,DE,IAVB,prevalence_correction,200,20,0,0.01938052711951862,0.016960912893660075,0.029798627273745548,196,True
ptbxl_like,DE,IAVB,temperature,200,20,0,0.025815828226439512,0.021233467749900987,0.04224435769782135,196,True
ptbxl_like,DE,IAVB,platt,200,20,0,0.019423186463465587,0.01856312052367002,0.02798498394772682,196,True
ptbxl_like,DE,IAVB,isotonic,200,20,0,0.018304122879995856,0.01801018804374758,0.030126320855766425,196,True
ptbxl_like,DE,IAVB,cv_select,200,20,0,0.018741350893776997,0.017611056584129155,0.030126320855766425,196,True
ptbxl_like,DE,IAVB,hybrid,200,20,0,0.043383803159718765,0.03728167383608022,0.0621292721797233,196,True
ptbxl_like,DE,IAVB,hybrid_minimax,200,20,0,0.06776422020240677,0.06217606324873723,0.0895827625832589,196,True
ptbxl_like,DE,IAVB,identity,400,1,0,0.04478487596052417,0.04478487596052417,0.04478487596052417,196,True
ptbxl_like,DE,IAVB,prior_correction,400,1,0,0.12162081513322678,0.12162081513322678,0.12162081513322678,196,True
ptbxl_like,DE,IAVB,prior_correction_gated,400,1,0,0.12162081513322678,0.12162081513322678,0.12162081513322678,196,True
ptbxl_like,DE,IAVB,prior_correction_minimax,400,1,0,0.17528270802298626,0.17528270802298626,0.17528270802298626,196,True
ptbxl_like,DE,IAVB,prevalence_correction,400,20,0,0.01610650283079679,0.012842793767491147,0.025414403588197198,196,True
ptbxl_like,DE,IAVB,temperature,400,20,0,0.021771095966911798,0.01940784571998771,0.0290274527139897,196,True
ptbxl_like,DE,IAVB,platt,400,20,0,0.014904717480118842,0.014492171241463585,0.02066022823192028,196,True
ptbxl_like,DE,IAVB,isotonic,400,20,0,0.013415448315714238,0.012890475899342786,0.018037578159169437,196,True
ptbxl_like,DE,IAVB,cv_select,400,20,0,0.013415448315714238,0.012890475899342786,0.018037578159169437,196,True
ptbxl_like,DE,IAVB,hybrid,400,20,0,0.04023721970955132,0.03872713788370945,0.04767752654758429,196,True
ptbxl_like,DE,IAVB,hybrid_minimax,400,20,0,0.06460791444416981,0.063829834055216,0.07368426879058233,196,True
ptbxl_like,DE,IAVB,identity,800,1,0,0.04478487596052417,0.04478487596052417,0.04478487596052417,196,True
ptbxl_like,DE,IAVB,prior_correction,800,1,0,0.12162081513322678,0.12162081513322678,0.12162081513322678,196,True
ptbxl_like,DE,IAVB,prior_correction_gated,800,1,0,0.12162081513322678,0.12162081513322678,0.12162081513322678,196,True
ptbxl_like,DE,IAVB,prior_correction_minimax,800,1,0,0.17528270802298626,0.17528270802298626,0.17528270802298626,196,True
ptbxl_like,DE,IAVB,prevalence_correction,800,20,0,0.014506851861120862,0.013860772271971342,0.01829626462199954,196,True
ptbxl_like,DE,IAVB,temperature,800,20,0,0.020398883361118426,0.019747968291939793,0.025150413268950022,196,True
ptbxl_like,DE,IAVB,platt,800,20,0,0.01252391078857543,0.011598582895531008,0.016204634602158104,196,True
ptbxl_like,DE,IAVB,isotonic,800,20,0,0.010208888242273183,0.010022218099492435,0.017680684725086344,196,True
ptbxl_like,DE,IAVB,cv_select,800,20,0,0.010208888242273183,0.010022218099492435,0.017680684725086344,196,True
ptbxl_like,DE,IAVB,hybrid,800,20,0,0.03934507915919044,0.03926536994021766,0.04481273699924029,196,True
ptbxl_like,DE,IAVB,hybrid_minimax,800,20,0,0.06385970472828315,0.06393482992606274,0.06990983552993407,196,True
ptbxl_like,DE,RBBB,identity,0,1,0,0.0004009228573651818,0.0004009228573651818,0.0004009228573651818,276,True
ptbxl_like,DE,RBBB,prior_correction,0,1,0,0.00040604952696483886,0.00040604952696483886,0.00040604952696483886,276,True
ptbxl_like,DE,RBBB,prior_correction_gated,0,1,0,0.0004009228573651818,0.0004009228573651818,0.0004009228573651818,276,True
ptbxl_like,DE,RBBB,prior_correction_minimax,0,1,0,8.360901049808688e-09,8.360901049808688e-09,8.360901049808688e-09,276,True
ptbxl_like,DE,RBBB,prevalence_correction,0,20,0,0.0004009228573651818,0.0004009228573651818,0.0004009228573651818,276,True
ptbxl_like,DE,RBBB,temperature,0,20,0,0.0004009228573651818,0.0004009228573651818,0.0004009228573651818,276,True
ptbxl_like,DE,RBBB,platt,0,20,0,0.0004009228573651818,0.0004009228573651818,0.0004009228573651818,276,True
ptbxl_like,DE,RBBB,isotonic,0,20,0,0.0004009228573651818,0.0004009228573651818,0.0004009228573651818,276,True
ptbxl_like,DE,RBBB,cv_select,0,20,0,0.0004009228573651818,0.0004009228573651818,0.0004009228573651818,276,True
ptbxl_like,DE,RBBB,hybrid,0,20,0,0.0004009228573651818,0.0004009228573651818,0.0004009228573651818,276,True
ptbxl_like,DE,RBBB,hybrid_minimax,0,20,0,0.0004009228573651818,0.0004009228573651818,0.0004009228573651818,276,True
ptbxl_like,DE,RBBB,identity,25,1,0,0.0004009228573651818,0.0004009228573651818,0.0004009228573651818,276,True
ptbxl_like,DE,RBBB,prior_correction,25,1,0,0.00040604952696483886,0.00040604952696483886,0.00040604952696483886,276,True
ptbxl_like,DE,RBBB,prior_correction_gated,25,1,0,0.0004009228573651818,0.0004009228573651818,0.0004009228573651818,276,True
ptbxl_like,DE,RBBB,prior_correction_minimax,25,1,0,8.360901049808688e-09,8.360901049808688e-09,8.360901049808688e-09,276,True
ptbxl_like,DE,RBBB,prevalence_correction,25,20,0,0.0004011316214972089,0.0004009228573651818,0.00040231461824536254,276,True
ptbxl_like,DE,RBBB,temperature,25,20,0,0.00040142776200945347,0.00040136023273432825,0.00040181042790184834,276,True
ptbxl_like,DE,RBBB,platt,25,20,0,0.00040181042790184834,0.00040181042790184834,0.00040181042790184834,276,True
ptbxl_like,DE,RBBB,isotonic,25,20,0,0.008680784410290075,0.0004009228573651818,0.0556,276,True
ptbxl_like,DE,RBBB,cv_select,25,20,0,0.008680784428760403,0.0004009228573651818,0.0556,276,True
ptbxl_like,DE,RBBB,hybrid,25,20,0,0.00040581806986453897,0.0004059426126712118,0.0004069367649682312,276,True
ptbxl_like,DE,RBBB,hybrid_minimax,25,20,0,6.409158513093899e-07,5.957667251893506e-07,8.967608993229459e-07,276,True
ptbxl_like,DE,RBBB,identity,50,1,0,0.0004009228573651818,0.0004009228573651818,0.0004009228573651818,276,True
ptbxl_like,DE,RBBB,prior_correction,50,1,0,0.00040604952696483886,0.00040604952696483886,0.00040604952696483886,276,True
ptbxl_like,DE,RBBB,prior_correction_gated,50,1,0,0.0004009228573651818,0.0004009228573651818,0.0004009228573651818,276,True
ptbxl_like,DE,RBBB,prior_correction_minimax,50,1,0,8.360901049808688e-09,8.360901049808688e-09,8.360901049808688e-09,276,True
ptbxl_like,DE,RBBB,prevalence_correction,50,20,0,0.0004010456890474449,0.0004009228573651818,0.00040138397920374343,276,True
ptbxl_like,DE,RBBB,temperature,50,20,0,0.0004013602327343258,0.00040136023273432825,0.00040136023273432825,276,True
ptbxl_like,DE,RBBB,platt,50,20,0,0.00040181042790184834,0.00040181042790184834,0.00040181042790184834,276,True
ptbxl_like,DE,RBBB,isotonic,50,20,0,0.0004009228200661916,0.0004009228573651818,0.0004009228573651818,276,True
ptbxl_like,DE,RBBB,cv_select,50,20,0,0.0004009228573651818,0.0004009228573651818,0.0004009228573651818,276,True
ptbxl_like,DE,RBBB,hybrid,50,20,0,0.00040539538339247165,0.0004059426126711979,0.0004059426126712118,276,True
ptbxl_like,DE,RBBB,hybrid_minimax,50,20,0,5.957667251893506e-07,5.957667251893506e-07,5.957667251893506e-07,276,True
ptbxl_like,DE,RBBB,identity,100,1,0,0.0004009228573651818,0.0004009228573651818,0.0004009228573651818,276,True
ptbxl_like,DE,RBBB,prior_correction,100,1,0,0.00040604952696483886,0.00040604952696483886,0.00040604952696483886,276,True
ptbxl_like,DE,RBBB,prior_correction_gated,100,1,0,0.0004009228573651818,0.0004009228573651818,0.0004009228573651818,276,True
ptbxl_like,DE,RBBB,prior_correction_minimax,100,1,0,8.360901049808688e-09,8.360901049808688e-09,8.360901049808688e-09,276,True
ptbxl_like,DE,RBBB,prevalence_correction,100,20,0,0.00040076892520385496,0.00040077837139719833,0.0004010743511156827,276,True
ptbxl_like,DE,RBBB,temperature,100,20,0,0.0004013602327343258,0.00040136023273432825,0.00040136023273432825,276,True
ptbxl_like,DE,RBBB,platt,100,20,0,0.00040181042790184834,0.00040181042790184834,0.00040181042790184834,276,True
ptbxl_like,DE,RBBB,isotonic,100,20,0,0.0004009228200380361,0.0004009228573651818,0.0004009228573651818,276,True
ptbxl_like,DE,RBBB,cv_select,100,20,0,0.0004009228573651818,0.0004009228573651818,0.0004009228573651818,276,True
ptbxl_like,DE,RBBB,hybrid,100,20,0,0.000405395419976445,0.0004059426126711979,0.0004059426126712118,276,True
ptbxl_like,DE,RBBB,hybrid_minimax,100,20,0,5.957667251893506e-07,5.957667251893506e-07,5.957667251893506e-07,276,True
ptbxl_like,DE,RBBB,identity,200,1,0,0.0004009228573651818,0.0004009228573651818,0.0004009228573651818,276,True
ptbxl_like,DE,RBBB,prior_correction,200,1,0,0.00040604952696483886,0.00040604952696483886,0.00040604952696483886,276,True
ptbxl_like,DE,RBBB,prior_correction_gated,200,1,0,0.0004009228573651818,0.0004009228573651818,0.0004009228573651818,276,True
ptbxl_like,DE,RBBB,prior_correction_minimax,200,1,0,8.360901049808688e-09,8.360901049808688e-09,8.360901049808688e-09,276,True
ptbxl_like,DE,RBBB,prevalence_correction,200,20,0,0.0004006716857703009,0.00040064191784690354,0.00040092471607141087,276,True
ptbxl_like,DE,RBBB,temperature,200,20,0,0.0004013602327343272,0.00040136023273432825,0.00040136023273432825,276,True
ptbxl_like,DE,RBBB,platt,200,20,0,0.00040181042790184834,0.00040181042790184834,0.00040181042790184834,276,True
ptbxl_like,DE,RBBB,isotonic,200,20,0,0.0004009228012195712,0.0004009228573651818,0.0004009228573651818,276,True
ptbxl_like,DE,RBBB,cv_select,200,20,0,0.0004009228573651818,0.0004009228573651818,0.0004009228573651818,276,True
ptbxl_like,DE,RBBB,hybrid,200,20,0,0.0004051218452841714,0.0004059426126711979,0.0004059426126712118,276,True
ptbxl_like,DE,RBBB,hybrid_minimax,200,20,0,5.957667251893506e-07,5.957667251893506e-07,5.957667251893506e-07,276,True
ptbxl_like,DE,RBBB,identity,400,1,0,0.0004009228573651818,0.0004009228573651818,0.0004009228573651818,276,True
ptbxl_like,DE,RBBB,prior_correction,400,1,0,0.00040604952696483886,0.00040604952696483886,0.00040604952696483886,276,True
ptbxl_like,DE,RBBB,prior_correction_gated,400,1,0,0.0004009228573651818,0.0004009228573651818,0.0004009228573651818,276,True
ptbxl_like,DE,RBBB,prior_correction_minimax,400,1,0,8.360901049808688e-09,8.360901049808688e-09,8.360901049808688e-09,276,True
ptbxl_like,DE,RBBB,prevalence_correction,400,20,0,0.00040068022687591464,0.00040070979834160036,0.0004008163942227393,276,True
ptbxl_like,DE,RBBB,temperature,400,20,0,0.00040115951860556084,0.00040136023273432825,0.00040136023273432825,276,True
ptbxl_like,DE,RBBB,platt,400,20,0,0.00040155110741256115,0.00040181042790184834,0.00040181042790184834,276,True
ptbxl_like,DE,RBBB,isotonic,400,20,0,0.00040092108550319366,0.0004009228537401252,0.0004009228573651818,276,True
ptbxl_like,DE,RBBB,cv_select,400,20,0,0.0004009228573651818,0.0004009228573651818,0.0004009228573651818,276,True
ptbxl_like,DE,RBBB,hybrid,400,20,0,0.00040401780731563476,0.0004059426126711979,0.0004059426126712118,276,True
ptbxl_like,DE,RBBB,hybrid_minimax,400,20,0,5.957667251893506e-07,5.957667251893506e-07,5.957667251893506e-07,276,True
ptbxl_like,DE,RBBB,identity,800,1,0,0.0004009228573651818,0.0004009228573651818,0.0004009228573651818,276,True
ptbxl_like,DE,RBBB,prior_correction,800,1,0,0.00040604952696483886,0.00040604952696483886,0.00040604952696483886,276,True
ptbxl_like,DE,RBBB,prior_correction_gated,800,1,0,0.0004009228573651818,0.0004009228573651818,0.0004009228573651818,276,True
ptbxl_like,DE,RBBB,prior_correction_minimax,800,1,0,8.360901049808688e-09,8.360901049808688e-09,8.360901049808688e-09,276,True
ptbxl_like,DE,RBBB,prevalence_correction,800,20,0,0.0004006949836369474,0.00040070979834160036,0.0004007973540197127,276,True
ptbxl_like,DE,RBBB,temperature,800,20,0,0.0004009588365667772,0.00040136023273432825,0.00040136023273432825,276,True
ptbxl_like,DE,RBBB,platt,800,20,0,0.0004012917869232739,0.00040181042790184834,0.00040181042790184834,276,True
ptbxl_like,DE,RBBB,isotonic,800,20,0,0.000400919333214115,0.0004009224552427096,0.0004009228573651818,276,True
ptbxl_like,DE,RBBB,cv_select,800,20,0,0.0004008777608403966,0.0004009228573651818,0.0004009228573651818,276,True
ptbxl_like,DE,RBBB,hybrid,800,20,0,0.0004023656154960177,0.0004004709111676656,0.0004059426126711993,276,True
ptbxl_like,DE,RBBB,hybrid_minimax,800,20,0,5.957667251893506e-07,5.957667251893506e-07,5.957667251893506e-07,276,True
ptbxl_like,DE,LBBB,identity,0,1,0,9.032330212227002e-07,9.032330212227002e-07,9.032330212227002e-07,131,True
ptbxl_like,DE,LBBB,prior_correction,0,1,0,7.961028972273078e-06,7.961028972273078e-06,7.961028972273078e-06,131,True
ptbxl_like,DE,LBBB,prior_correction_gated,0,1,0,9.032330212227002e-07,9.032330212227002e-07,9.032330212227002e-07,131,True
ptbxl_like,DE,LBBB,prior_correction_minimax,0,1,0,0.011492346420329138,0.011492346420329138,0.011492346420329138,131,True
ptbxl_like,DE,LBBB,prevalence_correction,0,20,0,9.032330212227002e-07,9.032330212227002e-07,9.032330212227002e-07,131,True
ptbxl_like,DE,LBBB,temperature,0,20,0,9.032330212227002e-07,9.032330212227002e-07,9.032330212227002e-07,131,True
ptbxl_like,DE,LBBB,platt,0,20,0,9.032330212227002e-07,9.032330212227002e-07,9.032330212227002e-07,131,True
ptbxl_like,DE,LBBB,isotonic,0,20,0,9.032330212227002e-07,9.032330212227002e-07,9.032330212227002e-07,131,True
ptbxl_like,DE,LBBB,cv_select,0,20,0,9.032330212227002e-07,9.032330212227002e-07,9.032330212227002e-07,131,True
ptbxl_like,DE,LBBB,hybrid,0,20,0,9.032330212227002e-07,9.032330212227002e-07,9.032330212227002e-07,131,True
ptbxl_like,DE,LBBB,hybrid_minimax,0,20,0,9.032330212227002e-07,9.032330212227002e-07,9.032330212227002e-07,131,True
ptbxl_like,DE,LBBB,identity,25,1,0,9.032330212227002e-07,9.032330212227002e-07,9.032330212227002e-07,131,True
ptbxl_like,DE,LBBB,prior_correction,25,1,0,7.961028972273078e-06,7.961028972273078e-06,7.961028972273078e-06,131,True
ptbxl_like,DE,LBBB,prior_correction_gated,25,1,0,9.032330212227002e-07,9.032330212227002e-07,9.032330212227002e-07,131,True
ptbxl_like,DE,LBBB,prior_correction_minimax,25,1,0,0.011492346420329138,0.011492346420329138,0.011492346420329138,131,True
ptbxl_like,DE,LBBB,prevalence_correction,25,20,0,8.353491179364338e-07,9.032330212227002e-07,9.032330212227002e-07,131,True
ptbxl_like,DE,LBBB,temperature,25,20,0,9.23021482988895e-08,1.239768562082133e-07,1.2397685621168275e-07,131,True
ptbxl_like,DE,LBBB,platt,25,20,0,4.479008643143434e-08,4.479008643143434e-08,4.479008643143434e-08,131,True
ptbxl_like,DE,LBBB,isotonic,25,20,0,0.010880541928648057,9.032330213678413e-07,0.0272,131,True
ptbxl_like,DE,LBBB,cv_select,25,20,0,0.010880541939812732,9.032330212227002e-07,0.0272,131,True
ptbxl_like,DE,LBBB,hybrid,25,20,0,6.68525783582112e-06,6.467697019146845e-06,7.01159906084034e-06,131,True
ptbxl_like,DE,LBBB,hybrid_minimax,25,20,0,0.00948058818307283,0.011491375625588333,0.011663543753309465,131,True
ptbxl_like,DE,LBBB,identity,50,1,0,9.032330212227002e-07,9.032330212227002e-07,9.032330212227002e-07,131,True
ptbxl_like,DE,LBBB,prior_correction,50,1,0,7.961028972273078e-06,7.961028972273078e-06,7.961028972273078e-06,131,True
ptbxl_like,DE,LBBB,prior_correction_gated,50,1,0,9.032330212227002e-07,9.032330212227002e-07,9.032330212227002e-07,131,True
ptbxl_like,DE,LBBB,prior_correction_minimax,50,1,0,0.011492346420329138,0.011492346420329138,0.011492346420329138,131,True
ptbxl_like,DE,LBBB,prevalence_correction,50,20,0,7.759958467847268e-07,9.032330212227002e-07,9.032330212227002e-07,131,True
ptbxl_like,DE,LBBB,temperature,50,20,0,1.0299116562986765e-07,1.2397685621168275e-07,1.2397685621168275e-07,131,True
ptbxl_like,DE,LBBB,platt,50,20,0,5.2050055307679974e-08,4.479008643143434e-08,4.479008643143434e-08,131,True
ptbxl_like,DE,LBBB,isotonic,50,20,0,0.005440722410838365,9.032330213036566e-07,0.0272,131,True
ptbxl_like,DE,LBBB,cv_select,50,20,0,0.005440722586416738,9.032330212227002e-07,0.0272,131,True
ptbxl_like,DE,LBBB,hybrid,50,20,0,6.288951998510532e-06,6.467697019153784e-06,7.01159906084034e-06,131,True
ptbxl_like,DE,LBBB,hybrid_minimax,50,20,0,0.009060953573749966,0.011491375625588333,0.011685027922942242,131,True
ptbxl_like,DE,LBBB,identity,100,1,0,9.032330212227002e-07,9.032330212227002e-07,9.032330212227002e-07,131,True
ptbxl_like,DE,LBBB,prior_correction,100,1,0,7.961028972273078e-06,7.961028972273078e-06,7.961028972273078e-06,131,True
ptbxl_like,DE,LBBB,prior_correction_gated,100,1,0,9.032330212227002e-07,9.032330212227002e-07,9.032330212227002e-07,131,True
ptbxl_like,DE,LBBB,prior_correction_minimax,100,1,0,0.011492346420329138,0.011492346420329138,0.011492346420329138,131,True
ptbxl_like,DE,LBBB,prevalence_correction,100,20,0,8.470940716839763e-07,9.032330212227002e-07,9.875675586715846e-07,131,True
ptbxl_like,DE,LBBB,temperature,100,20,0,1.0853180846363831e-07,1.2397685621168275e-07,1.2397685621168275e-07,131,True
ptbxl_like,DE,LBBB,platt,100,20,0,6.656999306017126e-08,4.479008643143434e-08,1.8998946395634708e-07,131,True
ptbxl_like,DE,LBBB,isotonic,100,20,0,9.025529385692421e-07,9.031837747003335e-07,9.032330397659716e-07,131,True
ptbxl_like,DE,LBBB,cv_select,100,20,0,9.032330212227002e-07,9.032330212227002e-07,9.032330212227002e-07,131,True
ptbxl_like,DE,LBBB,hybrid,100,20,0,5.308806692386029e-06,6.467697019150315e-06,6.467697019160723e-06,131,True
ptbxl_like,DE,LBBB,hybrid_minimax,100,20,0,0.00804948639891189,0.008327332442238974,0.011562025006569146,131,True
ptbxl_like,DE,LBBB,identity,200,1,0,9.032330212227002e-07,9.032330212227002e-07,9.032330212227002e-07,131,True
ptbxl_like,DE,LBBB,prior_correction,200,1,0,7.961028972273078e-06,7.961028972273078e-06,7.961028972273078e-06,131,True
ptbxl_like,DE,LBBB,prior_correction_gated,200,1,0,9.032330212227002e-07,9.032330212227002e-07,9.032330212227002e-07,131,True
ptbxl_like,DE,LBBB,prior_correction_minimax,200,1,0,0.011492346420329138,0.011492346420329138,0.011492346420329138,131,True
ptbxl_like,DE,LBBB,prevalence_correction,200,20,0,1.143413571410653e-06,9.875675586715846e-07,2.000655532252841e-06,131,True
ptbxl_like,DE,LBBB,temperature,200,20,0,1.085333664337107e-07,1.2397685621168275e-07,1.2397685621168275e-07,131,True
ptbxl_like,DE,LBBB,platt,200,20,0,7.382996193641689e-08,4.479008643143434e-08,1.8998946395634708e-07,131,True
ptbxl_like,DE,LBBB,isotonic,200,20,0,9.023384546455806e-07,9.031709970238472e-07,9.032330185260173e-07,131,True
ptbxl_like,DE,LBBB,cv_select,200,20,0,8.591178792030851e-07,9.032330212227002e-07,9.032330212227002e-07,131,True
ptbxl_like,DE,LBBB,hybrid,200,20,0,5.011567095988822e-06,6.467697019146845e-06,6.467697019160723e-06,131,True
ptbxl_like,DE,LBBB,hybrid_minimax,200,20,0,0.008925544517855257,0.009824493874601865,0.011621555718860548,131,True
ptbxl_like,DE,LBBB,identity,400,1,0,9.032330212227002e-07,9.032330212227002e-07,9.032330212227002e-07,131,True
ptbxl_like,DE,LBBB,prior_correction,400,1,0,7.961028972273078e-06,7.961028972273078e-06,7.961028972273078e-06,131,True
ptbxl_like,DE,LBBB,prior_correction_gated,400,1,0,9.032330212227002e-07,9.032330212227002e-07,9.032330212227002e-07,131,True
ptbxl_like,DE,LBBB,prior_correction_minimax,400,1,0,0.011492346420329138,0.011492346420329138,0.011492346420329138,131,True
ptbxl_like,DE,LBBB,prevalence_correction,400,20,0,1.2334429403072142e-06,1.1905925200531717e-06,1.7117206650605016e-06,131,True
ptbxl_like,DE,LBBB,temperature,400,20,0,7.762860662965942e-08,1.2397685621168275e-07,1.2397685621168275e-07,131,True
ptbxl_like,DE,LBBB,platt,400,20,0,1.0408528052178318e-07,4.479008643143434e-08,1.8998946395634708e-07,131,True
ptbxl_like,DE,LBBB,isotonic,400,20,0,9.002634412296276e-07,9.011944155108004e-07,9.031851455343354e-07,131,True
ptbxl_like,DE,LBBB,cv_select,400,20,0,8.58962420088869e-07,9.032330212227002e-07,9.032330212227002e-07,131,True
ptbxl_like,DE,LBBB,hybrid,400,20,0,2.9968843942199118e-06,7.305152850550778e-07,6.467697019153784e-06,131,True
ptbxl_like,DE,LBBB,hybrid_minimax,400,20,0,0.008967120443068364,0.009280413174569308,0.01070477811756848,131,True
ptbxl_like,DE,LBBB,identity,800,1,0,9.032330212227002e-07,9.032330212227002e-07,9.032330212227002e-07,131,True
ptbxl_like,DE,LBBB,prior_correction,800,1,0,7.961028972273078e-06,7.961028972273078e-06,7.961028972273078e-06,131,True
ptbxl_like,DE,LBBB,prior_correction_gated,800,1,0,9.032330212227002e-07,9.032330212227002e-07,9.032330212227002e-07,131,True
ptbxl_like,DE,LBBB,prior_correction_minimax,800,1,0,0.011492346420329138,0.011492346420329138,0.011492346420329138,131,True
ptbxl_like,DE,LBBB,prevalence_correction,800,20,0,1.1480312207814434e-06,1.1615993730253735e-06,1.3258291147970673e-06,131,True
ptbxl_like,DE,LBBB,temperature,800,20,0,5.187672785858522e-08,2.100963778645104e-08,1.2397685621168275e-07,131,True
ptbxl_like,DE,LBBB,platt,800,20,0,1.2527381041335662e-07,1.295442059977281e-07,1.8998946395634708e-07,131,True
ptbxl_like,DE,LBBB,isotonic,800,20,0,8.968840647233939e-07,8.997921032549011e-07,9.014563356581768e-07,131,True
ptbxl_like,DE,LBBB,cv_select,800,20,0,7.262708552871809e-07,9.032330212227002e-07,9.032330212227002e-07,131,True
ptbxl_like,DE,LBBB,hybrid,800,20,0,1.2818897471407465e-06,7.298671820515218e-07,1.3045502997931307e-06,131,True
ptbxl_like,DE,LBBB,hybrid_minimax,800,20,0,0.008484918321626674,0.008138121243143408,0.0101325642995992,131,True
ptbxl_like,DE,SB,identity,0,1,0,0.0803158226510921,0.0803158226510921,0.0803158226510921,133,True
ptbxl_like,DE,SB,prior_correction,0,1,0,0.10159847350117399,0.10159847350117399,0.10159847350117399,133,True
ptbxl_like,DE,SB,prior_correction_gated,0,1,0,0.0803158226510921,0.0803158226510921,0.0803158226510921,133,True
ptbxl_like,DE,SB,prior_correction_minimax,0,1,0,0.06193652879525004,0.06193652879525004,0.06193652879525004,133,True
ptbxl_like,DE,SB,prevalence_correction,0,20,0,0.08031582265109209,0.0803158226510921,0.0803158226510921,133,True
ptbxl_like,DE,SB,temperature,0,20,0,0.08031582265109209,0.0803158226510921,0.0803158226510921,133,True
ptbxl_like,DE,SB,platt,0,20,0,0.08031582265109209,0.0803158226510921,0.0803158226510921,133,True
ptbxl_like,DE,SB,isotonic,0,20,0,0.08031582265109209,0.0803158226510921,0.0803158226510921,133,True
ptbxl_like,DE,SB,cv_select,0,20,0,0.08031582265109209,0.0803158226510921,0.0803158226510921,133,True
ptbxl_like,DE,SB,hybrid,0,20,0,0.08031582265109209,0.0803158226510921,0.0803158226510921,133,True
ptbxl_like,DE,SB,hybrid_minimax,0,20,0,0.08031582265109209,0.0803158226510921,0.0803158226510921,133,True
ptbxl_like,DE,SB,identity,25,1,0,0.0803158226510921,0.0803158226510921,0.0803158226510921,133,True
ptbxl_like,DE,SB,prior_correction,25,1,0,0.10159847350117399,0.10159847350117399,0.10159847350117399,133,True
ptbxl_like,DE,SB,prior_correction_gated,25,1,0,0.0803158226510921,0.0803158226510921,0.0803158226510921,133,True
ptbxl_like,DE,SB,prior_correction_minimax,25,1,0,0.06193652879525004,0.06193652879525004,0.06193652879525004,133,True
ptbxl_like,DE,SB,prevalence_correction,25,20,0,0.08031582265109209,0.0803158226510921,0.0803158226510921,133,True
ptbxl_like,DE,SB,temperature,25,20,0,0.08715134641410258,0.08031594032742002,0.10009832982899454,133,True
ptbxl_like,DE,SB,platt,25,20,0,0.05548784604952447,0.07549843170437448,0.08031594032742002,133,True
ptbxl_like,DE,SB,isotonic,25,20,0,0.023262340693608906,0.0248,0.03503602237928397,133,True
ptbxl_like,DE,SB,cv_select,25,20,0,0.041518513772284736,0.0248,0.0803158226510921,133,True
ptbxl_like,DE,SB,hybrid,25,20,0,0.11130984058206608,0.10287981580692282,0.12822102131091617,133,True
ptbxl_like,DE,SB,hybrid_minimax,25,20,0,0.06737496583159411,0.0632030221061796,0.07593684902878874,133,True
ptbxl_like,DE,SB,identity,50,1,0,0.0803158226510921,0.0803158226510921,0.0803158226510921,133,True
ptbxl_like,DE,SB,prior_correction,50,1,0,0.10159847350117399,0.10159847350117399,0.10159847350117399,133,True
ptbxl_like,DE,SB,prior_correction_gated,50,1,0,0.0803158226510921,0.0803158226510921,0.0803158226510921,133,True
ptbxl_like,DE,SB,prior_correction_minimax,50,1,0,0.06193652879525004,0.06193652879525004,0.06193652879525004,133,True
ptbxl_like,DE,SB,prevalence_correction,50,20,0,0.07987725875942499,0.0803158226510921,0.0803158226510921,133,True
ptbxl_like,DE,SB,temperature,50,20,0,0.09198503434200903,0.09408427655360585,0.10527439214007457,133,True
ptbxl_like,DE,SB,platt,50,20,0,0.04159129639658424,0.031011361810952428,0.08031594032742002,133,True
ptbxl_like,DE,SB,isotonic,50,20,0,0.02239713730199866,0.0248,0.042251152411913004,133,True
ptbxl_like,DE,SB,cv_select,50,20,0,0.02641754946522486,0.022773407191283995,0.045665526197300216,133,True
ptbxl_like,DE,SB,hybrid,50,20,0,0.11740501613594938,0.11661076446009991,0.13239720307851813,133,True
ptbxl_like,DE,SB,hybrid_minimax,50,20,0,0.07033826403274163,0.06922923373042625,0.08308395161899475,133,True
ptbxl_like,DE,SB,identity,100,1,0,0.0803158226510921,0.0803158226510921,0.0803158226510921,133,True
ptbxl_like,DE,SB,prior_correction,100,1,0,0.10159847350117399,0.10159847350117399,0.10159847350117399,133,True
ptbxl_like,DE,SB,prior_correction_gated,100,1,0,0.0803158226510921,0.0803158226510921,0.0803158226510921,133,True
ptbxl_like,DE,SB,prior_correction_minimax,100,1,0,0.06193652879525004,0.06193652879525004,0.06193652879525004,133,True
ptbxl_like,DE,SB,prevalence_correction,100,20,0,0.0698657715860466,0.07364627009679525,0.0803158226510921,133,True
ptbxl_like,DE,SB,temperature,100,20,0,0.09561303327816043,0.09707813801670676,0.10499678834633401,133,True
ptbxl_like,DE,SB,platt,100,20,0,0.022071890988539296,0.01522642607415503,0.040917166197927915,133,True
ptbxl_like,DE,SB,isotonic,100,20,0,0.015857227118312243,0.01243654127316304,0.03161414394868799,133,True
ptbxl_like,DE,SB,cv_select,100,20,0,0.01894062081761082,0.014070836371145022,0.02903252231946477,133,True
ptbxl_like,DE,SB,hybrid,100,20,0,0.12199741485335773,0.1226511092686872,0.1345802882165616,133,True
ptbxl_like,DE,SB,hybrid_minimax,100,20,0,0.07322522790136587,0.0740705041885844,0.0812071230985878,133,True
ptbxl_like,DE,SB,identity,200,1,0,0.0803158226510921,0.0803158226510921,0.0803158226510921,133,True
ptbxl_like,DE,SB,prior_correction,200,1,0,0.10159847350117399,0.10159847350117399,0.10159847350117399,133,True
ptbxl_like,DE,SB,prior_correction_gated,200,1,0,0.0803158226510921,0.0803158226510921,0.0803158226510921,133,True
ptbxl_like,DE,SB,prior_correction_minimax,200,1,0,0.06193652879525004,0.06193652879525004,0.06193652879525004,133,True
ptbxl_like,DE,SB,prevalence_correction,200,20,0,0.05708005777854937,0.05332668195501733,0.0803158226510921,133,True
ptbxl_like,DE,SB,temperature,200,20,0,0.09575673763645445,0.09542341189804221,0.10092629793681189,133,True
ptbxl_like,DE,SB,platt,200,20,0,0.01557530297331106,0.011526052002519282,0.01623534049493946,133,True
ptbxl_like,DE,SB,isotonic,200,20,0,0.010981311946913357,0.010554683679787848,0.016535181148370246,133,True
ptbxl_like,DE,SB,cv_select,200,20,0,0.01510478272044114,0.010604277261000715,0.018290215481027418,133,True
ptbxl_like,DE,SB,hybrid,200,20,0,0.12276218010267666,0.12218238475609766,0.12878421433825604,133,True
ptbxl_like,DE,SB,hybrid_minimax,200,20,0,0.07294539958919513,0.07277368903586405,0.07662062921534107,133,True
ptbxl_like,DE,SB,identity,400,1,0,0.0803158226510921,0.0803158226510921,0.0803158226510921,133,True
ptbxl_like,DE,SB,prior_correction,400,1,0,0.10159847350117399,0.10159847350117399,0.10159847350117399,133,True
ptbxl_like,DE,SB,prior_correction_gated,400,1,0,0.0803158226510921,0.0803158226510921,0.0803158226510921,133,True
ptbxl_like,DE,SB,prior_correction_minimax,400,1,0,0.06193652879525004,0.06193652879525004,0.06193652879525004,133,True
ptbxl_like,DE,SB,prevalence_correction,400,20,0,0.0521067438962627,0.053413600138202705,0.0583431972578457,133,True
ptbxl_like,DE,SB,temperature,400,20,0,0.09553366415271687,0.09578130924968829,0.09952917118201822,133,True
ptbxl_like,DE,SB,platt,400,20,0,0.012528402469964995,0.007155227786867037,0.012771705812134918,133,True
ptbxl_like,DE,SB,isotonic,400,20,0,0.007805638455174399,0.007039651293988508,0.014107624137450122,133,True
ptbxl_like,DE,SB,cv_select,400,20,0,0.012164268112778195,0.006750332238861982,0.012993642520509168,133,True
ptbxl_like,DE,SB,hybrid,400,20,0,0.1224304828973092,0.12192479733899814,0.1279136234358665,133,True
ptbxl_like,DE,SB,hybrid_minimax,400,20,0,0.07281483458283569,0.07337892812719778,0.07593964009747432,133,True
ptbxl_like,DE,SB,identity,800,1,0,0.0803158226510921,0.0803158226510921,0.0803158226510921,133,True
ptbxl_like,DE,SB,prior_correction,800,1,0,0.10159847350117399,0.10159847350117399,0.10159847350117399,133,True
ptbxl_like,DE,SB,prior_correction_gated,800,1,0,0.0803158226510921,0.0803158226510921,0.0803158226510921,133,True
ptbxl_like,DE,SB,prior_correction_minimax,800,1,0,0.06193652879525004,0.06193652879525004,0.06193652879525004,133,True
ptbxl_like,DE,SB,prevalence_correction,800,20,0,0.05306059758040062,0.053821127258014634,0.05589779059629138,133,True
ptbxl_like,DE,SB,temperature,800,20,0,0.09491263260480501,0.09504042021245841,0.09765327396501378,133,True
ptbxl_like,DE,SB,platt,800,20,0,0.008564776738890697,0.008184337090729576,0.010377805371722261,133,True
ptbxl_like,DE,SB,isotonic,800,20,0,0.007078371447743381,0.006453386909606203,0.010776152069206292,133,True
ptbxl_like,DE,SB,cv_select,800,20,0,0.007793181881494765,0.007820080888164924,0.010934498902463995,133,True
ptbxl_like,DE,SB,hybrid,800,20,0,0.12196873999204982,0.12241836663953773,0.12501149219893998,133,True
ptbxl_like,DE,SB,hybrid_minimax,800,20,0,0.07208453076666953,0.07211715800755653,0.07448959498637618,133,True
ptbxl_like,DE,STACH,identity,0,1,0,0.0022426755815558273,0.0022426755815558273,0.0022426755815558273,173,True
ptbxl_like,DE,STACH,prior_correction,0,1,0,0.019050968467673342,0.019050968467673342,0.019050968467673342,173,True
ptbxl_like,DE,STACH,prior_correction_gated,0,1,0,0.0022426755815558273,0.0022426755815558273,0.0022426755815558273,173,True
ptbxl_like,DE,STACH,prior_correction_minimax,0,1,0,0.011933885305890575,0.011933885305890575,0.011933885305890575,173,True
ptbxl_like,DE,STACH,prevalence_correction,0,20,0,0.002242675581555828,0.0022426755815558273,0.0022426755815558273,173,True
ptbxl_like,DE,STACH,temperature,0,20,0,0.002242675581555828,0.0022426755815558273,0.0022426755815558273,173,True
ptbxl_like,DE,STACH,platt,0,20,0,0.002242675581555828,0.0022426755815558273,0.0022426755815558273,173,True
ptbxl_like,DE,STACH,isotonic,0,20,0,0.002242675581555828,0.0022426755815558273,0.0022426755815558273,173,True
ptbxl_like,DE,STACH,cv_select,0,20,0,0.002242675581555828,0.0022426755815558273,0.0022426755815558273,173,True
ptbxl_like,DE,STACH,hybrid,0,20,0,0.002242675581555828,0.0022426755815558273,0.0022426755815558273,173,True
ptbxl_like,DE,STACH,hybrid_minimax,0,20,0,0.002242675581555828,0.0022426755815558273,0.0022426755815558273,173,True
ptbxl_like,DE,STACH,identity,25,1,0,0.0022426755815558273,0.0022426755815558273,0.0022426755815558273,173,True
ptbxl_like,DE,STACH,prior_correction,25,1,0,0.019050968467673342,0.019050968467673342,0.019050968467673342,173,True
ptbxl_like,DE,STACH,prior_correction_gated,25,1,0,0.0022426755815558273,0.0022426755815558273,0.0022426755815558273,173,True
ptbxl_like,DE,STACH,prior_correction_minimax,25,1,0,0.011933885305890575,0.011933885305890575,0.011933885305890575,173,True
ptbxl_like,DE,STACH,prevalence_correction,25,20,0,0.0021951273843075617,0.0022426755815558273,0.0022426755815558273,173,True
ptbxl_like,DE,STACH,temperature,25,20,0,0.0027934916521062,0.0023526821183126306,0.0036535570691121504,173,True
ptbxl_like,DE,STACH,platt,25,20,0,0.0040792321070773655,0.002658116986383461,0.0045205176763414585,173,True
ptbxl_like,DE,STACH,isotonic,25,20,0,0.02080337323597322,0.024994459998220885,0.0376,173,True
ptbxl_like,DE,STACH,cv_select,25,20,0,0.020232094387165833,0.02062549626366536,0.0376,173,True
ptbxl_like,DE,STACH,hybrid,25,20,0,0.02070900444045927,0.01909902375613258,0.0270371420859345,173,True
ptbxl_like,DE,STACH,hybrid_minimax,25,20,0,0.012821071397278871,0.0120776406841583,0.01586801023550544,173,True
ptbxl_like,DE,STACH,identity,50,1,0,0.0022426755815558273,0.0022426755815558273,0.0022426755815558273,173,True
ptbxl_like,DE,STACH,prior_correction,50,1,0,0.019050968467673342,0.019050968467673342,0.019050968467673342,173,True
ptbxl_like,DE,STACH,prior_correction_gated,50,1,0,0.0022426755815558273,0.0022426755815558273,0.0022426755815558273,173,True
ptbxl_like,DE,STACH,prior_correction_minimax,50,1,0,0.011933885305890575,0.011933885305890575,0.011933885305890575,173,True
ptbxl_like,DE,STACH,prevalence_correction,50,20,0,0.002858633682283916,0.0022426755815558273,0.004988587564210143,173,True
ptbxl_like,DE,STACH,temperature,50,20,0,0.0029207883022525434,0.002830709397952437,0.003658878675400676,173,True
ptbxl_like,DE,STACH,platt,50,20,0,0.005649153595641542,0.0035200814604328073,0.017268365992804614,173,True
ptbxl_like,DE,STACH,isotonic,50,20,0,0.014977734462600322,0.005990993879829869,0.0376,173,True
ptbxl_like,DE,STACH,cv_select,50,20,0,0.013301224330932759,0.003488541108982482,0.0376,173,True
ptbxl_like,DE,STACH,hybrid,50,20,0,0.02089644201614242,0.01957183373750203,0.024825974950914945,173,True
ptbxl_like,DE,STACH,hybrid_minimax,50,20,0,0.012802747370511866,0.01242092359095958,0.01473586659024625,173,True
ptbxl_like,DE,STACH,identity,100,1,0,0.0022426755815558273,0.0022426755815558273,0.0022426755815558273,173,True
ptbxl_like,DE,STACH,prior_correction,100,1,0,0.019050968467673342,0.019050968467673342,0.019050968467673342,173,True
ptbxl_like,DE,STACH,prior_correction_gated,100,1,0,0.0022426755815558273,0.0022426755815558273,0.0022426755815558273,173,True
ptbxl_like,DE,STACH,prior_correction_minimax,100,1,0,0.011933885305890575,0.011933885305890575,0.011933885305890575,173,True
ptbxl_like,DE,STACH,prevalence_correction,100,20,0,0.005064478177042512,0.005887256361762874,0.008265053173068252,173,True
ptbxl_like,DE,STACH,temperature,100,20,0,0.0031071294762227046,0.003434323880247311,0.0036957905812381453,173,True
ptbxl_like,DE,STACH,platt,100,20,0,0.005557076408441721,0.0036888671232133026,0.010107996417115683,173,True
ptbxl_like,DE,STACH,isotonic,100,20,0,0.00481378179727265,0.004230781417675682,0.008552493764770156,173,True
ptbxl_like,DE,STACH,cv_select,100,20,0,0.00316109307547306,0.003434323880247311,0.0036957905812381453,173,True
ptbxl_like,DE,STACH,hybrid,100,20,0,0.020075579947806895,0.019617682969633697,0.021869706479675885,173,True
ptbxl_like,DE,STACH,hybrid_minimax,100,20,0,0.012384711481316483,0.012420299861323484,0.012595381684047769,173,True
ptbxl_like,DE,STACH,identity,200,1,0,0.0022426755815558273,0.0022426755815558273,0.0022426755815558273,173,True
ptbxl_like,DE,STACH,prior_correction,200,1,0,0.019050968467673342,0.019050968467673342,0.019050968467673342,173,True
ptbxl_like,DE,STACH,prior_correction_gated,200,1,0,0.0022426755815558273,0.0022426755815558273,0.0022426755815558273,173,True
ptbxl_like,DE,STACH,prior_correction_minimax,200,1,0,0.011933885305890575,0.011933885305890575,0.011933885305890575,173,True
ptbxl_like,DE,STACH,prevalence_correction,200,20,0,0.008271216553731885,0.008666866469018139,0.010142005473307266,173,True
ptbxl_like,DE,STACH,temperature,200,20,0,0.002810469431997199,0.0024962784232212924,0.003698748262113809,173,True
ptbxl_like,DE,STACH,platt,200,20,0,0.005297875808314249,0.0037014892106223577,0.008746026779859742,173,True
ptbxl_like,DE,STACH,isotonic,200,20,0,0.0043196572733952086,0.003459593229424799,0.007265132438148729,173,True
ptbxl_like,DE,STACH,cv_select,200,20,0,0.0028768350031996826,0.0022426755815558273,0.0036987482874381453,173,True
ptbxl_like,DE,STACH,hybrid,200,20,0,0.019821863957248075,0.019631452586721984,0.021176957036778066,173,True
ptbxl_like,DE,STACH,hybrid_minimax,200,20,0,0.012069454293646193,0.011903590247677629,0.01250050568496332,173,True
ptbxl_like,DE,STACH,identity,400,1,0,0.0022426755815558273,0.0022426755815558273,0.0022426755815558273,173,True
ptbxl_like,DE,STACH,prior_correction,400,1,0,0.019050968467673342,0.019050968467673342,0.019050968467673342,173,True
ptbxl_like,DE,STACH,prior_correction_gated,400,1,0,0.0022426755815558273,0.0022426755815558273,0.0022426755815558273,173,True
ptbxl_like,DE,STACH,prior_correction_minimax,400,1,0,0.011933885305890575,0.011933885305890575,0.011933885305890575,173,True
ptbxl_like,DE,STACH,prevalence_correction,400,20,0,0.008252501870032123,0.008458190306308502,0.009573260976646082,173,True
ptbxl_like,DE,STACH,temperature,400,20,0,0.0025219756035172033,0.0024074206403210414,0.0028212328755496427,173,True
ptbxl_like,DE,STACH,platt,400,20,0,0.003358146751626691,0.003334982794652867,0.004598984851058616,173,True
ptbxl_like,DE,STACH,isotonic,400,20,0,0.003285816466949136,0.0034982574684881834,0.004860698014347798,173,True
ptbxl_like,DE,STACH,cv_select,400,20,0,0.0026026026435700977,0.0022426755815558273,0.0036754812534579026,173,True
ptbxl_like,DE,STACH,hybrid,400,20,0,0.019523769995241594,0.019432388999721065,0.020451831295196204,173,True
ptbxl_like,DE,STACH,hybrid_minimax,400,20,0,0.011814124065935754,0.01175915934546229,0.011976579219579132,173,True
ptbxl_like,DE,STACH,identity,800,1,0,0.0022426755815558273,0.0022426755815558273,0.0022426755815558273,173,True
ptbxl_like,DE,STACH,prior_correction,800,1,0,0.019050968467673342,0.019050968467673342,0.019050968467673342,173,True
ptbxl_like,DE,STACH,prior_correction_gated,800,1,0,0.0022426755815558273,0.0022426755815558273,0.0022426755815558273,173,True
ptbxl_like,DE,STACH,prior_correction_minimax,800,1,0,0.011933885305890575,0.011933885305890575,0.011933885305890575,173,True
ptbxl_like,DE,STACH,prevalence_correction,800,20,0,0.007935851626353683,0.008082053510659621,0.008345415832258231,173,True
ptbxl_like,DE,STACH,temperature,800,20,0,0.0023805709640518976,0.002337813109905433,0.0025439939503283486,173,True
ptbxl_like,DE,STACH,platt,800,20,0,0.002488471278523135,0.0024721742737656652,0.004767629159750323,173,True
ptbxl_like,DE,STACH,isotonic,800,20,0,0.00209253695673175,0.0012822010458577345,0.003916665775519025,173,True
ptbxl_like,DE,STACH,cv_select,800,20,0,0.002269387725806154,0.0022426755815558273,0.0023784217952350414,173,True
ptbxl_like,DE,STACH,hybrid,800,20,0,0.01949546523701896,0.019481982172661186,0.0199339603039329,173,True
ptbxl_like,DE,STACH,hybrid_minimax,800,20,0,0.011780755997079412,0.011727938378021486,0.011922700607887459,173,True
chapman_like,CN,AF,identity,0,1,0,0.023207063697487183,0.023207063697487183,0.023207063697487183,377,True
chapman_like,CN,AF,prior_correction,0,1,0,0.053418731377484215,0.053418731377484215,0.053418731377484215,377,True
chapman_like,CN,AF,prior_correction_gated,0,1,0,0.023207063697487183,0.023207063697487183,0.023207063697487183,377,True
chapman_like,CN,AF,prior_correction_minimax,0,1,0,0.04056439633906878,0.04056439633906878,0.04056439633906878,377,True
chapman_like,CN,AF,prevalence_correction,0,20,0,0.023207063697487186,0.023207063697487183,0.023207063697487183,377,True
chapman_like,CN,AF,temperature,0,20,0,0.023207063697487186,0.023207063697487183,0.023207063697487183,377,True
chapman_like,CN,AF,platt,0,20,0,0.023207063697487186,0.023207063697487183,0.023207063697487183,377,True
chapman_like,CN,AF,isotonic,0,20,0,0.023207063697487186,0.023207063697487183,0.023207063697487183,377,True
chapman_like,CN,AF,cv_select,0,20,0,0.023207063697487186,0.023207063697487183,0.023207063697487183,377,True
chapman_like,CN,AF,hybrid,0,20,0,0.023207063697487186,0.023207063697487183,0.023207063697487183,377,True
chapman_like,CN,AF,hybrid_minimax,0,20,0,0.023207063697487186,0.023207063697487183,0.023207063697487183,377,True
chapman_like,CN,AF,identity,25,1,0,0.023207063697487183,0.023207063697487183,0.023207063697487183,377,True
chapman_like,CN,AF,prior_correction,25,1,0,0.053418731377484215,0.053418731377484215,0.053418731377484215,377,True
chapman_like,CN,AF,prior_correction_gated,25,1,0,0.023207063697487183,0.023207063697487183,0.023207063697487183,377,True
chapman_like,CN,AF,prior_correction_minimax,25,1,0,0.04056439633906878,0.04056439633906878,0.04056439633906878,377,True
chapman_like,CN,AF,prevalence_correction,25,20,0,0.023519788360649142,0.023207063697487183,0.023920918727072235,377,True
chapman_like,CN,AF,temperature,25,20,0,0.035318924996778515,0.030665221488030837,0.06037542161918247,377,True
chapman_like,CN,AF,platt,25,20,0,0.050316719370400664,0.05296918479239802,0.06765551639856655,377,True
chapman_like,CN,AF,isotonic,25,20,0,0.05101824114368777,0.04864562928490886,0.07173242503695898,377,True
chapman_like,CN,AF,cv_select,25,20,0,0.02905809535521488,0.023207063697487183,0.04646970511727168,377,True
chapman_like,CN,AF,hybrid,25,20,0,0.04022788131485645,0.03770654370774642,0.06197102487159251,377,True
chapman_like,CN,AF,hybrid_minimax,25,20,0,0.058881755984398265,0.05149492754425869,0.084833691944976,377,True
chapman_like,CN,AF,identity,50,1,0,0.023207063697487183,0.023207063697487183,0.023207063697487183,377,True
chapman_like,CN,AF,prior_correction,50,1,0,0.053418731377484215,0.053418731377484215,0.053418731377484215,377,True
chapman_like,CN,AF,prior_correction_gated,50,1,0,0.023207063697487183,0.023207063697487183,0.023207063697487183,377,True
chapman_like,CN,AF,prior_correction_minimax,50,1,0,0.04056439633906878,0.04056439633906878,0.04056439633906878,377,True
chapman_like,CN,AF,prevalence_correction,50,20,0,0.0258790893284484,0.024595513283253448,0.028818338160917216,377,True
chapman_like,CN,AF,temperature,50,20,0,0.026335526497589072,0.019988644941919376,0.04477431688432254,377,True
chapman_like,CN,AF,platt,50,20,0,0.03870752443371196,0.04205470739659531,0.061054854376969996,377,True
chapman_like,CN,AF,isotonic,50,20,0,0.05011927848412375,0.05456686012372536,0.07331149683154047,377,True
chapman_like,CN,AF,cv_select,50,20,0,0.028410316005520648,0.023207063697487183,0.039867999859257854,377,True
chapman_like,CN,AF,hybrid,50,20,0,0.03025754948070572,0.02509428168754841,0.04945563517576425,377,True
chapman_like,CN,AF,hybrid_minimax,50,20,0,0.04996692031768368,0.04444805690693056,0.07306617247239901,377,True
chapman_like,CN,AF,identity,100,1,0,0.023207063697487183,0.023207063697487183,0.023207063697487183,377,True
chapman_like,CN,AF,prior_correction,100,1,0,0.053418731377484215,0.053418731377484215,0.053418731377484215,377,True
chapman_like,CN,AF,prior_correction_gated,100,1,0,0.023207063697487183,0.023207063697487183,0.023207063697487183,377,True
chapman_like,CN,AF,prior_correction_minimax,100,1,0,0.04056439633906878,0.04056439633906878,0.04056439633906878,377,True
chapman_like,CN,AF,prevalence_correction,100,20,0,0.028651072483749755,0.027197509235618623,0.03569296966698836,377,True
chapman_like,CN,AF,temperature,100,20,0,0.024811730334553982,0.02209628017699298,0.0355199933972963,377,True
chapman_like,CN,AF,platt,100,20,0,0.027983975176162613,0.028030198474908827,0.044742043464154974,377,True
chapman_like,CN,AF,isotonic,100,20,0,0.03524775141074178,0.0337676656372685,0.0563803140955002,377,True
chapman_like,CN,AF,cv_select,100,20,0,0.025199426197473108,0.023207063697487183,0.034339559338870514,377,True
chapman_like,CN,AF,hybrid,100,20,0,0.026990860493151143,0.02367241140296297,0.03710244925354895,377,True
chapman_like,CN,AF,hybrid_minimax,100,20,0,0.050212378512542774,0.0490169075850834,0.061833957451848526,377,True
chapman_like,CN,AF,identity,200,1,0,0.023207063697487183,0.023207063697487183,0.023207063697487183,377,True
chapman_like,CN,AF,prior_correction,200,1,0,0.053418731377484215,0.053418731377484215,0.053418731377484215,377,True
chapman_like,CN,AF,prior_correction_gated,200,1,0,0.023207063697487183,0.023207063697487183,0.023207063697487183,377,True
chapman_like,CN,AF,prior_correction_minimax,200,1,0,0.04056439633906878,0.04056439633906878,0.04056439633906878,377,True
chapman_like,CN,AF,prevalence_correction,200,20,0,0.030549774327965278,0.030482867361455848,0.03770524951803426,377,True
chapman_like,CN,AF,temperature,200,20,0,0.019729737705456846,0.01689806472571854,0.027994122158182432,377,True
chapman_like,CN,AF,platt,200,20,0,0.02011831870745809,0.018918257033461353,0.028168098907515562,377,True
chapman_like,CN,AF,isotonic,200,20,0,0.02414651673674052,0.024946391361742894,0.036017720008826894,377,True
chapman_like,CN,AF,cv_select,200,20,0,0.024722784238004985,0.023207063697487183,0.030739067660106572,377,True
chapman_like,CN,AF,hybrid,200,20,0,0.022496966175026417,0.019427263197388304,0.029658741873109122,377,True
chapman_like,CN,AF,hybrid_minimax,200,20,0,0.046425871874497746,0.04382802108241898,0.05237870569837674,377,True
chapman_like,CN,AF,identity,400,1,0,0.023207063697487183,0.023207063697487183,0.023207063697487183,377,True
chapman_like,CN,AF,prior_correction,400,1,0,0.053418731377484215,0.053418731377484215,0.053418731377484215,377,True
chapman_like,CN,AF,prior_correction_gated,400,1,0,0.023207063697487183,0.023207063697487183,0.023207063697487183,377,True
chapman_like,CN,AF,prior_correction_minimax,400,1,0,0.04056439633906878,0.04056439633906878,0.04056439633906878,377,True
chapman_like,CN,AF,prevalence_correction,400,20,0,0.03076900519859004,0.030913713635575067,0.03488831137792287,377,True
chapman_like,CN,AF,temperature,400,20,0,0.017350337197928015,0.015667944943818096,0.02301543468172464,377,True
chapman_like,CN,AF,platt,400,20,0,0.015470822393740641,0.013837949431530274,0.022376576453601568,377,True
chapman_like,CN,AF,isotonic,400,20,0,0.020189024272840545,0.02087664547262679,0.025694316627487408,377,True
chapman_like,CN,AF,cv_select,400,20,0,0.022469837963265966,0.023207063697487183,0.024755978770119178,377,True
chapman_like,CN,AF,hybrid,400,20,0,0.02059822761018365,0.019624551492038983,0.023975765982988288,377,True
chapman_like,CN,AF,hybrid_minimax,400,20,0,0.044545064673035775,0.041934444750841,0.05070359541104665,377,True
chapman_like,CN,AF,identity,800,1,0,0.023207063697487183,0.023207063697487183,0.023207063697487183,377,True
chapman_like,CN,AF,prior_correction,800,1,0,0.053418731377484215,0.053418731377484215,0.053418731377484215,377,True
chapman_like,CN,AF,prior_correction_gated,800,1,0,0.023207063697487183,0.023207063697487183,0.023207063697487183,377,True
chapman_like,CN,AF,prior_correction_minimax,800,1,0,0.04056439633906878,0.04056439633906878,0.04056439633906878,377,True
chapman_like,CN,AF,prevalence_correction,800,20,0,0.030449786884093544,0.030273305267190947,0.033086936254967426,377,True
chapman_like,CN,AF,temperature,800,20,0,0.01540246354187596,0.015114019274797639,0.016097902419850357,377,True
chapman_like,CN,AF,platt,800,20,0,0.011821170259197395,0.011705846143586303,0.014653881660582568,377,True
chapman_like,CN,AF,isotonic,800,20,0,0.01659542427656515,0.01653390185205195,0.022159381000802638,377,True
chapman_like,CN,AF,cv_select,800,20,0,0.020466861122608617,0.023207063697487183,0.023207063697487183,377,True
chapman_like,CN,AF,hybrid,800,20,0,0.0188214822350905,0.01823460526167507,0.020058054326398487,377,True
chapman_like,CN,AF,hybrid_minimax,800,20,0,0.04275122849050307,0.041685481218836085,0.04531737548751288,377,True
chapman_like,CN,IAVB,identity,0,1,0,0.06243440419193822,0.06243440419193822,0.06243440419193822,279,True
chapman_like,CN,IAVB,prior_correction,0,1,0,0.6187236033305521,0.6187236033305521,0.6187236033305521,279,True
chapman_like,CN,IAVB,prior_correction_gated,0,1,0,0.06243440419193822,0.06243440419193822,0.06243440419193822,279,True
chapman_like,CN,IAVB,prior_correction_minimax,0,1,0,0.44086729250431844,0.44086729250431844,0.44086729250431844,279,True
chapman_like,CN,IAVB,prevalence_correction,0,20,0,0.06243440419193822,0.06243440419193822,0.06243440419193822,279,True
chapman_like,CN,IAVB,temperature,0,20,0,0.06243440419193822,0.06243440419193822,0.06243440419193822,279,True
chapman_like,CN,IAVB,platt,0,20,0,0.06243440419193822,0.06243440419193822,0.06243440419193822,279,True
chapman_like,CN,IAVB,isotonic,0,20,0,0.06243440419193822,0.06243440419193822,0.06243440419193822,279,True
chapman_like,CN,IAVB,cv_select,0,20,0,0.06243440419193822,0.06243440419193822,0.06243440419193822,279,True
chapman_like,CN,IAVB,hybrid,0,20,0,0.06243440419193822,0.06243440419193822,0.06243440419193822,279,True
chapman_like,CN,IAVB,hybrid_minimax,0,20,0,0.06243440419193822,0.06243440419193822,0.06243440419193822,279,True
chapman_like,CN,IAVB,identity,25,1,0,0.06243440419193822,0.06243440419193822,0.06243440419193822,279,True
chapman_like,CN,IAVB,prior_correction,25,1,0,0.6187236033305521,0.6187236033305521,0.6187236033305521,279,True
chapman_like,CN,IAVB,prior_correction_gated,25,1,0,0.06243440419193822,0.06243440419193822,0.06243440419193822,279,True
chapman_like,CN,IAVB,prior_correction_minimax,25,1,0,0.44086729250431844,0.44086729250431844,0.44086729250431844,279,True
chapman_like,CN,IAVB,prevalence_correction,25,20,0,0.08291262976581674,0.06243440419193822,0.11439293306529985,279,True
chapman_like,CN,IAVB,temperature,25,20,0,0.07001001166884005,0.04965492248595363,0.14716155214936236,279,True
chapman_like,CN,IAVB,platt,25,20,0,0.0582991016897559,0.04857056865657995,0.09977959133967582,279,True
chapman_like,CN,IAVB,isotonic,25,20,0,0.06870890279927179,0.07619220199440407,0.08945654212726127,279,True
chapman_like,CN,IAVB,cv_select,25,20,0,0.054167815230126946,0.06196725293207018,0.06243440419193822,279,True
chapman_like,CN,IAVB,hybrid,25,20,0,0.45294720717080816,0.4529472072576207,0.4529472074662289,279,True
chapman_like,CN,IAVB,hybrid_minimax,25,20,0,0.4392493625704891,0.4387518715183452,0.4412582503879202,279,True
chapman_like,CN,IAVB,identity,50,1,0,0.06243440419193822,0.06243440419193822,0.06243440419193822,279,True
chapman_like,CN,IAVB,prior_correction,50,1,0,0.6187236033305521,0.6187236033305521,0.6187236033305521,279,True
chapman_like,CN,IAVB,prior_correction_gated,50,1,0,0.06243440419193822,0.06243440419193822,0.06243440419193822,279,True
chapman_like,CN,IAVB,prior_correction_minimax,50,1,0,0.44086729250431844,0.44086729250431844,0.44086729250431844,279,True
chapman_like,CN,IAVB,prevalence_correction,50,20,0,0.07721530694481002,0.06738140405937144,0.1123120224301786,279,True
chapman_like,CN,IAVB,temperature,50,20,0,0.06257380327171952,0.05085116712684076,0.0972777231541161,279,True
chapman_like,CN,IAVB,platt,50,20,0,0.040223210829822796,0.03211188195503816,0.06753403905933612,279,True
chapman_like,CN,IAVB,isotonic,50,20,0,0.05290953107814426,0.048926051572541554,0.08493188852386006,279,True
chapman_like,CN,IAVB,cv_select,50,20,0,0.05175291165928401,0.04842607146870604,0.07152264043252726,279,True
chapman_like,CN,IAVB,hybrid,50,20,0,0.45294720729734494,0.45294720727690896,0.4529472074293906,279,True
chapman_like,CN,IAVB,hybrid_minimax,50,20,0,0.43942376379607334,0.43925189490317007,0.44125825039048083,279,True
chapman_like,CN,IAVB,identity,100,1,0,0.06243440419193822,0.06243440419193822,0.06243440419193822,279,True
chapman_like,CN,IAVB,prior_correction,100,1,0,0.6187236033305521,0.6187236033305521,0.6187236033305521,279,True
chapman_like,CN,IAVB,prior_correction_gated,100,1,0,0.06243440419193822,0.06243440419193822,0.06243440419193822,279,True
chapman_like,CN,IAVB,prior_correction_minimax,100,1,0,0.44086729250431844,0.44086729250431844,0.44086729250431844,279,True
chapman_like,CN,IAVB,prevalence_correction,100,20,0,0.056933996243300235,0.049124363927556244,0.08121417658814437,279,True
chapman_like,CN,IAVB,temperature,100,20,0,0.055538450354113054,0.05195381330429891,0.07122259999150929,279,True
chapman_like,CN,IAVB,platt,100,20,0,0.029278204839240318,0.02557123704328905,0.05383124927568746,279,True
chapman_like,CN,IAVB,isotonic,100,20,0,0.03320552571083637,0.030238604535307162,0.05486845969476472,279,True
chapman_like,CN,IAVB,cv_select,100,20,0,0.03217407893180853,0.02801570837900185,0.04812820195598313,279,True
chapman_like,CN,IAVB,hybrid,100,20,0,0.4529472072733668,0.4529472072563504,0.4529472073420077,279,True
chapman_like,CN,IAVB,hybrid_minimax,100,20,0,0.43989654901923225,0.4400185668053505,0.4409368461026171,279,True
chapman_like,CN,IAVB,identity,200,1,0,0.06243440419193822,0.06243440419193822,0.06243440419193822,279,True
chapman_like,CN,IAVB,prior_correction,200,1,0,0.6187236033305521,0.6187236033305521,0.6187236033305521,279,True
chapman_like,CN,IAVB,prior_correction_gated,200,1,0,0.06243440419193822,0.06243440419193822,0.06243440419193822,279,True
chapman_like,CN,IAVB,prior_correction_minimax,200,1,0,0.44086729250431844,0.44086729250431844,0.44086729250431844,279,True
chapman_like,CN,IAVB,prevalence_correction,200,20,0,0.05448899263361413,0.0532353361499144,0.07798327714277303,279,True
chapman_like,CN,IAVB,temperature,200,20,0,0.054210400942756566,0.05333292242051109,0.0651775141735985,279,True
chapman_like,CN,IAVB,platt,200,20,0,0.02102287636114279,0.017387166049320175,0.03273205885237972,279,True
chapman_like,CN,IAVB,isotonic,200,20,0,0.021740639325237853,0.017846008511730224,0.039146558276315246,279,True
chapman_like,CN,IAVB,cv_select,200,20,0,0.022127664169728126,0.017846008511730224,0.040068220086276696,279,True
chapman_like,CN,IAVB,hybrid,200,20,0,0.45294720725604226,0.4529472072478451,0.45294720730915383,279,True
chapman_like,CN,IAVB,hybrid_minimax,200,20,0,0.44014110936064366,0.4400903970872964,0.4412582503974827,279,True
chapman_like,CN,IAVB,identity,400,1,0,0.06243440419193822,0.06243440419193822,0.06243440419193822,279,True
chapman_like,CN,IAVB,prior_correction,400,1,0,0.6187236033305521,0.6187236033305521,0.6187236033305521,279,True
chapman_like,CN,IAVB,prior_correction_gated,400,1,0,0.06243440419193822,0.06243440419193822,0.06243440419193822,279,True
chapman_like,CN,IAVB,prior_correction_minimax,400,1,0,0.44086729250431844,0.44086729250431844,0.44086729250431844,279,True
chapman_like,CN,IAVB,prevalence_correction,400,20,0,0.04820343407529579,0.049124363927556244,0.057699594290248346,279,True
chapman_like,CN,IAVB,temperature,400,20,0,0.05146387528884176,0.05088080200036971,0.05565974511168075,279,True
chapman_like,CN,IAVB,platt,400,20,0,0.016859732973927774,0.016832215865732858,0.020255110066233286,279,True
chapman_like,CN,IAVB,isotonic,400,20,0,0.014660645659701033,0.01487807805465123,0.022701422539669946,279,True
chapman_like,CN,IAVB,cv_select,400,20,0,0.016373270800290364,0.01501934041531088,0.026751145077370125,279,True
chapman_like,CN,IAVB,hybrid,400,20,0,0.4529472072390123,0.45294720724108134,0.4529472072663951,279,True
chapman_like,CN,IAVB,hybrid_minimax,400,20,0,0.44028008949133446,0.44057943025828494,0.4412139373795747,279,True
chapman_like,CN,IAVB,identity,800,1,0,0.06243440419193822,0.06243440419193822,0.06243440419193822,279,True
chapman_like,CN,IAVB,prior_correction,800,1,0,0.6187236033305521,0.6187236033305521,0.6187236033305521,279,True
chapman_like,CN,IAVB,prior_correction_gated,800,1,0,0.06243440419193822,0.06243440419193822,0.06243440419193822,279,True
chapman_like,CN,IAVB,prior_correction_minimax,800,1,0,0.44086729250431844,0.44086729250431844,0.44086729250431844,279,True
chapman_like,CN,IAVB,prevalence_correction,800,20,0,0.044785035576151315,0.0438206138684131,0.051296467834770904,279,True
chapman_like,CN,IAVB,temperature,800,20,0,0.0498252940127851,0.049705541709317264,0.053026224273050676,279,True
chapman_like,CN,IAVB,platt,800,20,0,0.016050419467064786,0.01575655891393566,0.018844799223713373,279,True
chapman_like,CN,IAVB,isotonic,800,20,0,0.011613223789112658,0.012387537581379069,0.01528008907797701,279,True
chapman_like,CN,IAVB,cv_select,800,20,0,0.011613223789112658,0.012387537581379069,0.01528008907797701,279,True
chapman_like,CN,IAVB,hybrid,800,20,0,0.45294720723902093,0.4529472072410575,0.45294720725591386,279,True
chapman_like,CN,IAVB,hybrid_minimax,800,20,0,0.4403931097104232,0.4402470981713398,0.4411909570894901,279,True
chapman_like,CN,RBBB,identity,0,1,0,0.020932786192611342,0.020932786192611342,0.020932786192611342,415,True
chapman_like,CN,RBBB,prior_correction,0,1,0,0.025263473931644995,0.025263473931644995,0.025263473931644995,415,True
chapman_like,CN,RBBB,prior_correction_gated,0,1,0,0.020932786192611342,0.020932786192611342,0.020932786192611342,415,True
chapman_like,CN,RBBB,prior_correction_minimax,0,1,0,0.06583324977510532,0.06583324977510532,0.06583324977510532,415,True
chapman_like,CN,RBBB,prevalence_correction,0,20,0,0.020932786192611345,0.020932786192611342,0.020932786192611342,415,True
chapman_like,CN,RBBB,temperature,0,20,0,0.020932786192611345,0.020932786192611342,0.020932786192611342,415,True
chapman_like,CN,RBBB,platt,0,20,0,0.020932786192611345,0.020932786192611342,0.020932786192611342,415,True
chapman_like,CN,RBBB,isotonic,0,20,0,0.020932786192611345,0.020932786192611342,0.020932786192611342,415,True
chapman_like,CN,RBBB,cv_select,0,20,0,0.020932786192611345,0.020932786192611342,0.020932786192611342,415,True
chapman_like,CN,RBBB,hybrid,0,20,0,0.020932786192611345,0.020932786192611342,0.020932786192611342,415,True
chapman_like,CN,RBBB,hybrid_minimax,0,20,0,0.020932786192611345,0.020932786192611342,0.020932786192611342,415,True
chapman_like,CN,RBBB,identity,25,1,0,0.020932786192611342,0.020932786192611342,0.020932786192611342,415,True
chapman_like,CN,RBBB,prior_correction,25,1,0,0.025263473931644995,0.025263473931644995,0.025263473931644995,415,True
chapman_like,CN,RBBB,prior_correction_gated,25,1,0,0.020932786192611342,0.020932786192611342,0.020932786192611342,415,True
chapman_like,CN,RBBB,prior_correction_minimax,25,1,0,0.06583324977510532,0.06583324977510532,0.06583324977510532,415,True
chapman_like,CN,RBBB,prevalence_correction,25,20,0,0.021147471756022038,0.020932786192611342,0.02170308557651944,415,True
chapman_like,CN,RBBB,temperature,25,20,0,0.03311558473836314,0.021003804609197096,0.05259130184743545,415,True
chapman_like,CN,RBBB,platt,25,20,0,0.020216511320166945,0.020933569015374794,0.020994032019250316,415,True
chapman_like,CN,RBBB,isotonic,25,20,0,0.03020678691002135,0.020931496943933814,0.0852,415,True
chapman_like,CN,RBBB,cv_select,25,20,0,0.030574850241302555,0.020932786192611342,0.0852,415,True
chapman_like,CN,RBBB,hybrid,25,20,0,0.03908278852727451,0.028880281376156263,0.05681451612124764,415,True
chapman_like,CN,RBBB,hybrid_minimax,25,20,0,0.10759960914525894,0.10311033670483877,0.1514085564039369,415,True
chapman_like,CN,RBBB,identity,50,1,0,0.020932786192611342,0.020932786192611342,0.020932786192611342,415,True
chapman_like,CN,RBBB,prior_correction,50,1,0,0.025263473931644995,0.025263473931644995,0.025263473931644995,415,True
chapman_like,CN,RBBB,prior_correction_gated,50,1,0,0.020932786192611342,0.020932786192611342,0.020932786192611342,415,True
chapman_like,CN,RBBB,prior_correction_minimax,50,1,0,0.06583324977510532,0.06583324977510532,0.06583324977510532,415,True
chapman_like,CN,RBBB,prevalence_correction,50,20,0,0.02107814634330264,0.020992554500134146,0.021431067364950304,415,True
chapman_like,CN,RBBB,temperature,50,20,0,0.033364213707389345,0.03624083440911713,0.047706709194465735,415,True
chapman_like,CN,RBBB,platt,50,20,0,0.01831411275251814,0.020933569015374794,0.021000154401158308,415,True
chapman_like,CN,RBBB,isotonic,50,20,0,0.01726899267267521,0.01671811424075853,0.026871802812598093,415,True
chapman_like,CN,RBBB,cv_select,50,20,0,0.020148016140065006,0.020932786192611342,0.020932786192611342,415,True
chapman_like,CN,RBBB,hybrid,50,20,0,0.03965705471120977,0.0403816999546148,0.056333501663894156,415,True
chapman_like,CN,RBBB,hybrid_minimax,50,20,0,0.10852510719804145,0.10785279538230287,0.136650300942556,415,True
chapman_like,CN,RBBB,identity,100,1,0,0.020932786192611342,0.020932786192611342,0.020932786192611342,415,True
chapman_like,CN,RBBB,prior_correction,100,1,0,0.025263473931644995,0.025263473931644995,0.025263473931644995,415,True
chapman_like,CN,RBBB,prior_correction_gated,100,1,0,0.020932786192611342,0.020932786192611342,0.020932786192611342,415,True
chapman_like,CN,RBBB,prior_correction_minimax,100,1,0,0.06583324977510532,0.06583324977510532,0.06583324977510532,415,True
chapman_like,CN,RBBB,prevalence_correction,100,20,0,0.021003125402236106,0.021052322807656954,0.021357691436936728,415,True
chapman_like,CN,RBBB,temperature,100,20,0,0.03306630663910671,0.028765991070766814,0.0465747206281955,415,True
chapman_like,CN,RBBB,platt,100,20,0,0.01680531877943556,0.02096530797052739,0.022248382319835606,415,True
chapman_like,CN,RBBB,isotonic,100,20,0,0.012400160193938336,0.008356784018381119,0.020295857320910632,415,True
chapman_like,CN,RBBB,cv_select,100,20,0,0.019473699900529638,0.020932786192611342,0.020936752943700163,415,True
chapman_like,CN,RBBB,hybrid,100,20,0,0.03950166762740082,0.034821383386698226,0.05564663855455003,415,True
chapman_like,CN,RBBB,hybrid_minimax,100,20,0,0.11021337229239452,0.10850496073767843,0.12446370747402062,415,True
chapman_like,CN,RBBB,identity,200,1,0,0.020932786192611342,0.020932786192611342,0.020932786192611342,415,True
chapman_like,CN,RBBB,prior_correction,200,1,0,0.025263473931644995,0.025263473931644995,0.025263473931644995,415,True
chapman_like,CN,RBBB,prior_correction_gated,200,1,0,0.020932786192611342,0.020932786192611342,0.020932786192611342,415,True
chapman_like,CN,RBBB,prior_correction_minimax,200,1,0,0.06583324977510532,0.06583324977510532,0.06583324977510532,415,True
chapman_like,CN,RBBB,prevalence_correction,200,20,0,0.02104738107101833,0.021052322807656954,0.02130603133786279,415,True
chapman_like,CN,RBBB,temperature,200,20,0,0.03274810526190974,0.03217913168067134,0.04166346473929481,415,True
chapman_like,CN,RBBB,platt,200,20,0,0.010401807093612148,0.007863019826689152,0.020992888142675296,415,True
chapman_like,CN,RBBB,isotonic,200,20,0,0.007243590860715595,0.005891305560560547,0.012704096833232866,415,True
chapman_like,CN,RBBB,cv_select,200,20,0,0.013635809565040555,0.016071008538138577,0.020932786192611342,415,True
chapman_like,CN,RBBB,hybrid,200,20,0,0.03897042128706673,0.03756206046953006,0.04813281378060322,415,True
chapman_like,CN,RBBB,hybrid_minimax,200,20,0,0.10725578060794919,0.10851211421444604,0.11351388948355544,415,True
chapman_like,CN,RBBB,identity,400,1,0,0.020932786192611342,0.020932786192611342,0.020932786192611342,415,True
chapman_like,CN,RBBB,prior_correction,400,1,0,0.025263473931644995,0.025263473931644995,0.025263473931644995,415,True
chapman_like,CN,RBBB,prior_correction_gated,400,1,0,0.020932786192611342,0.020932786192611342,0.020932786192611342,415,True
chapman_like,CN,RBBB,prior_correction_minimax,400,1,0,0.06583324977510532,0.06583324977510532,0.06583324977510532,415,True
chapman_like,CN,RBBB,prevalence_correction,400,20,0,0.021030883681957185,0.021037527635212327,0.021182972751499357,415,True
chapman_like,CN,RBBB,temperature,400,20,0,0.0314561973945376,0.030826488641810444,0.037366165752082556,415,True
chapman_like,CN,RBBB,platt,400,20,0,0.004827779768043163,0.00382771309918908,0.008556702492936734,415,True
chapman_like,CN,RBBB,isotonic,400,20,0,0.00434393882596056,0.0030938785214536164,0.007995467595155412,415,True
chapman_like,CN,RBBB,cv_select,400,20,0,0.006658065551015271,0.003849296239362419,0.020932786192611342,415,True
chapman_like,CN,RBBB,hybrid,400,20,0,0.03774187811651498,0.03702048595191011,0.04389206119346612,415,True
chapman_like,CN,RBBB,hybrid_minimax,400,20,0,0.10435339084335238,0.1058039381027868,0.11020498867667505,415,True
chapman_like,CN,RBBB,identity,800,1,0,0.020932786192611342,0.020932786192611342,0.020932786192611342,415,True
chapman_like,CN,RBBB,prior_correction,800,1,0,0.025263473931644995,0.025263473931644995,0.025263473931644995,415,True
chapman_like,CN,RBBB,prior_correction_gated,800,1,0,0.020932786192611342,0.020932786192611342,0.020932786192611342,415,True
chapman_like,CN,RBBB,prior_correction_minimax,800,1,0,0.06583324977510532,0.06583324977510532,0.06583324977510532,415,True
chapman_like,CN,RBBB,prevalence_correction,800,20,0,0.02104597778285995,0.021059548206639023,0.021139771930497177,415,True
chapman_like,CN,RBBB,temperature,800,20,0,0.03186337508782958,0.03225369667405697,0.036158871263191276,415,True
chapman_like,CN,RBBB,platt,800,20,0,0.0032950162979004417,0.002803925169339633,0.005967491928885545,415,True
chapman_like,CN,RBBB,isotonic,800,20,0,0.0022903015341550204,0.0018004215219099675,0.004179328490740105,415,True
chapman_like,CN,RBBB,cv_select,800,20,0,0.002854319270220095,0.002406581628274199,0.005608236583695664,415,True
chapman_like,CN,RBBB,hybrid,800,20,0,0.03845019388162781,0.038485306789432336,0.04268839039974884,415,True
chapman_like,CN,RBBB,hybrid_minimax,800,20,0,0.10512160440638958,0.10593663352376184,0.10948970162155491,415,True
chapman_like,CN,LBBB,identity,0,1,0,0.0012697389366622827,0.0012697389366622827,0.0012697389366622827,67,True
chapman_like,CN,LBBB,prior_correction,0,1,0,0.0128,0.0128,0.0128,67,True
chapman_like,CN,LBBB,prior_correction_gated,0,1,0,0.0012697389366622827,0.0012697389366622827,0.0012697389366622827,67,True
chapman_like,CN,LBBB,prior_correction_minimax,0,1,0,0.007707859446701911,0.007707859446701911,0.007707859446701911,67,True
chapman_like,CN,LBBB,prevalence_correction,0,20,0,0.0012697389366622825,0.0012697389366622827,0.0012697389366622827,67,True
chapman_like,CN,LBBB,temperature,0,20,0,0.0012697389366622825,0.0012697389366622827,0.0012697389366622827,67,True
chapman_like,CN,LBBB,platt,0,20,0,0.0012697389366622825,0.0012697389366622827,0.0012697389366622827,67,True
chapman_like,CN,LBBB,isotonic,0,20,0,0.0012697389366622825,0.0012697389366622827,0.0012697389366622827,67,True
chapman_like,CN,LBBB,cv_select,0,20,0,0.0012697389366622825,0.0012697389366622827,0.0012697389366622827,67,True
chapman_like,CN,LBBB,hybrid,0,20,0,0.0012697389366622825,0.0012697389366622827,0.0012697389366622827,67,True
chapman_like,CN,LBBB,hybrid_minimax,0,20,0,0.0012697389366622825,0.0012697389366622827,0.0012697389366622827,67,True
chapman_like,CN,LBBB,identity,25,1,0,0.0012697389366622827,0.0012697389366622827,0.0012697389366622827,67,True
chapman_like,CN,LBBB,prior_correction,25,1,0,0.0128,0.0128,0.0128,67,True
chapman_like,CN,LBBB,prior_correction_gated,25,1,0,0.0012697389366622827,0.0012697389366622827,0.0012697389366622827,67,True
chapman_like,CN,LBBB,prior_correction_minimax,25,1,0,0.007707859446701911,0.007707859446701911,0.007707859446701911,67,True
chapman_like,CN,LBBB,prevalence_correction,25,20,0,0.0012697389366622825,0.0012697389366622827,0.0012697389366622827,67,True
chapman_like,CN,LBBB,temperature,25,20,0,0.0018853054792850176,0.0012687569225179433,0.002062633569512946,67,True
chapman_like,CN,LBBB,platt,25,20,0,0.0011176818545155268,0.0012687569225179433,0.0012687569225179433,67,True
chapman_like,CN,LBBB,isotonic,25,20,0,0.008622575172100182,0.0128,0.0128,67,True
chapman_like,CN,LBBB,cv_select,25,20,0,0.008764408627831802,0.0128,0.0128,67,True
chapman_like,CN,LBBB,hybrid,25,20,0,0.019839348436208402,0.012799000000000001,0.027199995052170557,67,True
chapman_like,CN,LBBB,hybrid_minimax,25,20,0,0.008307479626545315,0.0077087732334671635,0.00850180077976478,67,True
chapman_like,CN,LBBB,identity,50,1,0,0.0012697389366622827,0.0012697389366622827,0.0012697389366622827,67,True
chapman_like,CN,LBBB,prior_correction,50,1,0,0.0128,0.0128,0.0128,67,True
chapman_like,CN,LBBB,prior_correction_gated,50,1,0,0.0012697389366622827,0.0012697389366622827,0.0012697389366622827,67,True
chapman_like,CN,LBBB,prior_correction_minimax,50,1,0,0.007707859446701911,0.007707859446701911,0.007707859446701911,67,True
chapman_like,CN,LBBB,prevalence_correction,50,20,0,0.001262824166248832,0.0012697389366622827,0.0012697389366622827,67,True
chapman_like,CN,LBBB,temperature,50,20,0,0.0015666842535610904,0.0012687569225179433,0.0023187695749666815,67,True
chapman_like,CN,LBBB,platt,50,20,0,0.0009528186153928041,0.0012687569225179433,0.0012687569225179433,67,True
chapman_like,CN,LBBB,isotonic,50,20,0,0.007363527502700124,0.0128,0.0128,67,True
chapman_like,CN,LBBB,cv_select,50,20,0,0.00761138252149803,0.0128,0.0128,67,True
chapman_like,CN,LBBB,hybrid,50,20,0,0.015279456243519573,0.012799000000000001,0.027199995051697734,67,True
chapman_like,CN,LBBB,hybrid_minimax,50,20,0,0.009453871292323626,0.0077087732334671635,0.01423506500325859,67,True
chapman_like,CN,LBBB,identity,100,1,0,0.0012697389366622827,0.0012697389366622827,0.0012697389366622827,67,True
chapman_like,CN,LBBB,prior_correction,100,1,0,0.0128,0.0128,0.0128,67,True
chapman_like,CN,LBBB,prior_correction_gated,100,1,0,0.0012697389366622827,0.0012697389366622827,0.0012697389366622827,67,True
chapman_like,CN,LBBB,prior_correction_minimax,100,1,0,0.007707859446701911,0.007707859446701911,0.007707859446701911,67,True
chapman_like,CN,LBBB,prevalence_correction,100,20,0,0.0012715649998594678,0.0012697389366622827,0.001271564999859468,67,True
chapman_like,CN,LBBB,temperature,100,20,0,0.0011512266483062598,0.0012687569225179433,0.0012799549363764528,67,True
chapman_like,CN,LBBB,platt,100,20,0,0.0008820985583621601,0.0012609688305061139,0.0012687569225179433,67,True
chapman_like,CN,LBBB,isotonic,100,20,0,0.00498829803161434,0.0012445715862211394,0.0128,67,True
chapman_like,CN,LBBB,cv_select,100,20,0,0.005305330308830484,0.0012697389366622827,0.0128,67,True
chapman_like,CN,LBBB,hybrid,100,20,0,0.009059660658984454,0.007200027554980134,0.01323910023905853,67,True
chapman_like,CN,LBBB,hybrid_minimax,100,20,0,0.009583770376315087,0.0077087732334671635,0.012317403645871357,67,True
chapman_like,CN,LBBB,identity,200,1,0,0.0012697389366622827,0.0012697389366622827,0.0012697389366622827,67,True
chapman_like,CN,LBBB,prior_correction,200,1,0,0.0128,0.0128,0.0128,67,True
chapman_like,CN,LBBB,prior_correction_gated,200,1,0,0.0012697389366622827,0.0012697389366622827,0.0012697389366622827,67,True
chapman_like,CN,LBBB,prior_correction_minimax,200,1,0,0.007707859446701911,0.007707859446701911,0.007707859446701911,67,True
chapman_like,CN,LBBB,prevalence_correction,200,20,0,0.0013051618538494493,0.0012697389366622827,0.0014204035157180878,67,True
chapman_like,CN,LBBB,temperature,200,20,0,0.0008885228468711821,0.0010597204535346023,0.0013097052136816735,67,True
chapman_like,CN,LBBB,platt,200,20,0,0.0006302285092604364,0.0006161388390700509,0.0012780201816440621,67,True
chapman_like,CN,LBBB,isotonic,200,20,0,0.0012981837246704687,0.0008976661326308101,0.0012697236031177456,67,True
chapman_like,CN,LBBB,cv_select,200,20,0,0.0017170544496150186,0.0012697389366622827,0.0012697389366622827,67,True
chapman_like,CN,LBBB,hybrid,200,20,0,0.006559953914914866,0.0028000086137978542,0.013239100239065039,67,True
chapman_like,CN,LBBB,hybrid_minimax,200,20,0,0.009923401938625388,0.009163461980686374,0.013003637247503147,67,True
chapman_like,CN,LBBB,identity,400,1,0,0.0012697389366622827,0.0012697389366622827,0.0012697389366622827,67,True
chapman_like,CN,LBBB,prior_correction,400,1,0,0.0128,0.0128,0.0128,67,True
chapman_like,CN,LBBB,prior_correction_gated,400,1,0,0.0012697389366622827,0.0012697389366622827,0.0012697389366622827,67,True
chapman_like,CN,LBBB,prior_correction_minimax,400,1,0,0.007707859446701911,0.007707859446701911,0.007707859446701911,67,True
chapman_like,CN,LBBB,prevalence_correction,400,20,0,0.001444466484343117,0.0014358946273685656,0.001531663648190174,67,True
chapman_like,CN,LBBB,temperature,400,20,0,0.001000189867767148,0.0011005720497054994,0.0013110458118154454,67,True
chapman_like,CN,LBBB,platt,400,20,0,0.00039986545381526424,3.383325723515032e-07,0.0012780201816440621,67,True
chapman_like,CN,LBBB,isotonic,400,20,0,0.0005084439370649161,0.00031053569561700044,0.0012586162662948145,67,True
chapman_like,CN,LBBB,cv_select,400,20,0,0.0007768433477062858,0.0012409999552703234,0.0012697389366622827,67,True
chapman_like,CN,LBBB,hybrid,400,20,0,0.00425000232858025,0.0037500039671794815,0.005490002651030845,67,True
chapman_like,CN,LBBB,hybrid_minimax,400,20,0,0.01091144402442068,0.010546321588415005,0.012994078920932729,67,True
chapman_like,CN,LBBB,identity,800,1,0,0.0012697389366622827,0.0012697389366622827,0.0012697389366622827,67,True
chapman_like,CN,LBBB,prior_correction,800,1,0,0.0128,0.0128,0.0128,67,True
chapman_like,CN,LBBB,prior_correction_gated,800,1,0,0.0012697389366622827,0.0012697389366622827,0.0012697389366622827,67,True
chapman_like,CN,LBBB,prior_correction_minimax,800,1,0,0.007707859446701911,0.007707859446701911,0.007707859446701911,67,True
chapman_like,CN,LBBB,prevalence_correction,800,20,0,0.0014385583053668398,0.0014353720697251576,0.0014918815679487473,67,True
chapman_like,CN,LBBB,temperature,800,20,0,0.0007001727534508844,0.0007612343228210897,0.0011953235039319843,67,True
chapman_like,CN,LBBB,platt,800,20,0,0.00016881530182841524,1.4431672355156439e-07,0.0007427380522808736,67,True
chapman_like,CN,LBBB,isotonic,800,20,0,0.00024151122340487522,5.276210386594062e-05,0.0006630530021827601,67,True
chapman_like,CN,LBBB,cv_select,800,20,0,0.00037907487505414896,1.8871421329086369e-07,0.0012697389366622827,67,True
chapman_like,CN,LBBB,hybrid,800,20,0,0.0029399992453848158,0.0018750112230988616,0.006074991246539107,67,True
chapman_like,CN,LBBB,hybrid_minimax,800,20,0,0.010303540523146602,0.01040605841906144,0.011912460967711556,67,True
chapman_like,CN,SB,identity,0,1,0,0.06722398607039362,0.06722398607039362,0.06722398607039362,806,True
chapman_like,CN,SB,prior_correction,0,1,0,0.06437376586058864,0.06437376586058864,0.06437376586058864,806,True
chapman_like,CN,SB,prior_correction_gated,0,1,0,0.06722398607039362,0.06722398607039362,0.06722398607039362,806,True
chapman_like,CN,SB,prior_correction_minimax,0,1,0,0.08192913497108484,0.08192913497108484,0.08192913497108484,806,True
chapman_like,CN,SB,prevalence_correction,0,20,0,0.06722398607039362,0.06722398607039362,0.06722398607039362,806,True
chapman_like,CN,SB,temperature,0,20,0,0.06722398607039362,0.06722398607039362,0.06722398607039362,806,True
chapman_like,CN,SB,platt,0,20,0,0.06722398607039362,0.06722398607039362,0.06722398607039362,806,True
chapman_like,CN,SB,isotonic,0,20,0,0.06722398607039362,0.06722398607039362,0.06722398607039362,806,True
chapman_like,CN,SB,cv_select,0,20,0,0.06722398607039362,0.06722398607039362,0.06722398607039362,806,True
chapman_like,CN,SB,hybrid,0,20,0,0.06722398607039362,0.06722398607039362,0.06722398607039362,806,True
chapman_like,CN,SB,hybrid_minimax,0,20,0,0.06722398607039362,0.06722398607039362,0.06722398607039362,806,True
chapman_like,CN,SB,identity,25,1,0,0.06722398607039362,0.06722398607039362,0.06722398607039362,806,True
chapman_like,CN,SB,prior_correction,25,1,0,0.06437376586058864,0.06437376586058864,0.06437376586058864,806,True
chapman_like,CN,SB,prior_correction_gated,25,1,0,0.06722398607039362,0.06722398607039362,0.06722398607039362,806,True
chapman_like,CN,SB,prior_correction_minimax,25,1,0,0.08192913497108484,0.08192913497108484,0.08192913497108484,806,True
chapman_like,CN,SB,prevalence_correction,25,20,0,0.06024042823486525,0.061109259965226544,0.06722398607039362,806,True
chapman_like,CN,SB,temperature,25,20,0,0.061829603661445465,0.05767947063945853,0.07511391451143647,806,True
chapman_like,CN,SB,platt,25,20,0,0.07103293656147222,0.07698816229520121,0.10493612388509307,806,True
chapman_like,CN,SB,isotonic,25,20,0,0.0662414677859769,0.06483096902045851,0.10698394654530512,806,True
chapman_like,CN,SB,cv_select,25,20,0,0.06839456637863303,0.06722398607039362,0.06823345083938599,806,True
chapman_like,CN,SB,hybrid,25,20,0,0.05846178745929552,0.05347441450009553,0.07198259046890282,806,True
chapman_like,CN,SB,hybrid_minimax,25,20,0,0.07736265827487143,0.07320111061815196,0.08563439043014502,806,True
chapman_like,CN,SB,identity,50,1,0,0.06722398607039362,0.06722398607039362,0.06722398607039362,806,True
chapman_like,CN,SB,prior_correction,50,1,0,0.06437376586058864,0.06437376586058864,0.06437376586058864,806,True
chapman_like,CN,SB,prior_correction_gated,50,1,0,0.06722398607039362,0.06722398607039362,0.06722398607039362,806,True
chapman_like,CN,SB,prior_correction_minimax,50,1,0,0.08192913497108484,0.08192913497108484,0.08192913497108484,806,True
chapman_like,CN,SB,prevalence_correction,50,20,0,0.057750603230481146,0.05574102375578801,0.06722398607039362,806,True
chapman_like,CN,SB,temperature,50,20,0,0.05950762333412581,0.058118127625298874,0.06749452204463163,806,True
chapman_like,CN,SB,platt,50,20,0,0.04866071256018821,0.043449279418251704,0.08545780749134269,806,True
chapman_like,CN,SB,isotonic,50,20,0,0.052227779632566015,0.04412104960979653,0.0967803891236221,806,True
chapman_like,CN,SB,cv_select,50,20,0,0.06423403446785433,0.06722398607039362,0.06722398607039362,806,True
chapman_like,CN,SB,hybrid,50,20,0,0.055682533535477564,0.0542426520284557,0.06445432088293768,806,True
chapman_like,CN,SB,hybrid_minimax,50,20,0,0.07611958621046638,0.0741509948768117,0.081483950204835,806,True
chapman_like,CN,SB,identity,100,1,0,0.06722398607039362,0.06722398607039362,0.06722398607039362,806,True
chapman_like,CN,SB,prior_correction,100,1,0,0.06437376586058864,0.06437376586058864,0.06437376586058864,806,True
chapman_like,CN,SB,prior_correction_gated,100,1,0,0.06722398607039362,0.06722398607039362,0.06722398607039362,806,True
chapman_like,CN,SB,prior_correction_minimax,100,1,0,0.08192913497108484,0.08192913497108484,0.08192913497108484,806,True
chapman_like,CN,SB,prevalence_correction,100,20,0,0.05762684117809386,0.05574102375578801,0.06411354811277346,806,True
chapman_like,CN,SB,temperature,100,20,0,0.056791544568648836,0.05603746412818765,0.05888873941939588,806,True
chapman_like,CN,SB,platt,100,20,0,0.036103627739473794,0.032275749430744544,0.05507354828369835,806,True
chapman_like,CN,SB,isotonic,100,20,0,0.03766808652936744,0.0353311006189239,0.05474670052650252,806,True
chapman_like,CN,SB,cv_select,100,20,0,0.05322305166031136,0.06722398607039362,0.06722398607039362,806,True
chapman_like,CN,SB,hybrid,100,20,0,0.05296065238333727,0.05216379356450031,0.05508128891621884,806,True
chapman_like,CN,SB,hybrid_minimax,100,20,0,0.07221747130483394,0.07116698114620945,0.07497906936320149,806,True
chapman_like,CN,SB,identity,200,1,0,0.06722398607039362,0.06722398607039362,0.06722398607039362,806,True
chapman_like,CN,SB,prior_correction,200,1,0,0.06437376586058864,0.06437376586058864,0.06437376586058864,806,True
chapman_like,CN,SB,prior_correction_gated,200,1,0,0.06722398607039362,0.06722398607039362,0.06722398607039362,806,True
chapman_like,CN,SB,prior_correction_minimax,200,1,0,0.08192913497108484,0.08192913497108484,0.08192913497108484,806,True
chapman_like,CN,SB,prevalence_correction,200,20,0,0.05569526950459132,0.05512013741746216,0.060538926841792934,806,True
chapman_like,CN,SB,temperature,200,20,0,0.055738599222440864,0.055324420943472716,0.05705485249563026,806,True
chapman_like,CN,SB,platt,200,20,0,0.027404454480613315,0.026304016560772088,0.03650180559487999,806,True
chapman_like,CN,SB,isotonic,200,20,0,0.024905294247112523,0.021579677080049306,0.036157634233320135,806,True
chapman_like,CN,SB,cv_select,200,20,0,0.03491699380801387,0.02729106805333339,0.06722398607039362,806,True
chapman_like,CN,SB,hybrid,200,20,0,0.05191575234576119,0.051528694739302834,0.05322435020947104,806,True
chapman_like,CN,SB,hybrid_minimax,200,20,0,0.07123652402564754,0.07074240254844,0.07283914000074936,806,True
chapman_like,CN,SB,identity,400,1,0,0.06722398607039362,0.06722398607039362,0.06722398607039362,806,True
chapman_like,CN,SB,prior_correction,400,1,0,0.06437376586058864,0.06437376586058864,0.06437376586058864,806,True
chapman_like,CN,SB,prior_correction_gated,400,1,0,0.06722398607039362,0.06722398607039362,0.06722398607039362,806,True
chapman_like,CN,SB,prior_correction_minimax,400,1,0,0.08192913497108484,0.08192913497108484,0.08192913497108484,806,True
chapman_like,CN,SB,prevalence_correction,400,20,0,0.055205165138989966,0.05405674480648265,0.05839708984402481,806,True
chapman_like,CN,SB,temperature,400,20,0,0.05552512451709045,0.055244417242866786,0.05665004902625366,806,True
chapman_like,CN,SB,platt,400,20,0,0.022555144272950852,0.02231213443676921,0.025422893862891375,806,True
chapman_like,CN,SB,isotonic,400,20,0,0.01897599138045794,0.01879142065960377,0.027410309724206057,806,True
chapman_like,CN,SB,cv_select,400,20,0,0.023315406419691573,0.02231213443676921,0.031183526888377,806,True
chapman_like,CN,SB,hybrid,400,20,0,0.05169691779478928,0.05137627608347044,0.05279204012118389,806,True
chapman_like,CN,SB,hybrid_minimax,400,20,0,0.07111142794654791,0.07076337396125221,0.0724727527889286,806,True
chapman_like,CN,SB,identity,800,1,0,0.06722398607039362,0.06722398607039362,0.06722398607039362,806,True
chapman_like,CN,SB,prior_correction,800,1,0,0.06437376586058864,0.06437376586058864,0.06437376586058864,806,True
chapman_like,CN,SB,prior_correction_gated,800,1,0,0.06722398607039362,0.06722398607039362,0.06722398607039362,806,True
chapman_like,CN,SB,prior_correction_minimax,800,1,0,0.08192913497108484,0.08192913497108484,0.08192913497108484,806,True
chapman_like,CN,SB,prevalence_correction,800,20,0,0.054914062050017434,0.05451001240371827,0.056916956807659846,806,True
chapman_like,CN,SB,temperature,800,20,0,0.05533980950939247,0.05529945206776266,0.05590007517820691,806,True
chapman_like,CN,SB,platt,800,20,0,0.020570188279967892,0.02026476591694118,0.022321049775811536,806,True
chapman_like,CN,SB,isotonic,800,20,0,0.014762626614655319,0.014196466978120994,0.019068487797416444,806,True
chapman_like,CN,SB,cv_select,800,20,0,0.016350441797776845,0.01698336018159813,0.02195912782757906,806,True
chapman_like,CN,SB,hybrid,800,20,0,0.051518842877887605,0.05148524411963918,0.05210068959226234,806,True
chapman_like,CN,SB,hybrid_minimax,800,20,0,0.07090624501133648,0.07083257243452537,0.07148807862411795,806,True
chapman_like,CN,STACH,identity,0,1,0,0.012328634651813365,0.012328634651813365,0.012328634651813365,323,True
chapman_like,CN,STACH,prior_correction,0,1,0,0.02557538669227198,0.02557538669227198,0.02557538669227198,323,True
chapman_like,CN,STACH,prior_correction_gated,0,1,0,0.012328634651813365,0.012328634651813365,0.012328634651813365,323,True
chapman_like,CN,STACH,prior_correction_minimax,0,1,0,0.025836088409246068,0.025836088409246068,0.025836088409246068,323,True
chapman_like,CN,STACH,prevalence_correction,0,20,0,0.012328634651813363,0.012328634651813365,0.012328634651813365,323,True
chapman_like,CN,STACH,temperature,0,20,0,0.012328634651813363,0.012328634651813365,0.012328634651813365,323,True
chapman_like,CN,STACH,platt,0,20,0,0.012328634651813363,0.012328634651813365,0.012328634651813365,323,True
chapman_like,CN,STACH,isotonic,0,20,0,0.012328634651813363,0.012328634651813365,0.012328634651813365,323,True
chapman_like,CN,STACH,cv_select,0,20,0,0.012328634651813363,0.012328634651813365,0.012328634651813365,323,True
chapman_like,CN,STACH,hybrid,0,20,0,0.012328634651813363,0.012328634651813365,0.012328634651813365,323,True
chapman_like,CN,STACH,hybrid_minimax,0,20,0,0.012328634651813363,0.012328634651813365,0.012328634651813365,323,True
chapman_like,CN,STACH,identity,25,1,0,0.012328634651813365,0.012328634651813365,0.012328634651813365,323,True
chapman_like,CN,STACH,prior_correction,25,1,0,0.02557538669227198,0.02557538669227198,0.02557538669227198,323,True
chapman_like,CN,STACH,prior_correction_gated,25,1,0,0.012328634651813365,0.012328634651813365,0.012328634651813365,323,True
chapman_like,CN,STACH,prior_correction_minimax,25,1,0,0.025836088409246068,0.025836088409246068,0.025836088409246068,323,True
chapman_like,CN,STACH,prevalence_correction,25,20,0,0.011514014073722106,0.012328634651813365,0.012328634651813365,323,True
chapman_like,CN,STACH,temperature,25,20,0,0.014217930928133393,0.01495296570292251,0.01600326273478468,323,True
chapman_like,CN,STACH,platt,25,20,0,0.01719134237396709,0.015045954073207449,0.023752821528978372,323,True
chapman_like,CN,STACH,isotonic,25,20,0,0.024673347735306276,0.01303049742291087,0.0656,323,True
chapman_like,CN,STACH,cv_select,25,20,0,0.02437958386540049,0.013647714818236869,0.0656,323,True
chapman_like,CN,STACH,hybrid,25,20,0,0.027212490765291936,0.02557568173220735,0.029929802024399047,323,True
chapman_like,CN,STACH,hybrid_minimax,25,20,0,0.027486582776702063,0.025836387728887116,0.03025536457209348,323,True
chapman_like,CN,STACH,identity,50,1,0,0.012328634651813365,0.012328634651813365,0.012328634651813365,323,True
chapman_like,CN,STACH,prior_correction,50,1,0,0.02557538669227198,0.02557538669227198,0.02557538669227198,323,True
chapman_like,CN,STACH,prior_correction_gated,50,1,0,0.012328634651813365,0.012328634651813365,0.012328634651813365,323,True
chapman_like,CN,STACH,prior_correction_minimax,50,1,0,0.025836088409246068,0.025836088409246068,0.025836088409246068,323,True
chapman_like,CN,STACH,prevalence_correction,50,20,0,0.013590358066051697,0.012447547588229978,0.017096863816763008,323,True
chapman_like,CN,STACH,temperature,50,20,0,0.013951713598472675,0.015018225436518286,0.01512401928156428,323,True
chapman_like,CN,STACH,platt,50,20,0,0.014269670799375994,0.015015170909087928,0.017660117944082523,323,True
chapman_like,CN,STACH,isotonic,50,20,0,0.011810623866449262,0.01152404098385409,0.017464826771260742,323,True
chapman_like,CN,STACH,cv_select,50,20,0,0.013663310067862316,0.013640334498029023,0.01511633442222113,323,True
chapman_like,CN,STACH,hybrid,50,20,0,0.026350961329177656,0.02555510501539269,0.029252620375409783,323,True
chapman_like,CN,STACH,hybrid_minimax,50,20,0,0.026621408171532294,0.025796680399528857,0.02960183303905072,323,True
chapman_like,CN,STACH,identity,100,1,0,0.012328634651813365,0.012328634651813365,0.012328634651813365,323,True
chapman_like,CN,STACH,prior_correction,100,1,0,0.02557538669227198,0.02557538669227198,0.02557538669227198,323,True
chapman_like,CN,STACH,prior_correction_gated,100,1,0,0.012328634651813365,0.012328634651813365,0.012328634651813365,323,True
chapman_like,CN,STACH,prior_correction_minimax,100,1,0,0.025836088409246068,0.025836088409246068,0.025836088409246068,323,True
chapman_like,CN,STACH,prevalence_correction,100,20,0,0.015981619408789206,0.015147324114152282,0.020473671279603325,323,True
chapman_like,CN,STACH,temperature,100,20,0,0.012820018108295136,0.011939259591484758,0.015066525506886929,323,True
chapman_like,CN,STACH,platt,100,20,0,0.012038510023145894,0.010716710848037814,0.020433591005902692,323,True
chapman_like,CN,STACH,isotonic,100,20,0,0.011507669191549871,0.011571033383992364,0.015056907293369275,323,True
chapman_like,CN,STACH,cv_select,100,20,0,0.012432448444743798,0.012328634651813365,0.01483226888769504,323,True
chapman_like,CN,STACH,hybrid,100,20,0,0.025624839212600135,0.02539990995001902,0.026557806660352127,323,True
chapman_like,CN,STACH,hybrid_minimax,100,20,0,0.025894681487739452,0.025649396725202715,0.026864970613632484,323,True
chapman_like,CN,STACH,identity,200,1,0,0.012328634651813365,0.012328634651813365,0.012328634651813365,323,True
chapman_like,CN,STACH,prior_correction,200,1,0,0.02557538669227198,0.02557538669227198,0.02557538669227198,323,True
chapman_like,CN,STACH,prior_correction_gated,200,1,0,0.012328634651813365,0.012328634651813365,0.012328634651813365,323,True
chapman_like,CN,STACH,prior_correction_minimax,200,1,0,0.025836088409246068,0.025836088409246068,0.025836088409246068,323,True
chapman_like,CN,STACH,prevalence_correction,200,20,0,0.01695443007664994,0.016402144347776357,0.020580701980543258,323,True
chapman_like,CN,STACH,temperature,200,20,0,0.012364691081640754,0.012184856552044251,0.012903242024524805,323,True
chapman_like,CN,STACH,platt,200,20,0,0.00906361739167209,0.008510574588977027,0.01424002663850167,323,True
chapman_like,CN,STACH,isotonic,200,20,0,0.007978627794657375,0.00751830085223148,0.012715925527714726,323,True
chapman_like,CN,STACH,cv_select,200,20,0,0.011993362017301364,0.012328634651813365,0.012328634651813365,323,True
chapman_like,CN,STACH,hybrid,200,20,0,0.02540423233054446,0.025040690148245958,0.02658660768113171,323,True
chapman_like,CN,STACH,hybrid_minimax,200,20,0,0.025671925337802458,0.025293792707666695,0.02687380495547781,323,True
chapman_like,CN,STACH,identity,400,1,0,0.012328634651813365,0.012328634651813365,0.012328634651813365,323,True
chapman_like,CN,STACH,prior_correction,400,1,0,0.02557538669227198,0.02557538669227198,0.02557538669227198,323,True
chapman_like,CN,STACH,prior_correction_gated,400,1,0,0.012328634651813365,0.012328634651813365,0.012328634651813365,323,True
chapman_like,CN,STACH,prior_correction_minimax,400,1,0,0.025836088409246068,0.025836088409246068,0.025836088409246068,323,True
chapman_like,CN,STACH,prevalence_correction,400,20,0,0.01700217016667363,0.016743896207372,0.018684710020925945,323,True
chapman_like,CN,STACH,temperature,400,20,0,0.01195492544274716,0.01186762324933903,0.012049711910433124,323,True
chapman_like,CN,STACH,platt,400,20,0,0.0058119788678268666,0.0051240289911519705,0.010046356926715847,323,True
chapman_like,CN,STACH,isotonic,400,20,0,0.0068593744529292,0.006417404340290039,0.01297764521566513,323,True
chapman_like,CN,STACH,cv_select,400,20,0,0.009741797360008162,0.012328634651813365,0.012328634651813365,323,True
chapman_like,CN,STACH,hybrid,400,20,0,0.025199145721523007,0.025129592944444175,0.025601357050578304,323,True
chapman_like,CN,STACH,hybrid_minimax,400,20,0,0.025466879746660502,0.025393587074149775,0.025878377541243527,323,True
chapman_like,CN,STACH,identity,800,1,0,0.012328634651813365,0.012328634651813365,0.012328634651813365,323,True
chapman_like,CN,STACH,prior_correction,800,1,0,0.02557538669227198,0.02557538669227198,0.02557538669227198,323,True
chapman_like,CN,STACH,prior_correction_gated,800,1,0,0.012328634651813365,0.012328634651813365,0.012328634651813365,323,True
chapman_like,CN,STACH,prior_correction_minimax,800,1,0,0.025836088409246068,0.025836088409246068,0.025836088409246068,323,True
chapman_like,CN,STACH,prevalence_correction,800,20,0,0.01667856461358045,0.016745297326106835,0.017859849359059106,323,True
chapman_like,CN,STACH,temperature,800,20,0,0.011958769319983307,0.011893316023676753,0.012103240920091697,323,True
chapman_like,CN,STACH,platt,800,20,0,0.005179295517132395,0.00511191825482612,0.007001513035452607,323,True
chapman_like,CN,STACH,isotonic,800,20,0,0.005566308703171334,0.006044497171153442,0.008669394115892015,323,True
chapman_like,CN,STACH,cv_select,800,20,0,0.007907028990294017,0.006681759843859041,0.012328634651813365,323,True
chapman_like,CN,STACH,hybrid,800,20,0,0.025124627365600716,0.02500289934578388,0.025552152230000996,323,True
chapman_like,CN,STACH,hybrid_minimax,800,20,0,0.025390654165361758,0.025266770933712164,0.02582900580074667,323,True
code15_like,BR,AF,identity,0,1,0,0.4396615948755852,0.4396615948755852,0.4396615948755852,105,True
code15_like,BR,AF,prior_correction,0,1,0,0.8866064329071005,0.8866064329071005,0.8866064329071005,105,True
code15_like,BR,AF,prior_correction_gated,0,1,0,0.8866064329071005,0.8866064329071005,0.8866064329071005,105,True
code15_like,BR,AF,prior_correction_minimax,0,1,0,0.8781495460689253,0.8781495460689253,0.8781495460689253,105,True
code15_like,BR,AF,prevalence_correction,0,20,0,0.43966159487558515,0.4396615948755852,0.4396615948755852,105,True
code15_like,BR,AF,temperature,0,20,0,0.43966159487558515,0.4396615948755852,0.4396615948755852,105,True
code15_like,BR,AF,platt,0,20,0,0.43966159487558515,0.4396615948755852,0.4396615948755852,105,True
code15_like,BR,AF,isotonic,0,20,0,0.43966159487558515,0.4396615948755852,0.4396615948755852,105,True
code15_like,BR,AF,cv_select,0,20,0,0.43966159487558515,0.4396615948755852,0.4396615948755852,105,True
code15_like,BR,AF,hybrid,0,20,0,0.43966159487558515,0.4396615948755852,0.4396615948755852,105,True
code15_like,BR,AF,hybrid_minimax,0,20,0,0.43966159487558515,0.4396615948755852,0.4396615948755852,105,True
code15_like,BR,AF,identity,25,1,0,0.4396615948755852,0.4396615948755852,0.4396615948755852,105,True
code15_like,BR,AF,prior_correction,25,1,0,0.8866064329071005,0.8866064329071005,0.8866064329071005,105,True
code15_like,BR,AF,prior_correction_gated,25,1,0,0.8866064329071005,0.8866064329071005,0.8866064329071005,105,True
code15_like,BR,AF,prior_correction_minimax,25,1,0,0.8781495460689253,0.8781495460689253,0.8781495460689253,105,True
code15_like,BR,AF,prevalence_correction,25,20,0,0.43966159487558515,0.4396615948755852,0.4396615948755852,105,True
code15_like,BR,AF,temperature,25,20,0,0.45448906023565777,0.4437731974070854,0.47746994688160294,105,True
code15_like,BR,AF,platt,25,20,0,0.2338403555281002,0.2454508138731393,0.43966159454473097,105,True
code15_like,BR,AF,isotonic,25,20,0,0.023954446602444383,0.0192,0.042281659018721524,105,True
code15_like,BR,AF,cv_select,25,20,0,0.023821345824947122,0.0192,0.0383134022839178,105,True
code15_like,BR,AF,hybrid,25,20,0,0.7056000744180624,0.705600074661755,0.8866064317305273,105,True
code15_like,BR,AF,hybrid_minimax,25,20,0,0.700541292944799,0.7005412931819719,0.8781495448957213,105,True
code15_like,BR,AF,identity,50,1,0,0.4396615948755852,0.4396615948755852,0.4396615948755852,105,True
code15_like,BR,AF,prior_correction,50,1,0,0.8866064329071005,0.8866064329071005,0.8866064329071005,105,True
code15_like,BR,AF,prior_correction_gated,50,1,0,0.8866064329071005,0.8866064329071005,0.8866064329071005,105,True
code15_like,BR,AF,prior_correction_minimax,50,1,0,0.8781495460689253,0.8781495460689253,0.8781495460689253,105,True
code15_like,BR,AF,prevalence_correction,50,20,0,0.43966159487558515,0.4396615948755852,0.4396615948755852,105,True
code15_like,BR,AF,temperature,50,20,0,0.46023813710271416,0.46762185831777536,0.47563455146875344,105,True
code15_like,BR,AF,platt,50,20,0,0.14762021329143066,0.024575681895314068,0.43966159454473097,105,True
code15_like,BR,AF,isotonic,50,20,0,0.01850649129529934,0.015841701022946273,0.036067990835756056,105,True
code15_like,BR,AF,cv_select,50,20,0,0.018392907629398516,0.01584029460944591,0.034026016393841854,105,True
code15_like,BR,AF,hybrid,50,20,0,0.6331975313081162,0.524593717024118,0.8866064317305273,105,True
code15_like,BR,AF,hybrid_minimax,50,20,0,0.629497991983426,0.5229330409145326,0.8781495448957213,105,True
code15_like,BR,AF,identity,100,1,0,0.4396615948755852,0.4396615948755852,0.4396615948755852,105,True
code15_like,BR,AF,prior_correction,100,1,0,0.8866064329071005,0.8866064329071005,0.8866064329071005,105,True
code15_like,BR,AF,prior_correction_gated,100,1,0,0.8866064329071005,0.8866064329071005,0.8866064329071005,105,True
code15_like,BR,AF,prior_correction_minimax,100,1,0,0.8781495460689253,0.8781495460689253,0.8781495460689253,105,True
code15_like,BR,AF,prevalence_correction,100,20,0,0.3751389336069611,0.4396615948755852,0.4396615948755852,105,True
code15_like,BR,AF,temperature,100,20,0,0.4696275436617821,0.47015471503841333,0.4767245281874821,105,True
code15_like,BR,AF,platt,100,20,0,0.02315408924391576,0.01360282985447703,0.029083320701700405,105,True
code15_like,BR,AF,isotonic,100,20,0,0.012446274985986596,0.009498313436809944,0.026409805867070518,105,True
code15_like,BR,AF,cv_select,100,20,0,0.012793123705343318,0.009755513727840216,0.026409805867070518,105,True
code15_like,BR,AF,hybrid,100,20,0,0.5245937168235657,0.5245937168180093,0.5245937170555326,105,True
code15_like,BR,AF,hybrid_minimax,100,20,0,0.5229330407191253,0.5229330407134645,0.5229330409485875,105,True
code15_like,BR,AF,identity,200,1,0,0.4396615948755852,0.4396615948755852,0.4396615948755852,105,True
code15_like,BR,AF,prior_correction,200,1,0,0.8866064329071005,0.8866064329071005,0.8866064329071005,105,True
code15_like,BR,AF,prior_correction_gated,200,1,0,0.8866064329071005,0.8866064329071005,0.8866064329071005,105,True
code15_like,BR,AF,prior_correction_minimax,200,1,0,0.8781495460689253,0.8781495460689253,0.8781495460689253,105,True
code15_like,BR,AF,prevalence_correction,200,20,0,0.21513646821819812,0.18974336584493898,0.24473318865369453,105,True
code15_like,BR,AF,temperature,200,20,0,0.47103171456596293,0.4708223392463444,0.4750609337586337,105,True
code15_like,BR,AF,platt,200,20,0,0.033553705057764296,0.010300730415796738,0.01958236766907685,105,True
code15_like,BR,AF,isotonic,200,20,0,0.009686230698951095,0.008933398066982918,0.017973036627881623,105,True
code15_like,BR,AF,cv_select,200,20,0,0.03326428646514165,0.01015073059324275,0.01958236766907685,105,True
code15_like,BR,AF,hybrid,200,20,0,0.5245937168107996,0.5245937168112558,0.5245937169110894,105,True
code15_like,BR,AF,hybrid_minimax,200,20,0,0.522933040704705,0.5229330407077011,0.5229330408002469,105,True
code15_like,BR,AF,identity,400,1,0,0.4396615948755852,0.4396615948755852,0.4396615948755852,105,True
code15_like,BR,AF,prior_correction,400,1,0,0.8866064329071005,0.8866064329071005,0.8866064329071005,105,True
code15_like,BR,AF,prior_correction_gated,400,1,0,0.8866064329071005,0.8866064329071005,0.8866064329071005,105,True
code15_like,BR,AF,prior_correction_minimax,400,1,0,0.8781495460689253,0.8781495460689253,0.8781495460689253,105,True
code15_like,BR,AF,prevalence_correction,400,20,0,0.19764410322342835,0.19607492258518416,0.23647844795971812,105,True
code15_like,BR,AF,temperature,400,20,0,0.47060635611487933,0.4698796881255194,0.47364639789191654,105,True
code15_like,BR,AF,platt,400,20,0,0.054466648117893965,0.009185419356060983,0.05941845542511477,105,True
code15_like,BR,AF,isotonic,400,20,0,0.0073112167816700106,0.0069117352649261925,0.014472253145551384,105,True
code15_like,BR,AF,cv_select,400,20,0,0.007924826369287596,0.007874433107330554,0.013026004154977372,105,True
code15_like,BR,AF,hybrid,400,20,0,0.5245937168035585,0.5245937167864665,0.5245937169234414,105,True
code15_like,BR,AF,hybrid_minimax,400,20,0,0.5229330406980118,0.5229330406825206,0.5229330408166009,105,True
code15_like,BR,AF,identity,800,1,0,0.4396615948755852,0.4396615948755852,0.4396615948755852,105,True
code15_like,BR,AF,prior_correction,800,1,0,0.8866064329071005,0.8866064329071005,0.8866064329071005,105,True
code15_like,BR,AF,prior_correction_gated,800,1,0,0.8866064329071005,0.8866064329071005,0.8866064329071005,105,True
code15_like,BR,AF,prior_correction_minimax,800,1,0,0.8781495460689253,0.8781495460689253,0.8781495460689253,105,True
code15_like,BR,AF,prevalence_correction,800,20,0,0.1934953537779962,0.19619699061569984,0.21975804993368958,105,True
code15_like,BR,AF,temperature,800,20,0,0.4704521538430543,0.4705582233838071,0.4716510159273101,105,True
code15_like,BR,AF,platt,800,20,0,0.008583616217690078,0.008208411044984872,0.010375246104246571,105,True
code15_like,BR,AF,isotonic,800,20,0,0.0052520500586436996,0.00457809925532846,0.008215681537100677,105,True
code15_like,BR,AF,cv_select,800,20,0,0.006063897566763018,0.005481223722427343,0.009793608413694437,105,True
code15_like,BR,AF,hybrid,800,20,0,0.5245937167895247,0.5245937167785345,0.5245937168571164,105,True
code15_like,BR,AF,hybrid_minimax,800,20,0,0.5229330406840971,0.5229330406722952,0.5229330407519421,105,True
code15_like,BR,IAVB,identity,0,1,0,0.12845593971393876,0.12845593971393876,0.12845593971393876,93,True
code15_like,BR,IAVB,prior_correction,0,1,0,0.9808,0.9808,0.9808,93,True
code15_like,BR,IAVB,prior_correction_gated,0,1,0,0.12845593971393876,0.12845593971393876,0.12845593971393876,93,True
code15_like,BR,IAVB,prior_correction_minimax,0,1,0,0.47601956291381914,0.47601956291381914,0.47601956291381914,93,True
code15_like,BR,IAVB,prevalence_correction,0,20,0,0.1284559397139388,0.12845593971393876,0.12845593971393876,93,True
code15_like,BR,IAVB,temperature,0,20,0,0.1284559397139388,0.12845593971393876,0.12845593971393876,93,True
code15_like,BR,IAVB,platt,0,20,0,0.1284559397139388,0.12845593971393876,0.12845593971393876,93,True
code15_like,BR,IAVB,isotonic,0,20,0,0.1284559397139388,0.12845593971393876,0.12845593971393876,93,True
code15_like,BR,IAVB,cv_select,0,20,0,0.1284559397139388,0.12845593971393876,0.12845593971393876,93,True
code15_like,BR,IAVB,hybrid,0,20,0,0.1284559397139388,0.12845593971393876,0.12845593971393876,93,True
code15_like,BR,IAVB,hybrid_minimax,0,20,0,0.1284559397139388,0.12845593971393876,0.12845593971393876,93,True
code15_like,BR,IAVB,identity,25,1,0,0.12845593971393876,0.12845593971393876,0.12845593971393876,93,True
code15_like,BR,IAVB,prior_correction,25,1,0,0.9808,0.9808,0.9808,93,True
code15_like,BR,IAVB,prior_correction_gated,25,1,0,0.12845593971393876,0.12845593971393876,0.12845593971393876,93,True
code15_like,BR,IAVB,prior_correction_minimax,25,1,0,0.47601956291381914,0.47601956291381914,0.47601956291381914,93,True
code15_like,BR,IAVB,prevalence_correction,25,20,0,0.1284559397139388,0.12845593971393876,0.12845593971393876,93,True
code15_like,BR,IAVB,temperature,25,20,0,0.09216427324471693,0.12845593971393876,0.12845593971393876,93,True
code15_like,BR,IAVB,platt,25,20,0,0.08756909531465458,0.12845593971393876,0.12845593971393876,93,True
code15_like,BR,IAVB,isotonic,25,20,0,0.031112454806563793,0.0192,0.06621337313973387,93,True
code15_like,BR,IAVB,cv_select,25,20,0,0.03376899770775854,0.0192,0.04719300724531057,93,True
code15_like,BR,IAVB,hybrid,25,20,0,0.8305622099383309,0.9807989999999766,0.9807989999999766,93,True
code15_like,BR,IAVB,hybrid_minimax,25,20,0,0.4777738290464872,0.47601956291381914,0.4803996767567828,93,True
code15_like,BR,IAVB,identity,50,1,0,0.12845593971393876,0.12845593971393876,0.12845593971393876,93,True
code15_like,BR,IAVB,prior_correction,50,1,0,0.9808,0.9808,0.9808,93,True
code15_like,BR,IAVB,prior_correction_gated,50,1,0,0.12845593971393876,0.12845593971393876,0.12845593971393876,93,True
code15_like,BR,IAVB,prior_correction_minimax,50,1,0,0.47601956291381914,0.47601956291381914,0.47601956291381914,93,True
code15_like,BR,IAVB,prevalence_correction,50,20,0,0.1275268522722282,0.12845593971393876,0.12845593971393876,93,True
code15_like,BR,IAVB,temperature,50,20,0,0.07614335703971283,0.06382476413923387,0.12845593971393876,93,True
code15_like,BR,IAVB,platt,50,20,0,0.06026162334314428,0.027915631692712196,0.12845593971393876,93,True
code15_like,BR,IAVB,isotonic,50,20,0,0.02589339241875869,0.019854750202159998,0.04084763705848135,93,True
code15_like,BR,IAVB,cv_select,50,20,0,0.0256458625099912,0.020849028140604346,0.03638412946047475,93,True
code15_like,BR,IAVB,hybrid,50,20,0,0.7637903031316234,0.6469394663953544,0.9807989999999766,93,True
code15_like,BR,IAVB,hybrid_minimax,50,20,0,0.4781876787789745,0.47837314162756084,0.48039967678380013,93,True
code15_like,BR,IAVB,identity,100,1,0,0.12845593971393876,0.12845593971393876,0.12845593971393876,93,True
code15_like,BR,IAVB,prior_correction,100,1,0,0.9808,0.9808,0.9808,93,True
code15_like,BR,IAVB,prior_correction_gated,100,1,0,0.12845593971393876,0.12845593971393876,0.12845593971393876,93,True
code15_like,BR,IAVB,prior_correction_minimax,100,1,0,0.47601956291381914,0.47601956291381914,0.47601956291381914,93,True
code15_like,BR,IAVB,prevalence_correction,100,20,0,0.10749888566205021,0.12845593971393876,0.12845593971393876,93,True
code15_like,BR,IAVB,temperature,100,20,0,0.04983624624345524,0.03750145325462076,0.12845593971393876,93,True
code15_like,BR,IAVB,platt,100,20,0,0.032612326740982085,0.013258117862367452,0.12845593971393876,93,True
code15_like,BR,IAVB,isotonic,100,20,0,0.01522001198898118,0.014216288788654123,0.02127662158001773,93,True
code15_like,BR,IAVB,cv_select,100,20,0,0.01879232767377816,0.017880247309339316,0.028078050973832164,93,True
code15_like,BR,IAVB,hybrid,100,20,0,0.6970183962335323,0.6469394661141316,0.9807989999999766,93,True
code15_like,BR,IAVB,hybrid_minimax,100,20,0,0.4791680373426388,0.4802952428811468,0.4803996768131296,93,True
code15_like,BR,IAVB,identity,200,1,0,0.12845593971393876,0.12845593971393876,0.12845593971393876,93,True
code15_like,BR,IAVB,prior_correction,200,1,0,0.9808,0.9808,0.9808,93,True
code15_like,BR,IAVB,prior_correction_gated,200,1,0,0.12845593971393876,0.12845593971393876,0.12845593971393876,93,True
code15_like,BR,IAVB,prior_correction_minimax,200,1,0,0.47601956291381914,0.47601956291381914,0.47601956291381914,93,True
code15_like,BR,IAVB,prevalence_correction,200,20,0,0.05320823315387548,0.030968714058840628,0.12845593971393876,93,True
code15_like,BR,IAVB,temperature,200,20,0,0.036339665062457234,0.029887848911222047,0.04023718409926444,93,True
code15_like,BR,IAVB,platt,200,20,0,0.017745896468624494,0.010900815574875156,0.01758719175518554,93,True
code15_like,BR,IAVB,isotonic,200,20,0,0.009725233834175744,0.009512808070527255,0.01449649283045422,93,True
code15_like,BR,IAVB,cv_select,200,20,0,0.010014660417114461,0.010549301173600964,0.01477839162661414,93,True
code15_like,BR,IAVB,hybrid,200,20,0,0.6636324427850961,0.6469394661141316,0.6469394661901975,93,True
code15_like,BR,IAVB,hybrid_minimax,200,20,0,0.47985116719914894,0.4803996767653844,0.4803996768157058,93,True
code15_like,BR,IAVB,identity,400,1,0,0.12845593971393876,0.12845593971393876,0.12845593971393876,93,True
code15_like,BR,IAVB,prior_correction,400,1,0,0.9808,0.9808,0.9808,93,True
code15_like,BR,IAVB,prior_correction_gated,400,1,0,0.12845593971393876,0.12845593971393876,0.12845593971393876,93,True
code15_like,BR,IAVB,prior_correction_minimax,400,1,0,0.47601956291381914,0.47601956291381914,0.47601956291381914,93,True
code15_like,BR,IAVB,prevalence_correction,400,20,0,0.023706600341053104,0.023555637229020772,0.035986688214770496,93,True
code15_like,BR,IAVB,temperature,400,20,0,0.030869759958019938,0.030939175055386896,0.034195983304562964,93,True
code15_like,BR,IAVB,platt,400,20,0,0.010192238249790823,0.00922889528011008,0.014910794631645756,93,True
code15_like,BR,IAVB,isotonic,400,20,0,0.006206778159705025,0.005951771279327556,0.009369306159707465,93,True
code15_like,BR,IAVB,cv_select,400,20,0,0.006757434686271724,0.005951771279327556,0.011092790945073462,93,True
code15_like,BR,IAVB,hybrid,400,20,0,0.6469394660939098,0.6469394660969803,0.6469394661832114,93,True
code15_like,BR,IAVB,hybrid_minimax,400,20,0,0.48022589387659337,0.48039967676475837,0.4803996768151219,93,True
code15_like,BR,IAVB,identity,800,1,0,0.12845593971393876,0.12845593971393876,0.12845593971393876,93,True
code15_like,BR,IAVB,prior_correction,800,1,0,0.9808,0.9808,0.9808,93,True
code15_like,BR,IAVB,prior_correction_gated,800,1,0,0.12845593971393876,0.12845593971393876,0.12845593971393876,93,True
code15_like,BR,IAVB,prior_correction_minimax,800,1,0,0.47601956291381914,0.47601956291381914,0.47601956291381914,93,True
code15_like,BR,IAVB,prevalence_correction,800,20,0,0.023285331002260653,0.024757311539217102,0.028648825785709035,93,True
code15_like,BR,IAVB,temperature,800,20,0,0.030529641289941917,0.030305314990214216,0.03287441382361196,93,True
code15_like,BR,IAVB,platt,800,20,0,0.008793937329586726,0.009044901302662348,0.010754339084718354,93,True
code15_like,BR,IAVB,isotonic,800,20,0,0.004310341710266713,0.0038847929873317955,0.00623043921938556,93,True
code15_like,BR,IAVB,cv_select,800,20,0,0.004310341710266713,0.0038847929873317955,0.00623043921938556,93,True
code15_like,BR,IAVB,hybrid,800,20,0,0.6469394660936681,0.6469394661055317,0.6469394661329944,93,True
code15_like,BR,IAVB,hybrid_minimax,800,20,0,0.48024366923812706,0.4803996767768244,0.480399676797673,93,True
code15_like,BR,RBBB,identity,0,1,0,0.0012842106087635704,0.0012842106087635704,0.0012842106087635704,126,True
code15_like,BR,RBBB,prior_correction,0,1,0,0.0011997359103050416,0.0011997359103050416,0.0011997359103050416,126,True
code15_like,BR,RBBB,prior_correction_gated,0,1,0,0.0012842106087635704,0.0012842106087635704,0.0012842106087635704,126,True
code15_like,BR,RBBB,prior_correction_minimax,0,1,0,0.001247198571040394,0.001247198571040394,0.001247198571040394,126,True
code15_like,BR,RBBB,prevalence_correction,0,20,0,0.0012842106087635706,0.0012842106087635704,0.0012842106087635704,126,True
code15_like,BR,RBBB,temperature,0,20,0,0.0012842106087635706,0.0012842106087635704,0.0012842106087635704,126,True
code15_like,BR,RBBB,platt,0,20,0,0.0012842106087635706,0.0012842106087635704,0.0012842106087635704,126,True
code15_like,BR,RBBB,isotonic,0,20,0,0.0012842106087635706,0.0012842106087635704,0.0012842106087635704,126,True
code15_like,BR,RBBB,cv_select,0,20,0,0.0012842106087635706,0.0012842106087635704,0.0012842106087635704,126,True
code15_like,BR,RBBB,hybrid,0,20,0,0.0012842106087635706,0.0012842106087635704,0.0012842106087635704,126,True
code15_like,BR,RBBB,hybrid_minimax,0,20,0,0.0012842106087635706,0.0012842106087635704,0.0012842106087635704,126,True
code15_like,BR,RBBB,identity,25,1,0,0.0012842106087635704,0.0012842106087635704,0.0012842106087635704,126,True
code15_like,BR,RBBB,prior_correction,25,1,0,0.0011997359103050416,0.0011997359103050416,0.0011997359103050416,126,True
code15_like,BR,RBBB,prior_correction_gated,25,1,0,0.0012842106087635704,0.0012842106087635704,0.0012842106087635704,126,True
code15_like,BR,RBBB,prior_correction_minimax,25,1,0,0.001247198571040394,0.001247198571040394,0.001247198571040394,126,True
code15_like,BR,RBBB,prevalence_correction,25,20,0,0.0012842106087635706,0.0012842106087635704,0.0012842106087635704,126,True
code15_like,BR,RBBB,temperature,25,20,0,0.0012841900652019417,0.0012832586087156983,0.0012853285120184572,126,True
code15_like,BR,RBBB,platt,25,20,0,0.0012832586087156983,0.0012832586087156983,0.0012832586087156983,126,True
code15_like,BR,RBBB,isotonic,25,20,0,0.014437894773943586,0.0252,0.0252,126,True
code15_like,BR,RBBB,cv_select,25,20,0,0.014437894773943605,0.0252,0.0252,126,True
code15_like,BR,RBBB,hybrid,25,20,0,0.001198925447874608,0.001198783910349447,0.0011990984381831382,126,True
code15_like,BR,RBBB,hybrid_minimax,25,20,0,0.001246836216290199,0.001246246571033515,0.0012475568938261437,126,True
code15_like,BR,RBBB,identity,50,1,0,0.0012842106087635704,0.0012842106087635704,0.0012842106087635704,126,True
code15_like,BR,RBBB,prior_correction,50,1,0,0.0011997359103050416,0.0011997359103050416,0.0011997359103050416,126,True
code15_like,BR,RBBB,prior_correction_gated,50,1,0,0.0012842106087635704,0.0012842106087635704,0.0012842106087635704,126,True
code15_like,BR,RBBB,prior_correction_minimax,50,1,0,0.001247198571040394,0.001247198571040394,0.001247198571040394,126,True
code15_like,BR,RBBB,prevalence_correction,50,20,0,0.001287255567485992,0.0012842106087635704,0.0013123098238985594,126,True
code15_like,BR,RBBB,temperature,50,20,0,0.0015532181860719876,0.0012853285120184368,0.0012853285120184698,126,True
code15_like,BR,RBBB,platt,50,20,0,0.0012990956839661991,0.0012832586087156983,0.0012832586087156983,126,True
code15_like,BR,RBBB,isotonic,50,20,0,0.007278947429258794,0.0012842106087635704,0.0252,126,True
code15_like,BR,RBBB,cv_select,50,20,0,0.007263157956572638,0.0012842106087635704,0.0252,126,True
code15_like,BR,RBBB,hybrid,50,20,0,0.0015098172763542152,0.0011990984381831382,0.0011990984381831382,126,True
code15_like,BR,RBBB,hybrid_minimax,50,20,0,0.0015343754992995788,0.0012475568938261315,0.00124755689382615,126,True
code15_like,BR,RBBB,identity,100,1,0,0.0012842106087635704,0.0012842106087635704,0.0012842106087635704,126,True
code15_like,BR,RBBB,prior_correction,100,1,0,0.0011997359103050416,0.0011997359103050416,0.0011997359103050416,126,True
code15_like,BR,RBBB,prior_correction_gated,100,1,0,0.0012842106087635704,0.0012842106087635704,0.0012842106087635704,126,True
code15_like,BR,RBBB,prior_correction_minimax,100,1,0,0.001247198571040394,0.001247198571040394,0.001247198571040394,126,True
code15_like,BR,RBBB,prevalence_correction,100,20,0,0.001332133936507027,0.001298260216331065,0.001418583474577316,126,True
code15_like,BR,RBBB,temperature,100,20,0,0.0013598149202144675,0.0012853285120184473,0.0012853285120184618,126,True
code15_like,BR,RBBB,platt,100,20,0,0.0012990957095188954,0.0012832586087156983,0.0012832586087156983,126,True
code15_like,BR,RBBB,isotonic,100,20,0,0.0013000000814493418,0.0012842106087635704,0.0012842106087635704,126,True
code15_like,BR,RBBB,cv_select,100,20,0,0.0012842106087635292,0.0012842106087635704,0.0012842106087635704,126,True
code15_like,BR,RBBB,hybrid,100,20,0,0.0012980305115297315,0.0011990984381831382,0.0011990984381831382,126,True
code15_like,BR,RBBB,hybrid_minimax,100,20,0,0.0013328516141956495,0.001247556893826135,0.0012475568938261426,126,True
code15_like,BR,RBBB,identity,200,1,0,0.0012842106087635704,0.0012842106087635704,0.0012842106087635704,126,True
code15_like,BR,RBBB,prior_correction,200,1,0,0.0011997359103050416,0.0011997359103050416,0.0011997359103050416,126,True
code15_like,BR,RBBB,prior_correction_gated,200,1,0,0.0012842106087635704,0.0012842106087635704,0.0012842106087635704,126,True
code15_like,BR,RBBB,prior_correction_minimax,200,1,0,0.001247198571040394,0.001247198571040394,0.001247198571040394,126,True
code15_like,BR,RBBB,prevalence_correction,200,20,0,0.0014205699404046175,0.001441610662452959,0.0014946958022939117,126,True
code15_like,BR,RBBB,temperature,200,20,0,0.0015898072293218713,0.0012853285120184507,0.0034018637660041353,126,True
code15_like,BR,RBBB,platt,200,20,0,0.0014504023966881697,0.0012832586087156983,0.0013468378651586553,126,True
code15_like,BR,RBBB,isotonic,200,20,0,0.0015404228234229202,0.0012842106087635704,0.0024207101491488863,126,True
code15_like,BR,RBBB,cv_select,200,20,0,0.0012842106087635292,0.0012842106087635704,0.0012842106087635704,126,True
code15_like,BR,RBBB,hybrid,200,20,0,0.0015367507708962656,0.0011990984381831382,0.003423962707370898,126,True
code15_like,BR,RBBB,hybrid_minimax,200,20,0,0.0015666456405909735,0.001247556893826135,0.003411644662306691,126,True
code15_like,BR,RBBB,identity,400,1,0,0.0012842106087635704,0.0012842106087635704,0.0012842106087635704,126,True
code15_like,BR,RBBB,prior_correction,400,1,0,0.0011997359103050416,0.0011997359103050416,0.0011997359103050416,126,True
code15_like,BR,RBBB,prior_correction_gated,400,1,0,0.0012842106087635704,0.0012842106087635704,0.0012842106087635704,126,True
code15_like,BR,RBBB,prior_correction_minimax,400,1,0,0.001247198571040394,0.001247198571040394,0.001247198571040394,126,True
code15_like,BR,RBBB,prevalence_correction,400,20,0,0.0014514162218848665,0.0014477697393308264,0.0015097594219116814,126,True
code15_like,BR,RBBB,temperature,400,20,0,0.0012451084769143335,0.0012853285120184334,0.0012884980135834435,126,True
code15_like,BR,RBBB,platt,400,20,0,0.001318540149873963,0.0012832586087156983,0.00160001105884882,126,True
code15_like,BR,RBBB,isotonic,400,20,0,0.001421195692733872,0.0012842106087635704,0.0024207101491488863,126,True
code15_like,BR,RBBB,cv_select,400,20,0,0.0012842106087635706,0.0012842106087635704,0.0012842106087635704,126,True
code15_like,BR,RBBB,hybrid,400,20,0,0.0011963017385232706,0.0011990984381831382,0.0011991551248674054,126,True
code15_like,BR,RBBB,hybrid_minimax,400,20,0,0.0012235244452013098,0.001247556893826128,0.0012490038018846232,126,True
code15_like,BR,RBBB,identity,800,1,0,0.0012842106087635704,0.0012842106087635704,0.0012842106087635704,126,True
code15_like,BR,RBBB,prior_correction,800,1,0,0.0011997359103050416,0.0011997359103050416,0.0011997359103050416,126,True
code15_like,BR,RBBB,prior_correction_gated,800,1,0,0.0012842106087635704,0.0012842106087635704,0.0012842106087635704,126,True
code15_like,BR,RBBB,prior_correction_minimax,800,1,0,0.001247198571040394,0.001247198571040394,0.001247198571040394,126,True
code15_like,BR,RBBB,prevalence_correction,800,20,0,0.0014437491544784585,0.00143566083136721,0.0014735445806792523,126,True
code15_like,BR,RBBB,temperature,800,20,0,0.0006408407228897528,0.00045800934928902706,0.0012853285120184473,126,True
code15_like,BR,RBBB,platt,800,20,0,0.001437031528028269,0.0012832586087156983,0.002683454568877697,126,True
code15_like,BR,RBBB,isotonic,800,20,0,0.0012506868183538608,0.0012842106087603221,0.0024018197020291487,126,True
code15_like,BR,RBBB,cv_select,800,20,0,0.0012842106087623568,0.0012842106087635704,0.0012842106087635704,126,True
code15_like,BR,RBBB,hybrid,800,20,0,0.0006209232724030507,0.0005476231205388017,0.0011990984381831382,126,True
code15_like,BR,RBBB,hybrid_minimax,800,20,0,0.0006319702552360203,0.0004977025029937101,0.001247556893826135,126,True
code15_like,BR,LBBB,identity,0,1,0,4.60897115084194e-08,4.60897115084194e-08,4.60897115084194e-08,57,True
code15_like,BR,LBBB,prior_correction,0,1,0,6.180466174322541e-07,6.180466174322541e-07,6.180466174322541e-07,57,True
code15_like,BR,LBBB,prior_correction_gated,0,1,0,4.60897115084194e-08,4.60897115084194e-08,4.60897115084194e-08,57,True
code15_like,BR,LBBB,prior_correction_minimax,0,1,0,0.0005486250171420397,0.0005486250171420397,0.0005486250171420397,57,True
code15_like,BR,LBBB,prevalence_correction,0,20,0,4.608971150841939e-08,4.60897115084194e-08,4.60897115084194e-08,57,True
code15_like,BR,LBBB,temperature,0,20,0,4.608971150841939e-08,4.60897115084194e-08,4.60897115084194e-08,57,True
code15_like,BR,LBBB,platt,0,20,0,4.608971150841939e-08,4.60897115084194e-08,4.60897115084194e-08,57,True
code15_like,BR,LBBB,isotonic,0,20,0,4.608971150841939e-08,4.60897115084194e-08,4.60897115084194e-08,57,True
code15_like,BR,LBBB,cv_select,0,20,0,4.608971150841939e-08,4.60897115084194e-08,4.60897115084194e-08,57,True
code15_like,BR,LBBB,hybrid,0,20,0,4.608971150841939e-08,4.60897115084194e-08,4.60897115084194e-08,57,True
code15_like,BR,LBBB,hybrid_minimax,0,20,0,4.608971150841939e-08,4.60897115084194e-08,4.60897115084194e-08,57,True
code15_like,BR,LBBB,identity,25,1,0,4.60897115084194e-08,4.60897115084194e-08,4.60897115084194e-08,57,True
code15_like,BR,LBBB,prior_correction,25,1,0,6.180466174322541e-07,6.180466174322541e-07,6.180466174322541e-07,57,True
code15_like,BR,LBBB,prior_correction_gated,25,1,0,4.60897115084194e-08,4.60897115084194e-08,4.60897115084194e-08,57,True
code15_like,BR,LBBB,prior_correction_minimax,25,1,0,0.0005486250171420397,0.0005486250171420397,0.0005486250171420397,57,True
code15_like,BR,LBBB,prevalence_correction,25,20,0,4.608971150841939e-08,4.60897115084194e-08,4.60897115084194e-08,57,True
code15_like,BR,LBBB,temperature,25,20,0,8.338742652349434e-07,1.0204831504961875e-06,1.0204831504961875e-06,57,True
code15_like,BR,LBBB,platt,25,20,0,9.696859747514512e-07,1.0204831504961875e-06,1.0204831504961875e-06,57,True
code15_like,BR,LBBB,isotonic,25,20,0,0.006600019635058391,0.012,0.012,57,True
code15_like,BR,LBBB,cv_select,25,20,0,0.00660002074037018,0.012,0.012,57,True
code15_like,BR,LBBB,hybrid,25,20,0,1.334267646563997e-06,1.5906348732348113e-06,1.5906348732348113e-06,57,True
code15_like,BR,LBBB,hybrid_minimax,25,20,0,0.0004974209499021138,0.0005476438171418112,0.0005476438171418112,57,True
code15_like,BR,LBBB,identity,50,1,0,4.60897115084194e-08,4.60897115084194e-08,4.60897115084194e-08,57,True
code15_like,BR,LBBB,prior_correction,50,1,0,6.180466174322541e-07,6.180466174322541e-07,6.180466174322541e-07,57,True
code15_like,BR,LBBB,prior_correction_gated,50,1,0,4.60897115084194e-08,4.60897115084194e-08,4.60897115084194e-08,57,True
code15_like,BR,LBBB,prior_correction_minimax,50,1,0,0.0005486250171420397,0.0005486250171420397,0.0005486250171420397,57,True
code15_like,BR,LBBB,prevalence_correction,50,20,0,4.608971150841939e-08,4.60897115084194e-08,4.60897115084194e-08,57,True
code15_like,BR,LBBB,temperature,50,20,0,7.150666042538001e-07,6.814915248926079e-07,1.0204831504961875e-06,57,True
code15_like,BR,LBBB,platt,50,20,0,9.188887990067146e-07,1.0204831504961875e-06,1.0204831504961875e-06,57,True
code15_like,BR,LBBB,isotonic,50,20,0,0.00360003004667121,4.6088653188162965e-08,0.012,57,True
code15_like,BR,LBBB,cv_select,50,20,0,0.0036000322626860404,4.60897115084194e-08,0.012,57,True
code15_like,BR,LBBB,hybrid,50,20,0,1.1662003544819776e-06,1.1483486291700984e-06,1.5906348732348113e-06,57,True
code15_like,BR,LBBB,hybrid_minimax,50,20,0,0.00048566854330720627,0.0005397669416369443,0.0005476438171418112,57,True
code15_like,BR,LBBB,identity,100,1,0,4.60897115084194e-08,4.60897115084194e-08,4.60897115084194e-08,57,True
code15_like,BR,LBBB,prior_correction,100,1,0,6.180466174322541e-07,6.180466174322541e-07,6.180466174322541e-07,57,True
code15_like,BR,LBBB,prior_correction_gated,100,1,0,4.60897115084194e-08,4.60897115084194e-08,4.60897115084194e-08,57,True
code15_like,BR,LBBB,prior_correction_minimax,100,1,0,0.0005486250171420397,0.0005486250171420397,0.0005486250171420397,57,True
code15_like,BR,LBBB,prevalence_correction,100,20,0,4.5695230745225186e-08,4.60897115084194e-08,4.60897115084194e-08,57,True
code15_like,BR,LBBB,temperature,100,20,0,6.301624973181937e-07,6.814915248926079e-07,1.0204831504961875e-06,57,True
code15_like,BR,LBBB,platt,100,20,0,8.680916232619782e-07,1.0204831504961875e-06,1.0204831504961875e-06,57,True
code15_like,BR,LBBB,isotonic,100,20,0,0.0018000358558111385,4.6081932666454384e-08,0.012,57,True
code15_like,BR,LBBB,cv_select,100,20,0,0.001800039174769387,4.60897115084194e-08,0.012,57,True
code15_like,BR,LBBB,hybrid,100,20,0,1.0424401233571738e-06,1.1483486291700984e-06,1.5906348732348113e-06,57,True
code15_like,BR,LBBB,hybrid_minimax,100,20,0,0.0004408163953039315,0.0004898699371469377,0.0005476438171418112,57,True
code15_like,BR,LBBB,identity,200,1,0,4.60897115084194e-08,4.60897115084194e-08,4.60897115084194e-08,57,True
code15_like,BR,LBBB,prior_correction,200,1,0,6.180466174322541e-07,6.180466174322541e-07,6.180466174322541e-07,57,True
code15_like,BR,LBBB,prior_correction_gated,200,1,0,4.60897115084194e-08,4.60897115084194e-08,4.60897115084194e-08,57,True
code15_like,BR,LBBB,prior_correction_minimax,200,1,0,0.0005486250171420397,0.0005486250171420397,0.0005486250171420397,57,True
code15_like,BR,LBBB,prevalence_correction,200,20,0,3.7171426257927196e-08,4.60897115084194e-08,4.60897115084194e-08,57,True
code15_like,BR,LBBB,temperature,200,20,0,5.11183165745506e-07,6.814915248926079e-07,6.814915248926079e-07,57,True
code15_like,BR,LBBB,platt,200,20,0,7.66270290009953e-07,1.0204831504961875e-06,1.0204831504961875e-06,57,True
code15_like,BR,LBBB,isotonic,200,20,0,3.927545572371058e-08,4.605696381828478e-08,4.60829554281908e-08,57,True
code15_like,BR,LBBB,cv_select,200,20,0,4.608486244286516e-08,4.60897115084194e-08,4.60897115084194e-08,57,True
code15_like,BR,LBBB,hybrid,200,20,0,8.043196438566047e-07,1.1483486291700984e-06,1.1483486291700984e-06,57,True
code15_like,BR,LBBB,hybrid_minimax,200,20,0,0.0005337888331288152,0.00044574424848274705,0.0005948453170885343,57,True
code15_like,BR,LBBB,identity,400,1,0,4.60897115084194e-08,4.60897115084194e-08,4.60897115084194e-08,57,True
code15_like,BR,LBBB,prior_correction,400,1,0,6.180466174322541e-07,6.180466174322541e-07,6.180466174322541e-07,57,True
code15_like,BR,LBBB,prior_correction_gated,400,1,0,4.60897115084194e-08,4.60897115084194e-08,4.60897115084194e-08,57,True
code15_like,BR,LBBB,prior_correction_minimax,400,1,0,0.0005486250171420397,0.0005486250171420397,0.0005486250171420397,57,True
code15_like,BR,LBBB,prevalence_correction,400,20,0,2.119998822846857e-08,1.724426304903184e-08,3.283756009954417e-08,57,True
code15_like,BR,LBBB,temperature,400,20,0,4.094715701837698e-07,6.814915248926079e-07,6.814915248926079e-07,57,True
code15_like,BR,LBBB,platt,400,20,0,6.144072038687976e-07,1.0204831504961875e-06,1.0204831504961875e-06,57,True
code15_like,BR,LBBB,isotonic,400,20,0,3.5064150337264786e-08,4.604154247959957e-08,4.606980212179534e-08,57,True
code15_like,BR,LBBB,cv_select,400,20,0,4.1487038148500035e-08,4.60897115084194e-08,4.60897115084194e-08,57,True
code15_like,BR,LBBB,hybrid,400,20,0,6.323189069215932e-07,1.1483486291700984e-06,1.1483486291700984e-06,57,True
code15_like,BR,LBBB,hybrid_minimax,400,20,0,0.000512147165800056,0.0004470653388485603,0.0008624445023973359,57,True
code15_like,BR,LBBB,identity,800,1,0,4.60897115084194e-08,4.60897115084194e-08,4.60897115084194e-08,57,True
code15_like,BR,LBBB,prior_correction,800,1,0,6.180466174322541e-07,6.180466174322541e-07,6.180466174322541e-07,57,True
code15_like,BR,LBBB,prior_correction_gated,800,1,0,4.60897115084194e-08,4.60897115084194e-08,4.60897115084194e-08,57,True
code15_like,BR,LBBB,prior_correction_minimax,800,1,0,0.0005486250171420397,0.0005486250171420397,0.0005486250171420397,57,True
code15_like,BR,LBBB,prevalence_correction,800,20,0,1.5687790946826485e-08,1.3757539031590034e-08,2.0923894997157925e-08,57,True
code15_like,BR,LBBB,temperature,800,20,0,2.388293886265887e-07,3.387208100807948e-10,6.814915248926079e-07,57,True
code15_like,BR,LBBB,platt,800,20,0,3.6147820733122354e-07,1.2093864157521061e-08,1.0204831504961875e-06,57,True
code15_like,BR,LBBB,isotonic,800,20,0,2.767798625534501e-08,2.705905495763855e-08,4.60457664382824e-08,57,True
code15_like,BR,LBBB,cv_select,800,20,0,4.37935633221305e-08,4.60897115084194e-08,4.60897115084194e-08,57,True
code15_like,BR,LBBB,hybrid,800,20,0,2.8804572656023627e-07,1.0088313864842213e-11,1.1483486291700984e-06,57,True
code15_like,BR,LBBB,hybrid_minimax,800,20,0,0.0002536739277870974,0.00015154299624777542,0.0005074502522358447,57,True
code15_like,BR,SB,identity,0,1,0,0.015565978784194969,0.015565978784194969,0.015565978784194969,210,True
code15_like,BR,SB,prior_correction,0,1,0,0.016638300740465066,0.016638300740465066,0.016638300740465066,210,True
code15_like,BR,SB,prior_correction_gated,0,1,0,0.015565978784194969,0.015565978784194969,0.015565978784194969,210,True
code15_like,BR,SB,prior_correction_minimax,0,1,0,0.031309841068725655,0.031309841068725655,0.031309841068725655,210,True
code15_like,BR,SB,prevalence_correction,0,20,0,0.01556597878419497,0.015565978784194969,0.015565978784194969,210,True
code15_like,BR,SB,temperature,0,20,0,0.01556597878419497,0.015565978784194969,0.015565978784194969,210,True
code15_like,BR,SB,platt,0,20,0,0.01556597878419497,0.015565978784194969,0.015565978784194969,210,True
code15_like,BR,SB,isotonic,0,20,0,0.01556597878419497,0.015565978784194969,0.015565978784194969,210,True
code15_like,BR,SB,cv_select,0,20,0,0.01556597878419497,0.015565978784194969,0.015565978784194969,210,True
code15_like,BR,SB,hybrid,0,20,0,0.01556597878419497,0.015565978784194969,0.015565978784194969,210,True
code15_like,BR,SB,hybrid_minimax,0,20,0,0.01556597878419497,0.015565978784194969,0.015565978784194969,210,True
code15_like,BR,SB,identity,25,1,0,0.015565978784194969,0.015565978784194969,0.015565978784194969,210,True
code15_like,BR,SB,prior_correction,25,1,0,0.016638300740465066,0.016638300740465066,0.016638300740465066,210,True
code15_like,BR,SB,prior_correction_gated,25,1,0,0.015565978784194969,0.015565978784194969,0.015565978784194969,210,True
code15_like,BR,SB,prior_correction_minimax,25,1,0,0.031309841068725655,0.031309841068725655,0.031309841068725655,210,True
code15_like,BR,SB,prevalence_correction,25,20,0,0.01639025281060725,0.015565978784194969,0.015565978784194969,210,True
code15_like,BR,SB,temperature,25,20,0,0.02179273560823438,0.015566064221087946,0.029539483010929533,210,True
code15_like,BR,SB,platt,25,20,0,0.030045355767712063,0.017600057824627417,0.05041594821913807,210,True
code15_like,BR,SB,isotonic,25,20,0,0.04367680992026022,0.046,0.05081489718403395,210,True
code15_like,BR,SB,cv_select,25,20,0,0.031451364860856645,0.03746674407968907,0.046,210,True
code15_like,BR,SB,hybrid,25,20,0,0.022841072789272172,0.01663838469063257,0.030983563485214305,210,True
code15_like,BR,SB,hybrid_minimax,25,20,0,0.040074980143853856,0.03131713879854123,0.05439975163103901,210,True
code15_like,BR,SB,identity,50,1,0,0.015565978784194969,0.015565978784194969,0.015565978784194969,210,True
code15_like,BR,SB,prior_correction,50,1,0,0.016638300740465066,0.016638300740465066,0.016638300740465066,210,True
code15_like,BR,SB,prior_correction_gated,50,1,0,0.015565978784194969,0.015565978784194969,0.015565978784194969,210,True
code15_like,BR,SB,prior_correction_minimax,50,1,0,0.031309841068725655,0.031309841068725655,0.031309841068725655,210,True
code15_like,BR,SB,prevalence_correction,50,20,0,0.015513054895243104,0.015565978784194969,0.015565978784194969,210,True
code15_like,BR,SB,temperature,50,20,0,0.022407794257826238,0.02187884070726575,0.029697754921295633,210,True
code15_like,BR,SB,platt,50,20,0,0.029798833786992614,0.028952705848967072,0.04773319473148698,210,True
code15_like,BR,SB,isotonic,50,20,0,0.02690689940537825,0.026153075640104793,0.04608306254519379,210,True
code15_like,BR,SB,cv_select,50,20,0,0.018683215299929362,0.015565978784194969,0.029709874999104467,210,True
code15_like,BR,SB,hybrid,50,20,0,0.023317811904672782,0.02264486723129322,0.031223091428840145,210,True
code15_like,BR,SB,hybrid_minimax,50,20,0,0.03763975503540616,0.03421862533451364,0.05439974614352486,210,True
code15_like,BR,SB,identity,100,1,0,0.015565978784194969,0.015565978784194969,0.015565978784194969,210,True
code15_like,BR,SB,prior_correction,100,1,0,0.016638300740465066,0.016638300740465066,0.016638300740465066,210,True
code15_like,BR,SB,prior_correction_gated,100,1,0,0.015565978784194969,0.015565978784194969,0.015565978784194969,210,True
code15_like,BR,SB,prior_correction_minimax,100,1,0,0.031309841068725655,0.031309841068725655,0.031309841068725655,210,True
code15_like,BR,SB,prevalence_correction,100,20,0,0.014072764833029893,0.015565978784194969,0.015971422152187695,210,True
code15_like,BR,SB,temperature,100,20,0,0.019832358208867244,0.017596670385015844,0.026938829051541213,210,True
code15_like,BR,SB,platt,100,20,0,0.022475659875182817,0.01518699068006333,0.0420870530809545,210,True
code15_like,BR,SB,isotonic,100,20,0,0.02269066289155374,0.020434066765892767,0.03943113302994694,210,True
code15_like,BR,SB,cv_select,100,20,0,0.02105765767960855,0.015565978784194969,0.04083511523024566,210,True
code15_like,BR,SB,hybrid,100,20,0,0.020774260799484627,0.01847138406352094,0.02832063914384563,210,True
code15_like,BR,SB,hybrid_minimax,100,20,0,0.03671254978225853,0.033646725408366364,0.045603496784021785,210,True
code15_like,BR,SB,identity,200,1,0,0.015565978784194969,0.015565978784194969,0.015565978784194969,210,True
code15_like,BR,SB,prior_correction,200,1,0,0.016638300740465066,0.016638300740465066,0.016638300740465066,210,True
code15_like,BR,SB,prior_correction_gated,200,1,0,0.015565978784194969,0.015565978784194969,0.015565978784194969,210,True
code15_like,BR,SB,prior_correction_minimax,200,1,0,0.031309841068725655,0.031309841068725655,0.031309841068725655,210,True
code15_like,BR,SB,prevalence_correction,200,20,0,0.015433394586657873,0.014446904187980645,0.02300417949697353,210,True
code15_like,BR,SB,temperature,200,20,0,0.016752167821211333,0.015875580501620808,0.018958261217697156,210,True
code15_like,BR,SB,platt,200,20,0,0.01553902503887627,0.014426954093004273,0.02402314407813578,210,True
code15_like,BR,SB,isotonic,200,20,0,0.017553703558048965,0.015653769689158197,0.026598546160949612,210,True
code15_like,BR,SB,cv_select,200,20,0,0.01599030290415912,0.015565978784194969,0.020626918458151323,210,True
code15_like,BR,SB,hybrid,200,20,0,0.017624895873253422,0.01672976328675004,0.019280931228426706,210,True
code15_like,BR,SB,hybrid_minimax,200,20,0,0.033503680731775544,0.03257623174388126,0.036634524291443496,210,True
code15_like,BR,SB,identity,400,1,0,0.015565978784194969,0.015565978784194969,0.015565978784194969,210,True
code15_like,BR,SB,prior_correction,400,1,0,0.016638300740465066,0.016638300740465066,0.016638300740465066,210,True
code15_like,BR,SB,prior_correction_gated,400,1,0,0.015565978784194969,0.015565978784194969,0.015565978784194969,210,True
code15_like,BR,SB,prior_correction_minimax,400,1,0,0.031309841068725655,0.031309841068725655,0.031309841068725655,210,True
code15_like,BR,SB,prevalence_correction,400,20,0,0.013647375354037752,0.012332112932673216,0.01794950325496381,210,True
code15_like,BR,SB,temperature,400,20,0,0.016315950912554337,0.015802496225425105,0.017283425023474137,210,True
code15_like,BR,SB,platt,400,20,0,0.01139026072764407,0.011015770324447694,0.018250881387013404,210,True
code15_like,BR,SB,isotonic,400,20,0,0.010252182019059924,0.011671555798922956,0.014976199400699617,210,True
code15_like,BR,SB,cv_select,400,20,0,0.015255937390988818,0.015565978784194969,0.015565978784194969,210,True
code15_like,BR,SB,hybrid,400,20,0,0.01725010366012702,0.016748525199700354,0.01820523871434439,210,True
code15_like,BR,SB,hybrid_minimax,400,20,0,0.03345342375419947,0.032953574746020786,0.036654070791834574,210,True
code15_like,BR,SB,identity,800,1,0,0.015565978784194969,0.015565978784194969,0.015565978784194969,210,True
code15_like,BR,SB,prior_correction,800,1,0,0.016638300740465066,0.016638300740465066,0.016638300740465066,210,True
code15_like,BR,SB,prior_correction_gated,800,1,0,0.015565978784194969,0.015565978784194969,0.015565978784194969,210,True
code15_like,BR,SB,prior_correction_minimax,800,1,0,0.031309841068725655,0.031309841068725655,0.031309841068725655,210,True
code15_like,BR,SB,prevalence_correction,800,20,0,0.013466686853754345,0.012922386223773593,0.016858154837667796,210,True
code15_like,BR,SB,temperature,800,20,0,0.016054822193525643,0.015776104961729428,0.016660188158811835,210,True
code15_like,BR,SB,platt,800,20,0,0.00973242258338317,0.00813601151311124,0.014823729467511404,210,True
code15_like,BR,SB,isotonic,800,20,0,0.00889724955072404,0.009275374464280346,0.013069999646951384,210,True
code15_like,BR,SB,cv_select,800,20,0,0.011945476871120124,0.012844416658131198,0.015708128096479194,210,True
code15_like,BR,SB,hybrid,800,20,0,0.017049272720357625,0.0167423616643637,0.017552751042296907,210,True
code15_like,BR,SB,hybrid_minimax,800,20,0,0.03282149708565879,0.03196475872616518,0.03536216325394642,210,True
code15_like,BR,STACH,identity,0,1,0,0.010205330896940588,0.010205330896940588,0.010205330896940588,133,True
code15_like,BR,STACH,prior_correction,0,1,0,0.0292,0.0292,0.0292,133,True
code15_like,BR,STACH,prior_correction_gated,0,1,0,0.010205330896940588,0.010205330896940588,0.010205330896940588,133,True
code15_like,BR,STACH,prior_correction_minimax,0,1,0,0.01199764882010737,0.01199764882010737,0.01199764882010737,133,True
code15_like,BR,STACH,prevalence_correction,0,20,0,0.010205330896940588,0.010205330896940588,0.010205330896940588,133,True
code15_like,BR,STACH,temperature,0,20,0,0.010205330896940588,0.010205330896940588,0.010205330896940588,133,True
code15_like,BR,STACH,platt,0,20,0,0.010205330896940588,0.010205330896940588,0.010205330896940588,133,True
code15_like,BR,STACH,isotonic,0,20,0,0.010205330896940588,0.010205330896940588,0.010205330896940588,133,True
code15_like,BR,STACH,cv_select,0,20,0,0.010205330896940588,0.010205330896940588,0.010205330896940588,133,True
code15_like,BR,STACH,hybrid,0,20,0,0.010205330896940588,0.010205330896940588,0.010205330896940588,133,True
code15_like,BR,STACH,hybrid_minimax,0,20,0,0.010205330896940588,0.010205330896940588,0.010205330896940588,133,True
code15_like,BR,STACH,identity,25,1,0,0.010205330896940588,0.010205330896940588,0.010205330896940588,133,True
code15_like,BR,STACH,prior_correction,25,1,0,0.0292,0.0292,0.0292,133,True
code15_like,BR,STACH,prior_correction_gated,25,1,0,0.010205330896940588,0.010205330896940588,0.010205330896940588,133,True
code15_like,BR,STACH,prior_correction_minimax,25,1,0,0.01199764882010737,0.01199764882010737,0.01199764882010737,133,True
code15_like,BR,STACH,prevalence_correction,25,20,0,0.010205330896940588,0.010205330896940588,0.010205330896940588,133,True
code15_like,BR,STACH,temperature,25,20,0,0.010797599522793246,0.010253083539363515,0.0107790587854855,133,True
code15_like,BR,STACH,platt,25,20,0,0.011106053675456223,0.010464955299885302,0.010853373551480916,133,True
code15_like,BR,STACH,isotonic,25,20,0,0.018096783082328025,0.023310163129872205,0.0292,133,True
code15_like,BR,STACH,cv_select,25,20,0,0.019729044388706308,0.0199664548508304,0.0292,133,True
code15_like,BR,STACH,hybrid,25,20,0,0.023999497861881516,0.029199,0.03135909984114882,133,True
code15_like,BR,STACH,hybrid_minimax,25,20,0,0.012496874959310525,0.011997683082963059,0.012610945546613465,133,True
code15_like,BR,STACH,identity,50,1,0,0.010205330896940588,0.010205330896940588,0.010205330896940588,133,True
code15_like,BR,STACH,prior_correction,50,1,0,0.0292,0.0292,0.0292,133,True
code15_like,BR,STACH,prior_correction_gated,50,1,0,0.010205330896940588,0.010205330896940588,0.010205330896940588,133,True
code15_like,BR,STACH,prior_correction_minimax,50,1,0,0.01199764882010737,0.01199764882010737,0.01199764882010737,133,True
code15_like,BR,STACH,prevalence_correction,50,20,0,0.01037497689386089,0.010205330896940588,0.010213528181095617,133,True
code15_like,BR,STACH,temperature,50,20,0,0.010836900055356726,0.010750864151682357,0.010976485656094284,133,True
code15_like,BR,STACH,platt,50,20,0,0.010805644874517824,0.010741310306702084,0.011050931361282212,133,True
code15_like,BR,STACH,isotonic,50,20,0,0.012780747551436409,0.00927680903263937,0.0292,133,True
code15_like,BR,STACH,cv_select,50,20,0,0.014573332489117468,0.010205330896940588,0.0292,133,True
code15_like,BR,STACH,hybrid,50,20,0,0.018599733380691336,0.009999983748118542,0.02935910019397549,133,True
code15_like,BR,STACH,hybrid_minimax,50,20,0,0.01253267212335544,0.012374499883441473,0.012918489408297934,133,True
code15_like,BR,STACH,identity,100,1,0,0.010205330896940588,0.010205330896940588,0.010205330896940588,133,True
code15_like,BR,STACH,prior_correction,100,1,0,0.0292,0.0292,0.0292,133,True
code15_like,BR,STACH,prior_correction_gated,100,1,0,0.010205330896940588,0.010205330896940588,0.010205330896940588,133,True
code15_like,BR,STACH,prior_correction_minimax,100,1,0,0.01199764882010737,0.01199764882010737,0.01199764882010737,133,True
code15_like,BR,STACH,prevalence_correction,100,20,0,0.01314728269180529,0.012395133690484146,0.017343882361743276,133,True
code15_like,BR,STACH,temperature,100,20,0,0.010753923644709706,0.010727802351606495,0.011416594003914498,133,True
code15_like,BR,STACH,platt,100,20,0,0.010893137146386062,0.010759407573833065,0.015351307288355714,133,True
code15_like,BR,STACH,isotonic,100,20,0,0.010750657307607525,0.010190487964769622,0.025639797667047555,133,True
code15_like,BR,STACH,cv_select,100,20,0,0.012483326441369187,0.010205330896940588,0.02626436562781763,133,True
code15_like,BR,STACH,hybrid,100,20,0,0.014499894343280539,0.019200008613756685,0.021639873739822707,133,True
code15_like,BR,STACH,hybrid_minimax,100,20,0,0.012499093002262072,0.012374502896591167,0.013145518425065636,133,True
code15_like,BR,STACH,identity,200,1,0,0.010205330896940588,0.010205330896940588,0.010205330896940588,133,True
code15_like,BR,STACH,prior_correction,200,1,0,0.0292,0.0292,0.0292,133,True
code15_like,BR,STACH,prior_correction_gated,200,1,0,0.010205330896940588,0.010205330896940588,0.010205330896940588,133,True
code15_like,BR,STACH,prior_correction_minimax,200,1,0,0.01199764882010737,0.01199764882010737,0.01199764882010737,133,True
code15_like,BR,STACH,prevalence_correction,200,20,0,0.016810563911494977,0.017395567138647608,0.019404234814704883,133,True
code15_like,BR,STACH,temperature,200,20,0,0.010416603230913025,0.010329281356937253,0.010779058962295024,133,True
code15_like,BR,STACH,platt,200,20,0,0.008552300014020242,0.009412284314548831,0.012512184791570964,133,True
code15_like,BR,STACH,isotonic,200,20,0,0.007338830514886356,0.006525153186915893,0.012825628933180072,133,True
code15_like,BR,STACH,cv_select,200,20,0,0.009966661742360527,0.010205330896940588,0.01137471712868209,133,True
code15_like,BR,STACH,hybrid,200,20,0,0.011259993756014861,0.009199972445057011,0.019700006393217118,133,True
code15_like,BR,STACH,hybrid_minimax,200,20,0,0.012077871067371668,0.01191529912921756,0.012678491263874523,133,True
code15_like,BR,STACH,identity,400,1,0,0.010205330896940588,0.010205330896940588,0.010205330896940588,133,True
code15_like,BR,STACH,prior_correction,400,1,0,0.0292,0.0292,0.0292,133,True
code15_like,BR,STACH,prior_correction_gated,400,1,0,0.010205330896940588,0.010205330896940588,0.010205330896940588,133,True
code15_like,BR,STACH,prior_correction_minimax,400,1,0,0.01199764882010737,0.01199764882010737,0.01199764882010737,133,True
code15_like,BR,STACH,prevalence_correction,400,20,0,0.018545153616059712,0.01849207774756322,0.020589949587803864,133,True
code15_like,BR,STACH,temperature,400,20,0,0.0102092883594934,0.010110016289967307,0.010539062863104595,133,True
code15_like,BR,STACH,platt,400,20,0,0.005340127949996857,0.005585356697793284,0.008942045722926648,133,True
code15_like,BR,STACH,isotonic,400,20,0,0.004656156508721273,0.0040315158953010966,0.007900086121740292,133,True
code15_like,BR,STACH,cv_select,400,20,0,0.007359508090209516,0.00804534799430608,0.010219093163008135,133,True
code15_like,BR,STACH,hybrid,400,20,0,0.009304997887729788,0.00999998374836362,0.014449999934946736,133,True
code15_like,BR,STACH,hybrid_minimax,400,20,0,0.011849960985588572,0.011770262727687743,0.012107484514436866,133,True
code15_like,BR,STACH,identity,800,1,0,0.010205330896940588,0.010205330896940588,0.010205330896940588,133,True
code15_like,BR,STACH,prior_correction,800,1,0,0.0292,0.0292,0.0292,133,True
code15_like,BR,STACH,prior_correction_gated,800,1,0,0.010205330896940588,0.010205330896940588,0.010205330896940588,133,True
code15_like,BR,STACH,prior_correction_minimax,800,1,0,0.01199764882010737,0.01199764882010737,0.01199764882010737,133,True
code15_like,BR,STACH,prevalence_correction,800,20,0,0.018736747011818215,0.01848743057352701,0.020253059612847055,133,True
code15_like,BR,STACH,temperature,800,20,0,0.010186474260920187,0.010130233770145127,0.01035577564036251,133,True
code15_like,BR,STACH,platt,800,20,0,0.004987859142411903,0.00471389840793365,0.008705816378592501,133,True
code15_like,BR,STACH,isotonic,800,20,0,0.004889566715439191,0.005057289856578998,0.008465019251756283,133,True
code15_like,BR,STACH,cv_select,800,20,0,0.006580481048955372,0.00520002808443744,0.010259743910711305,133,True
code15_like,BR,STACH,hybrid,800,20,0,0.00723500643512265,0.005449991928768704,0.013199998809173986,133,True
code15_like,BR,STACH,hybrid_minimax,800,20,0,0.011826440275577665,0.011763763488696576,0.012020079503975553,133,True
korea_like,KR,AF,identity,0,1,0,0.014932831263001987,0.014932831263001987,0.014932831263001987,24,False
korea_like,KR,AF,prior_correction,0,1,0,0.0056,0.0056,0.0056,24,False
korea_like,KR,AF,prior_correction_gated,0,1,0,0.014932831263001987,0.014932831263001987,0.014932831263001987,24,False
korea_like,KR,AF,prior_correction_minimax,0,1,0,0.0576542001875247,0.0576542001875247,0.0576542001875247,24,False
korea_like,KR,AF,prevalence_correction,0,20,0,0.014932831263001985,0.014932831263001987,0.014932831263001987,24,False
korea_like,KR,AF,temperature,0,20,0,0.014932831263001985,0.014932831263001987,0.014932831263001987,24,False
korea_like,KR,AF,platt,0,20,0,0.014932831263001985,0.014932831263001987,0.014932831263001987,24,False
korea_like,KR,AF,isotonic,0,20,0,0.014932831263001985,0.014932831263001987,0.014932831263001987,24,False
korea_like,KR,AF,cv_select,0,20,0,0.014932831263001985,0.014932831263001987,0.014932831263001987,24,False
korea_like,KR,AF,hybrid,0,20,0,0.014932831263001985,0.014932831263001987,0.014932831263001987,24,False
korea_like,KR,AF,hybrid_minimax,0,20,0,0.014932831263001985,0.014932831263001987,0.014932831263001987,24,False
korea_like,KR,AF,identity,25,1,0,0.014932831263001987,0.014932831263001987,0.014932831263001987,24,False
korea_like,KR,AF,prior_correction,25,1,0,0.0056,0.0056,0.0056,24,False
korea_like,KR,AF,prior_correction_gated,25,1,0,0.014932831263001987,0.014932831263001987,0.014932831263001987,24,False
korea_like,KR,AF,prior_correction_minimax,25,1,0,0.0576542001875247,0.0576542001875247,0.0576542001875247,24,False
korea_like,KR,AF,prevalence_correction,25,20,0,0.014932831263001985,0.014932831263001987,0.014932831263001987,24,False
korea_like,KR,AF,temperature,25,20,0,0.014932831530230473,0.014932831530230476,0.014932831530230476,24,False
korea_like,KR,AF,platt,25,20,0,0.014932831530230473,0.014932831530230476,0.014932831530230476,24,False
korea_like,KR,AF,isotonic,25,20,0,0.005599999999999999,0.0056,0.0056,24,False
korea_like,KR,AF,cv_select,25,20,0,0.005599999999999999,0.0056,0.0056,24,False
korea_like,KR,AF,hybrid,25,20,0,0.005598999999999998,0.005599,0.005599,24,False
korea_like,KR,AF,hybrid_minimax,25,20,0,0.05765420018752469,0.0576542001875247,0.0576542001875247,24,False
korea_like,KR,AF,identity,50,1,0,0.014932831263001987,0.014932831263001987,0.014932831263001987,24,False
korea_like,KR,AF,prior_correction,50,1,0,0.0056,0.0056,0.0056,24,False
korea_like,KR,AF,prior_correction_gated,50,1,0,0.014932831263001987,0.014932831263001987,0.014932831263001987,24,False
korea_like,KR,AF,prior_correction_minimax,50,1,0,0.0576542001875247,0.0576542001875247,0.0576542001875247,24,False
korea_like,KR,AF,prevalence_correction,50,20,0,0.014932831263001985,0.014932831263001987,0.014932831263001987,24,False
korea_like,KR,AF,temperature,50,20,0,0.014398513218683,0.014932831530230476,0.014932831530230476,24,False
korea_like,KR,AF,platt,50,20,0,0.014400028793066974,0.014932831530230476,0.014932831530230476,24,False
korea_like,KR,AF,isotonic,50,20,0,0.0053354654562166245,0.0056,0.0056,24,False
korea_like,KR,AF,cv_select,50,20,0,0.005532323264964049,0.0056,0.0056,24,False
korea_like,KR,AF,hybrid,50,20,0,0.006039051377747848,0.005599,0.005599,24,False
korea_like,KR,AF,hybrid_minimax,50,20,0,0.055317729562010434,0.0576542001875247,0.0576542001875247,24,False
korea_like,KR,AF,identity,100,1,0,0.014932831263001987,0.014932831263001987,0.014932831263001987,24,False
korea_like,KR,AF,prior_correction,100,1,0,0.0056,0.0056,0.0056,24,False
korea_like,KR,AF,prior_correction_gated,100,1,0,0.014932831263001987,0.014932831263001987,0.014932831263001987,24,False
korea_like,KR,AF,prior_correction_minimax,100,1,0,0.0576542001875247,0.0576542001875247,0.0576542001875247,24,False
korea_like,KR,AF,prevalence_correction,100,20,0,0.014932831263001985,0.014932831263001987,0.014932831263001987,24,False
korea_like,KR,AF,temperature,100,20,0,0.013309904943002781,0.014932831530230476,0.014932831530230476,24,False
korea_like,KR,AF,platt,100,20,0,0.013872669352978106,0.014932831530230476,0.014932831530230476,24,False
korea_like,KR,AF,isotonic,100,20,0,0.005069442907016582,0.0056,0.0056,24,False
korea_like,KR,AF,cv_select,100,20,0,0.005376998142306877,0.0056,0.0056,24,False
korea_like,KR,AF,hybrid,100,20,0,0.0054191487079374,0.005599,0.005599,24,False
korea_like,KR,AF,hybrid_minimax,100,20,0,0.05075545616642248,0.0576542001875247,0.0576542001875247,24,False
korea_like,KR,AF,identity,200,1,0,0.014932831263001987,0.014932831263001987,0.014932831263001987,24,False
korea_like,KR,AF,prior_correction,200,1,0,0.0056,0.0056,0.0056,24,False
korea_like,KR,AF,prior_correction_gated,200,1,0,0.014932831263001987,0.014932831263001987,0.014932831263001987,24,False
korea_like,KR,AF,prior_correction_minimax,200,1,0,0.0576542001875247,0.0576542001875247,0.0576542001875247,24,False
korea_like,KR,AF,prevalence_correction,200,20,0,0.014391699179853246,0.014932831263001987,0.014932831263001987,24,False
korea_like,KR,AF,temperature,200,20,0,0.00943758922152246,0.010985660966179039,0.014932831530230476,24,False
korea_like,KR,AF,platt,200,20,0,0.01035497408145281,0.014932831530230476,0.014932831530230476,24,False
korea_like,KR,AF,isotonic,200,20,0,0.004469028642420661,0.0056,0.0056,24,False
korea_like,KR,AF,cv_select,200,20,0,0.00471530157536331,0.0056,0.005718271777084913,24,False
korea_like,KR,AF,hybrid,200,20,0,0.004109494600134665,0.005599,0.005599,24,False
korea_like,KR,AF,hybrid_minimax,200,20,0,0.0364886366391437,0.039659451003428055,0.0576542001875247,24,False
korea_like,KR,AF,identity,400,1,0,0.014932831263001987,0.014932831263001987,0.014932831263001987,24,False
korea_like,KR,AF,prior_correction,400,1,0,0.0056,0.0056,0.0056,24,False
korea_like,KR,AF,prior_correction_gated,400,1,0,0.014932831263001987,0.014932831263001987,0.014932831263001987,24,False
korea_like,KR,AF,prior_correction_minimax,400,1,0,0.0576542001875247,0.0576542001875247,0.0576542001875247,24,False
korea_like,KR,AF,prevalence_correction,400,20,0,0.011319014226573536,0.014932831263001987,0.014932831263001987,24,False
korea_like,KR,AF,temperature,400,20,0,0.006572607701622464,0.004357225671690057,0.014932831530230476,24,False
korea_like,KR,AF,platt,400,20,0,0.007103022854296676,0.004595789009697386,0.014932831530230476,24,False
korea_like,KR,AF,isotonic,400,20,0,0.004392814624873118,0.004298669496557529,0.006506687242994341,24,False
korea_like,KR,AF,cv_select,400,20,0,0.004625252333385542,0.00459531880470505,0.005737099024009171,24,False
korea_like,KR,AF,hybrid,400,20,0,0.0030547463057809974,0.003099999282108086,0.005599,24,False
korea_like,KR,AF,hybrid_minimax,400,20,0,0.02641601499873608,0.016580405930787467,0.0576542001875247,24,False
korea_like,KR,AF,identity,800,1,0,0.014932831263001987,0.014932831263001987,0.014932831263001987,24,False
korea_like,KR,AF,prior_correction,800,1,0,0.0056,0.0056,0.0056,24,False
korea_like,KR,AF,prior_correction_gated,800,1,0,0.014932831263001987,0.014932831263001987,0.014932831263001987,24,False
korea_like,KR,AF,prior_correction_minimax,800,1,0,0.0576542001875247,0.0576542001875247,0.0576542001875247,24,False
korea_like,KR,AF,prevalence_correction,800,20,0,0.006903699013832612,0.004968736985062517,0.014932831263001987,24,False
korea_like,KR,AF,temperature,800,20,0,0.003367322824458875,0.003284592007880893,0.0043594269034742264,24,False
korea_like,KR,AF,platt,800,20,0,0.0035172191324839668,0.003478316425128878,0.0044527165420504,24,False
korea_like,KR,AF,isotonic,800,20,0,0.002928347415717663,0.002786535254554622,0.004579299009702428,24,False
korea_like,KR,AF,cv_select,800,20,0,0.0034144371313079543,0.0033613817250240105,0.004397708858239362,24,False
korea_like,KR,AF,hybrid,800,20,0,0.0017349981470587913,0.0018499979813010469,0.0030999992821044223,24,False
korea_like,KR,AF,hybrid_minimax,800,20,0,0.01584812727826966,0.01612229871400961,0.017895090970919993,24,False
korea_like,KR,IAVB,identity,0,1,0,0.06352204124669991,0.06352204124669991,0.06352204124669991,53,True
korea_like,KR,IAVB,prior_correction,0,1,0,0.04722074617636559,0.04722074617636559,0.04722074617636559,53,True
korea_like,KR,IAVB,prior_correction_gated,0,1,0,0.06352204124669991,0.06352204124669991,0.06352204124669991,53,True
korea_like,KR,IAVB,prior_correction_minimax,0,1,0,0.25265929518005215,0.25265929518005215,0.25265929518005215,53,True
korea_like,KR,IAVB,prevalence_correction,0,20,0,0.06352204124669991,0.06352204124669991,0.06352204124669991,53,True
korea_like,KR,IAVB,temperature,0,20,0,0.06352204124669991,0.06352204124669991,0.06352204124669991,53,True
korea_like,KR,IAVB,platt,0,20,0,0.06352204124669991,0.06352204124669991,0.06352204124669991,53,True
korea_like,KR,IAVB,isotonic,0,20,0,0.06352204124669991,0.06352204124669991,0.06352204124669991,53,True
korea_like,KR,IAVB,cv_select,0,20,0,0.06352204124669991,0.06352204124669991,0.06352204124669991,53,True
korea_like,KR,IAVB,hybrid,0,20,0,0.06352204124669991,0.06352204124669991,0.06352204124669991,53,True
korea_like,KR,IAVB,hybrid_minimax,0,20,0,0.06352204124669991,0.06352204124669991,0.06352204124669991,53,True
korea_like,KR,IAVB,identity,25,1,0,0.06352204124669991,0.06352204124669991,0.06352204124669991,53,True
korea_like,KR,IAVB,prior_correction,25,1,0,0.04722074617636559,0.04722074617636559,0.04722074617636559,53,True
korea_like,KR,IAVB,prior_correction_gated,25,1,0,0.06352204124669991,0.06352204124669991,0.06352204124669991,53,True
korea_like,KR,IAVB,prior_correction_minimax,25,1,0,0.25265929518005215,0.25265929518005215,0.25265929518005215,53,True
korea_like,KR,IAVB,prevalence_correction,25,20,0,0.06352204124669991,0.06352204124669991,0.06352204124669991,53,True
korea_like,KR,IAVB,temperature,25,20,0,0.06017288005474185,0.06352204124669991,0.06352204124669991,53,True
korea_like,KR,IAVB,platt,25,20,0,0.05891612154485358,0.06352204124669991,0.06352204124669991,53,True
korea_like,KR,IAVB,isotonic,25,20,0,0.01482575070140107,0.0116,0.02821564097597615,53,True
korea_like,KR,IAVB,cv_select,25,20,0,0.017650933474657148,0.0116,0.03224933242443888,53,True
korea_like,KR,IAVB,hybrid,25,20,0,0.045961723539587745,0.04722074617636559,0.04722074617636559,53,True
korea_like,KR,IAVB,hybrid_minimax,25,20,0,0.2335717893859694,0.25265929518005215,0.25265929518005215,53,True
korea_like,KR,IAVB,identity,50,1,0,0.06352204124669991,0.06352204124669991,0.06352204124669991,53,True
korea_like,KR,IAVB,prior_correction,50,1,0,0.04722074617636559,0.04722074617636559,0.04722074617636559,53,True
korea_like,KR,IAVB,prior_correction_gated,50,1,0,0.06352204124669991,0.06352204124669991,0.06352204124669991,53,True
korea_like,KR,IAVB,prior_correction_minimax,50,1,0,0.25265929518005215,0.25265929518005215,0.25265929518005215,53,True
korea_like,KR,IAVB,prevalence_correction,50,20,0,0.06352204124669991,0.06352204124669991,0.06352204124669991,53,True
korea_like,KR,IAVB,temperature,50,20,0,0.04768171599746246,0.06352204124669991,0.06352204124669991,53,True
korea_like,KR,IAVB,platt,50,20,0,0.0455248803393507,0.06352204124669991,0.06352204124669991,53,True
korea_like,KR,IAVB,isotonic,50,20,0,0.013520624464330736,0.0116,0.02007916659304481,53,True
korea_like,KR,IAVB,cv_select,50,20,0,0.013549726840049806,0.0116,0.018064230417191605,53,True
korea_like,KR,IAVB,hybrid,50,20,0,0.03709666318750301,0.04722074617636559,0.04722074617636559,53,True
korea_like,KR,IAVB,hybrid_minimax,50,20,0,0.19371467578014268,0.25265929518005215,0.25265929518005215,53,True
korea_like,KR,IAVB,identity,100,1,0,0.06352204124669991,0.06352204124669991,0.06352204124669991,53,True
korea_like,KR,IAVB,prior_correction,100,1,0,0.04722074617636559,0.04722074617636559,0.04722074617636559,53,True
korea_like,KR,IAVB,prior_correction_gated,100,1,0,0.06352204124669991,0.06352204124669991,0.06352204124669991,53,True
korea_like,KR,IAVB,prior_correction_minimax,100,1,0,0.25265929518005215,0.25265929518005215,0.25265929518005215,53,True
korea_like,KR,IAVB,prevalence_correction,100,20,0,0.05731714260664421,0.06352204124669991,0.06352204124669991,53,True
korea_like,KR,IAVB,temperature,100,20,0,0.03698323972658607,0.03353581757106468,0.06352204124669991,53,True
korea_like,KR,IAVB,platt,100,20,0,0.03337589329778969,0.018211766631890086,0.06352204124669991,53,True
korea_like,KR,IAVB,isotonic,100,20,0,0.012627189672981742,0.0116,0.01904843077566192,53,True
korea_like,KR,IAVB,cv_select,100,20,0,0.013043198850005983,0.0116,0.01864543321104039,53,True
korea_like,KR,IAVB,hybrid,100,20,0,0.029492739744185148,0.031131440927459782,0.04722074617636559,53,True
korea_like,KR,IAVB,hybrid_minimax,100,20,0,0.15728731571792892,0.11300239425521967,0.25265929518005215,53,True
korea_like,KR,IAVB,identity,200,1,0,0.06352204124669991,0.06352204124669991,0.06352204124669991,53,True
korea_like,KR,IAVB,prior_correction,200,1,0,0.04722074617636559,0.04722074617636559,0.04722074617636559,53,True
korea_like,KR,IAVB,prior_correction_gated,200,1,0,0.06352204124669991,0.06352204124669991,0.06352204124669991,53,True
korea_like,KR,IAVB,prior_correction_minimax,200,1,0,0.25265929518005215,0.25265929518005215,0.25265929518005215,53,True
korea_like,KR,IAVB,prevalence_correction,200,20,0,0.048099877727402915,0.06352204124669991,0.06352204124669991,53,True
korea_like,KR,IAVB,temperature,200,20,0,0.014310681377647055,0.01291127897138997,0.018499762650854124,53,True
korea_like,KR,IAVB,platt,200,20,0,0.011611011852422828,0.009329594459068771,0.017275748049334284,53,True
korea_like,KR,IAVB,isotonic,200,20,0,0.0099609869827785,0.008462000178898338,0.014403948341980933,53,True
korea_like,KR,IAVB,cv_select,200,20,0,0.010741065745054125,0.009834001521499977,0.01703340928009427,53,True
korea_like,KR,IAVB,hybrid,200,20,0,0.013005566324715034,0.011602745837584343,0.01643581677377803,53,True
korea_like,KR,IAVB,hybrid_minimax,200,20,0,0.08680614545952002,0.08588042045294447,0.10056315641433293,53,True
korea_like,KR,IAVB,identity,400,1,0,0.06352204124669991,0.06352204124669991,0.06352204124669991,53,True
korea_like,KR,IAVB,prior_correction,400,1,0,0.04722074617636559,0.04722074617636559,0.04722074617636559,53,True
korea_like,KR,IAVB,prior_correction_gated,400,1,0,0.06352204124669991,0.06352204124669991,0.06352204124669991,53,True
korea_like,KR,IAVB,prior_correction_minimax,400,1,0,0.25265929518005215,0.25265929518005215,0.25265929518005215,53,True
korea_like,KR,IAVB,prevalence_correction,400,20,0,0.025281492455353754,0.009088250436882196,0.06352204124669991,53,True
korea_like,KR,IAVB,temperature,400,20,0,0.013177192624533226,0.012529172756085609,0.015667238623919978,53,True
korea_like,KR,IAVB,platt,400,20,0,0.008566693581802228,0.008051227643727309,0.010675661891599741,53,True
korea_like,KR,IAVB,isotonic,400,20,0,0.00943220980619041,0.008672924839994788,0.012985988755444228,53,True
korea_like,KR,IAVB,cv_select,400,20,0,0.009443096731339994,0.00901674812125845,0.01280780271222066,53,True
korea_like,KR,IAVB,hybrid,400,20,0,0.01195326383138427,0.011273827080220546,0.013925280560335429,53,True
korea_like,KR,IAVB,hybrid_minimax,400,20,0,0.08511366088455422,0.08560088749875706,0.09202523297414011,53,True
korea_like,KR,IAVB,identity,800,1,0,0.06352204124669991,0.06352204124669991,0.06352204124669991,53,True
korea_like,KR,IAVB,prior_correction,800,1,0,0.04722074617636559,0.04722074617636559,0.04722074617636559,53,True
korea_like,KR,IAVB,prior_correction_gated,800,1,0,0.06352204124669991,0.06352204124669991,0.06352204124669991,53,True
korea_like,KR,IAVB,prior_correction_minimax,800,1,0,0.25265929518005215,0.25265929518005215,0.25265929518005215,53,True
korea_like,KR,IAVB,prevalence_correction,800,20,0,0.00832801102589213,0.00821552753630485,0.009088250436882196,53,True
korea_like,KR,IAVB,temperature,800,20,0,0.012748213746248899,0.01266080950902713,0.0142283172083509,53,True
korea_like,KR,IAVB,platt,800,20,0,0.00767128432461958,0.007356306944992152,0.009131614863925601,53,True
korea_like,KR,IAVB,isotonic,800,20,0,0.007123114139593741,0.0065691518155954875,0.010099824828763457,53,True
korea_like,KR,IAVB,cv_select,800,20,0,0.00758183654206414,0.00701686373015006,0.01135622845578213,53,True
korea_like,KR,IAVB,hybrid,800,20,0,0.011501364558569722,0.01133422940685026,0.012663291255646324,53,True
korea_like,KR,IAVB,hybrid_minimax,800,20,0,0.08556566486317102,0.08695863453771772,0.08997591861460955,53,True
korea_like,KR,RBBB,identity,0,1,0,1.962372370543301e-61,1.962372370543301e-61,1.962372370543301e-61,109,True
korea_like,KR,RBBB,prior_correction,0,1,0,4.438906104678344e-61,4.438906104678344e-61,4.438906104678344e-61,109,True
korea_like,KR,RBBB,prior_correction_gated,0,1,0,1.962372370543301e-61,1.962372370543301e-61,1.962372370543301e-61,109,True
korea_like,KR,RBBB,prior_correction_minimax,0,1,0,2.592397184246639e-72,2.592397184246639e-72,2.592397184246639e-72,109,True
korea_like,KR,RBBB,prevalence_correction,0,20,0,1.962372370543301e-61,1.962372370543301e-61,1.962372370543301e-61,109,True
korea_like,KR,RBBB,temperature,0,20,0,1.962372370543301e-61,1.962372370543301e-61,1.962372370543301e-61,109,True
korea_like,KR,RBBB,platt,0,20,0,1.962372370543301e-61,1.962372370543301e-61,1.962372370543301e-61,109,True
korea_like,KR,RBBB,isotonic,0,20,0,1.962372370543301e-61,1.962372370543301e-61,1.962372370543301e-61,109,True
korea_like,KR,RBBB,cv_select,0,20,0,1.962372370543301e-61,1.962372370543301e-61,1.962372370543301e-61,109,True
korea_like,KR,RBBB,hybrid,0,20,0,1.962372370543301e-61,1.962372370543301e-61,1.962372370543301e-61,109,True
korea_like,KR,RBBB,hybrid_minimax,0,20,0,1.962372370543301e-61,1.962372370543301e-61,1.962372370543301e-61,109,True
korea_like,KR,RBBB,identity,25,1,0,1.962372370543301e-61,1.962372370543301e-61,1.962372370543301e-61,109,True
korea_like,KR,RBBB,prior_correction,25,1,0,4.438906104678344e-61,4.438906104678344e-61,4.438906104678344e-61,109,True
korea_like,KR,RBBB,prior_correction_gated,25,1,0,1.962372370543301e-61,1.962372370543301e-61,1.962372370543301e-61,109,True
korea_like,KR,RBBB,prior_correction_minimax,25,1,0,2.592397184246639e-72,2.592397184246639e-72,2.592397184246639e-72,109,True
korea_like,KR,RBBB,prevalence_correction,25,20,0,1.962372370543301e-61,1.962372370543301e-61,1.962372370543301e-61,109,True
korea_like,KR,RBBB,temperature,25,20,0,7.618612618255638e-07,6.335021036189825e-07,9.543999991354357e-07,109,True
korea_like,KR,RBBB,platt,25,20,0,9.543999991354357e-07,9.543999991354357e-07,9.543999991354357e-07,109,True
korea_like,KR,RBBB,isotonic,25,20,0,0.00912,1.962372370543301e-61,0.0228,109,True
korea_like,KR,RBBB,cv_select,25,20,0,0.00912,1.962372370543301e-61,0.0228,109,True
korea_like,KR,RBBB,hybrid,25,20,0,7.618612618255638e-07,6.335021036189825e-07,9.543999991354357e-07,109,True
korea_like,KR,RBBB,hybrid_minimax,25,20,0,7.618612618255638e-07,6.335021036189825e-07,9.543999991354357e-07,109,True
korea_like,KR,RBBB,identity,50,1,0,1.962372370543301e-61,1.962372370543301e-61,1.962372370543301e-61,109,True
korea_like,KR,RBBB,prior_correction,50,1,0,4.438906104678344e-61,4.438906104678344e-61,4.438906104678344e-61,109,True
korea_like,KR,RBBB,prior_correction_gated,50,1,0,1.962372370543301e-61,1.962372370543301e-61,1.962372370543301e-61,109,True
korea_like,KR,RBBB,prior_correction_minimax,50,1,0,2.592397184246639e-72,2.592397184246639e-72,2.592397184246639e-72,109,True
korea_like,KR,RBBB,prevalence_correction,50,20,0,1.9615841348912743e-61,1.962372370543301e-61,1.962372370543301e-61,109,True
korea_like,KR,RBBB,temperature,50,20,0,7.297714722739184e-07,6.335021036189825e-07,9.543999991354357e-07,109,True
korea_like,KR,RBBB,platt,50,20,0,9.543999991354357e-07,9.543999991354357e-07,9.543999991354357e-07,109,True
korea_like,KR,RBBB,isotonic,50,20,0,0.006840000000000001,1.962372370543301e-61,0.0228,109,True
korea_like,KR,RBBB,cv_select,50,20,0,0.006840000000000001,1.962372370543301e-61,0.0228,109,True
korea_like,KR,RBBB,hybrid,50,20,0,7.297714722739184e-07,6.335021036189825e-07,9.543999991354357e-07,109,True
korea_like,KR,RBBB,hybrid_minimax,50,20,0,7.297714722739184e-07,6.335021036189825e-07,9.543999991354357e-07,109,True
korea_like,KR,RBBB,identity,100,1,0,1.962372370543301e-61,1.962372370543301e-61,1.962372370543301e-61,109,True
korea_like,KR,RBBB,prior_correction,100,1,0,4.438906104678344e-61,4.438906104678344e-61,4.438906104678344e-61,109,True
korea_like,KR,RBBB,prior_correction_gated,100,1,0,1.962372370543301e-61,1.962372370543301e-61,1.962372370543301e-61,109,True
korea_like,KR,RBBB,prior_correction_minimax,100,1,0,2.592397184246639e-72,2.592397184246639e-72,2.592397184246639e-72,109,True
korea_like,KR,RBBB,prevalence_correction,100,20,0,1.6109641994162083e-61,1.962372370543301e-61,1.962372370543301e-61,109,True
korea_like,KR,RBBB,temperature,100,20,0,6.816367879471444e-07,6.335021036189825e-07,9.543999991354357e-07,109,True
korea_like,KR,RBBB,platt,100,20,0,9.543999991354357e-07,9.543999991354357e-07,9.543999991354357e-07,109,True
korea_like,KR,RBBB,isotonic,100,20,0,0.0034200000000000003,1.962372370543301e-61,0.0228,109,True
korea_like,KR,RBBB,cv_select,100,20,0,0.0034200000000000003,1.962372370543301e-61,0.0228,109,True
korea_like,KR,RBBB,hybrid,100,20,0,6.816367879471444e-07,6.335021036189825e-07,9.543999991354357e-07,109,True
korea_like,KR,RBBB,hybrid_minimax,100,20,0,6.816367879471444e-07,6.335021036189825e-07,9.543999991354357e-07,109,True
korea_like,KR,RBBB,identity,200,1,0,1.962372370543301e-61,1.962372370543301e-61,1.962372370543301e-61,109,True
korea_like,KR,RBBB,prior_correction,200,1,0,4.438906104678344e-61,4.438906104678344e-61,4.438906104678344e-61,109,True
korea_like,KR,RBBB,prior_correction_gated,200,1,0,1.962372370543301e-61,1.962372370543301e-61,1.962372370543301e-61,109,True
korea_like,KR,RBBB,prior_correction_minimax,200,1,0,2.592397184246639e-72,2.592397184246639e-72,2.592397184246639e-72,109,True
korea_like,KR,RBBB,prevalence_correction,200,20,0,9.471417307181915e-62,7.332447758765874e-62,1.962372370543301e-61,109,True
korea_like,KR,RBBB,temperature,200,20,0,6.335021036203703e-07,6.335021036189825e-07,6.33502103622452e-07,109,True
korea_like,KR,RBBB,platt,200,20,0,9.543999991354357e-07,9.543999991354357e-07,9.543999991354357e-07,109,True
korea_like,KR,RBBB,isotonic,200,20,0,1.962372370543301e-61,1.962372370543301e-61,1.962372370543301e-61,109,True
korea_like,KR,RBBB,cv_select,200,20,0,1.962372370543301e-61,1.962372370543301e-61,1.962372370543301e-61,109,True
korea_like,KR,RBBB,hybrid,200,20,0,6.335021036203703e-07,6.335021036189825e-07,6.33502103622452e-07,109,True
korea_like,KR,RBBB,hybrid_minimax,200,20,0,6.335021036203703e-07,6.335021036189825e-07,6.33502103622452e-07,109,True
korea_like,KR,RBBB,identity,400,1,0,1.962372370543301e-61,1.962372370543301e-61,1.962372370543301e-61,109,True
korea_like,KR,RBBB,prior_correction,400,1,0,4.438906104678344e-61,4.438906104678344e-61,4.438906104678344e-61,109,True
korea_like,KR,RBBB,prior_correction_gated,400,1,0,1.962372370543301e-61,1.962372370543301e-61,1.962372370543301e-61,109,True
korea_like,KR,RBBB,prior_correction_minimax,400,1,0,2.592397184246639e-72,2.592397184246639e-72,2.592397184246639e-72,109,True
korea_like,KR,RBBB,prevalence_correction,400,20,0,5.816358644228796e-62,5.9688893828748325e-62,8.086782020697884e-62,109,True
korea_like,KR,RBBB,temperature,400,20,0,6.335021036203703e-07,6.335021036189825e-07,6.33502103622452e-07,109,True
korea_like,KR,RBBB,platt,400,20,0,9.543999991354357e-07,9.543999991354357e-07,9.543999991354357e-07,109,True
korea_like,KR,RBBB,isotonic,400,20,0,1.962372370543301e-61,1.962372370543301e-61,1.962372370543301e-61,109,True
korea_like,KR,RBBB,cv_select,400,20,0,1.962372370543301e-61,1.962372370543301e-61,1.962372370543301e-61,109,True
korea_like,KR,RBBB,hybrid,400,20,0,6.335021036203703e-07,6.335021036189825e-07,6.33502103622452e-07,109,True
korea_like,KR,RBBB,hybrid_minimax,400,20,0,6.335021036203703e-07,6.335021036189825e-07,6.33502103622452e-07,109,True
korea_like,KR,RBBB,identity,800,1,0,1.962372370543301e-61,1.962372370543301e-61,1.962372370543301e-61,109,True
korea_like,KR,RBBB,prior_correction,800,1,0,4.438906104678344e-61,4.438906104678344e-61,4.438906104678344e-61,109,True
korea_like,KR,RBBB,prior_correction_gated,800,1,0,1.962372370543301e-61,1.962372370543301e-61,1.962372370543301e-61,109,True
korea_like,KR,RBBB,prior_correction_minimax,800,1,0,2.592397184246639e-72,2.592397184246639e-72,2.592397184246639e-72,109,True
korea_like,KR,RBBB,prevalence_correction,800,20,0,5.769428162114183e-62,5.967154644040006e-62,7.022710047968483e-62,109,True
korea_like,KR,RBBB,temperature,800,20,0,6.335021036196764e-07,6.335021036189825e-07,6.33502103622452e-07,109,True
korea_like,KR,RBBB,platt,800,20,0,9.543999991354357e-07,9.543999991354357e-07,9.543999991354357e-07,109,True
korea_like,KR,RBBB,isotonic,800,20,0,1.962372370543301e-61,1.962372370543301e-61,1.962372370543301e-61,109,True
korea_like,KR,RBBB,cv_select,800,20,0,1.962372370543301e-61,1.962372370543301e-61,1.962372370543301e-61,109,True
korea_like,KR,RBBB,hybrid,800,20,0,6.335021036196764e-07,6.335021036189825e-07,6.33502103622452e-07,109,True
korea_like,KR,RBBB,hybrid_minimax,800,20,0,6.335021036196764e-07,6.335021036189825e-07,6.33502103622452e-07,109,True
korea_like,KR,LBBB,identity,0,1,0,1.519878382236595e-13,1.519878382236595e-13,1.519878382236595e-13,6,False
korea_like,KR,LBBB,prior_correction,0,1,0,0.0012,0.0012,0.0012,6,False
korea_like,KR,LBBB,prior_correction_gated,0,1,0,1.519878382236595e-13,1.519878382236595e-13,1.519878382236595e-13,6,False
korea_like,KR,LBBB,prior_correction_minimax,0,1,0,0.0006985178057141979,0.0006985178057141979,0.0006985178057141979,6,False
korea_like,KR,LBBB,prevalence_correction,0,20,0,1.519878382236595e-13,1.519878382236595e-13,1.519878382236595e-13,6,False
korea_like,KR,LBBB,temperature,0,20,0,1.519878382236595e-13,1.519878382236595e-13,1.519878382236595e-13,6,False
korea_like,KR,LBBB,platt,0,20,0,1.519878382236595e-13,1.519878382236595e-13,1.519878382236595e-13,6,False
korea_like,KR,LBBB,isotonic,0,20,0,1.519878382236595e-13,1.519878382236595e-13,1.519878382236595e-13,6,False
korea_like,KR,LBBB,cv_select,0,20,0,1.519878382236595e-13,1.519878382236595e-13,1.519878382236595e-13,6,False
korea_like,KR,LBBB,hybrid,0,20,0,1.519878382236595e-13,1.519878382236595e-13,1.519878382236595e-13,6,False
korea_like,KR,LBBB,hybrid_minimax,0,20,0,1.519878382236595e-13,1.519878382236595e-13,1.519878382236595e-13,6,False
korea_like,KR,LBBB,identity,25,1,0,1.519878382236595e-13,1.519878382236595e-13,1.519878382236595e-13,6,False
korea_like,KR,LBBB,prior_correction,25,1,0,0.0012,0.0012,0.0012,6,False
korea_like,KR,LBBB,prior_correction_gated,25,1,0,1.519878382236595e-13,1.519878382236595e-13,1.519878382236595e-13,6,False
korea_like,KR,LBBB,prior_correction_minimax,25,1,0,0.0006985178057141979,0.0006985178057141979,0.0006985178057141979,6,False
korea_like,KR,LBBB,prevalence_correction,25,20,0,1.519878382236595e-13,1.519878382236595e-13,1.519878382236595e-13,6,False
korea_like,KR,LBBB,temperature,25,20,0,9.976000000272867e-07,9.976000000272867e-07,9.976000000272867e-07,6,False
korea_like,KR,LBBB,platt,25,20,0,9.976000000272867e-07,9.976000000272867e-07,9.976000000272867e-07,6,False
korea_like,KR,LBBB,isotonic,25,20,0,0.0012,0.0012,0.0012,6,False
korea_like,KR,LBBB,cv_select,25,20,0,0.0012,0.0012,0.0012,6,False
korea_like,KR,LBBB,hybrid,25,20,0,0.0011989999999999998,0.001199,0.001199,6,False
korea_like,KR,LBBB,hybrid_minimax,25,20,0,0.0006975194057142356,0.0006975194057142356,0.0006975194057142356,6,False
korea_like,KR,LBBB,identity,50,1,0,1.519878382236595e-13,1.519878382236595e-13,1.519878382236595e-13,6,False
korea_like,KR,LBBB,prior_correction,50,1,0,0.0012,0.0012,0.0012,6,False
korea_like,KR,LBBB,prior_correction_gated,50,1,0,1.519878382236595e-13,1.519878382236595e-13,1.519878382236595e-13,6,False
korea_like,KR,LBBB,prior_correction_minimax,50,1,0,0.0006985178057141979,0.0006985178057141979,0.0006985178057141979,6,False
korea_like,KR,LBBB,prevalence_correction,50,20,0,1.519878382236595e-13,1.519878382236595e-13,1.519878382236595e-13,6,False
korea_like,KR,LBBB,temperature,50,20,0,9.976000000272867e-07,9.976000000272867e-07,9.976000000272867e-07,6,False
korea_like,KR,LBBB,platt,50,20,0,9.976000000272867e-07,9.976000000272867e-07,9.976000000272867e-07,6,False
korea_like,KR,LBBB,isotonic,50,20,0,0.0012,0.0012,0.0012,6,False
korea_like,KR,LBBB,cv_select,50,20,0,0.0012,0.0012,0.0012,6,False
korea_like,KR,LBBB,hybrid,50,20,0,0.0011989999999999998,0.001199,0.001199,6,False
korea_like,KR,LBBB,hybrid_minimax,50,20,0,0.0006975194057142356,0.0006975194057142356,0.0006975194057142356,6,False
korea_like,KR,LBBB,identity,100,1,0,1.519878382236595e-13,1.519878382236595e-13,1.519878382236595e-13,6,False
korea_like,KR,LBBB,prior_correction,100,1,0,0.0012,0.0012,0.0012,6,False
korea_like,KR,LBBB,prior_correction_gated,100,1,0,1.519878382236595e-13,1.519878382236595e-13,1.519878382236595e-13,6,False
korea_like,KR,LBBB,prior_correction_minimax,100,1,0,0.0006985178057141979,0.0006985178057141979,0.0006985178057141979,6,False
korea_like,KR,LBBB,prevalence_correction,100,20,0,1.519878382236595e-13,1.519878382236595e-13,1.519878382236595e-13,6,False
korea_like,KR,LBBB,temperature,100,20,0,9.976000000272867e-07,9.976000000272867e-07,9.976000000272867e-07,6,False
korea_like,KR,LBBB,platt,100,20,0,9.976000000272867e-07,9.976000000272867e-07,9.976000000272867e-07,6,False
korea_like,KR,LBBB,isotonic,100,20,0,0.0012,0.0012,0.0012,6,False
korea_like,KR,LBBB,cv_select,100,20,0,0.0012,0.0012,0.0012,6,False
korea_like,KR,LBBB,hybrid,100,20,0,0.0011989999999999998,0.001199,0.001199,6,False
korea_like,KR,LBBB,hybrid_minimax,100,20,0,0.0006975194057142356,0.0006975194057142356,0.0006975194057142356,6,False
korea_like,KR,LBBB,identity,200,1,0,1.519878382236595e-13,1.519878382236595e-13,1.519878382236595e-13,6,False
korea_like,KR,LBBB,prior_correction,200,1,0,0.0012,0.0012,0.0012,6,False
korea_like,KR,LBBB,prior_correction_gated,200,1,0,1.519878382236595e-13,1.519878382236595e-13,1.519878382236595e-13,6,False
korea_like,KR,LBBB,prior_correction_minimax,200,1,0,0.0006985178057141979,0.0006985178057141979,0.0006985178057141979,6,False
korea_like,KR,LBBB,prevalence_correction,200,20,0,1.519878382236595e-13,1.519878382236595e-13,1.519878382236595e-13,6,False
korea_like,KR,LBBB,temperature,200,20,0,9.640576967936098e-07,9.976000000272867e-07,9.976000000272867e-07,6,False
korea_like,KR,LBBB,platt,200,20,0,9.976000000272867e-07,9.976000000272867e-07,9.976000000272867e-07,6,False
korea_like,KR,LBBB,isotonic,200,20,0,0.0010800000000094185,0.0012,0.0012,6,False
korea_like,KR,LBBB,cv_select,200,20,0,0.0010800000000151986,0.0012,0.0012,6,False
korea_like,KR,LBBB,hybrid,200,20,0,0.0014591013591579295,0.001199,0.001459101359156201,6,False
korea_like,KR,LBBB,hybrid_minimax,200,20,0,0.0006881511452853245,0.0006975194057142356,0.0006975194057142356,6,False
korea_like,KR,LBBB,identity,400,1,0,1.519878382236595e-13,1.519878382236595e-13,1.519878382236595e-13,6,False
korea_like,KR,LBBB,prior_correction,400,1,0,0.0012,0.0012,0.0012,6,False
korea_like,KR,LBBB,prior_correction_gated,400,1,0,1.519878382236595e-13,1.519878382236595e-13,1.519878382236595e-13,6,False
korea_like,KR,LBBB,prior_correction_minimax,400,1,0,0.0006985178057141979,0.0006985178057141979,0.0006985178057141979,6,False
korea_like,KR,LBBB,prevalence_correction,400,20,0,1.519878382236595e-13,1.519878382236595e-13,1.519878382236595e-13,6,False
korea_like,KR,LBBB,temperature,400,20,0,8.969730903262558e-07,9.976000000272867e-07,9.976000000272867e-07,6,False
korea_like,KR,LBBB,platt,400,20,0,9.976000000272867e-07,9.976000000272867e-07,9.976000000272867e-07,6,False
korea_like,KR,LBBB,isotonic,400,20,0,0.0008400000000286673,0.0012,0.0012,6,False
korea_like,KR,LBBB,cv_select,400,20,0,0.0008400000000455963,0.0012,0.0012,6,False
korea_like,KR,LBBB,hybrid,400,20,0,0.001479301502735415,0.001199,0.0015500020052592817,6,False
korea_like,KR,LBBB,hybrid_minimax,400,20,0,0.000691039354233008,0.0006975194057142356,0.0007992715327437378,6,False
korea_like,KR,LBBB,identity,800,1,0,1.519878382236595e-13,1.519878382236595e-13,1.519878382236595e-13,6,False
korea_like,KR,LBBB,prior_correction,800,1,0,0.0012,0.0012,0.0012,6,False
korea_like,KR,LBBB,prior_correction_gated,800,1,0,1.519878382236595e-13,1.519878382236595e-13,1.519878382236595e-13,6,False
korea_like,KR,LBBB,prior_correction_minimax,800,1,0,0.0006985178057141979,0.0006985178057141979,0.0006985178057141979,6,False
korea_like,KR,LBBB,prevalence_correction,800,20,0,1.519878382236595e-13,1.519878382236595e-13,1.519878382236595e-13,6,False
korea_like,KR,LBBB,temperature,800,20,0,8.298884838589017e-07,8.298884838589017e-07,9.976000000272867e-07,6,False
korea_like,KR,LBBB,platt,800,20,0,9.976000000272867e-07,9.976000000272867e-07,9.976000000272867e-07,6,False
korea_like,KR,LBBB,isotonic,800,20,0,0.0006000000000317259,0.0006000000000923396,0.0012,6,False
korea_like,KR,LBBB,cv_select,800,20,0,0.0006000000000776285,0.0006000000000923396,0.0012,6,False
korea_like,KR,LBBB,hybrid,800,20,0,0.0008744998232144998,0.001199,0.0013000007178866535,6,False
korea_like,KR,LBBB,hybrid_minimax,800,20,0,0.0006783123129953137,0.0006975194057142356,0.0007504629182898746,6,False
korea_like,KR,SB,identity,0,1,0,0.06059371621877367,0.06059371621877367,0.06059371621877367,580,True
korea_like,KR,SB,prior_correction,0,1,0,0.13299178564499442,0.13299178564499442,0.13299178564499442,580,True
korea_like,KR,SB,prior_correction_gated,0,1,0,0.06059371621877367,0.06059371621877367,0.06059371621877367,580,True
korea_like,KR,SB,prior_correction_minimax,0,1,0,0.37895412141203744,0.37895412141203744,0.37895412141203744,580,True
korea_like,KR,SB,prevalence_correction,0,20,0,0.060593716218773686,0.06059371621877367,0.06059371621877367,580,True
korea_like,KR,SB,temperature,0,20,0,0.060593716218773686,0.06059371621877367,0.06059371621877367,580,True
korea_like,KR,SB,platt,0,20,0,0.060593716218773686,0.06059371621877367,0.06059371621877367,580,True
korea_like,KR,SB,isotonic,0,20,0,0.060593716218773686,0.06059371621877367,0.06059371621877367,580,True
korea_like,KR,SB,cv_select,0,20,0,0.060593716218773686,0.06059371621877367,0.06059371621877367,580,True
korea_like,KR,SB,hybrid,0,20,0,0.060593716218773686,0.06059371621877367,0.06059371621877367,580,True
korea_like,KR,SB,hybrid_minimax,0,20,0,0.060593716218773686,0.06059371621877367,0.06059371621877367,580,True
korea_like,KR,SB,identity,25,1,0,0.06059371621877367,0.06059371621877367,0.06059371621877367,580,True
korea_like,KR,SB,prior_correction,25,1,0,0.13299178564499442,0.13299178564499442,0.13299178564499442,580,True
korea_like,KR,SB,prior_correction_gated,25,1,0,0.06059371621877367,0.06059371621877367,0.06059371621877367,580,True
korea_like,KR,SB,prior_correction_minimax,25,1,0,0.37895412141203744,0.37895412141203744,0.37895412141203744,580,True
korea_like,KR,SB,prevalence_correction,25,20,0,0.07509399549777807,0.06981366310372406,0.0936218590798032,580,True
korea_like,KR,SB,temperature,25,20,0,0.07386626351000905,0.07111888676886727,0.09047816769010537,580,True
korea_like,KR,SB,platt,25,20,0,0.053970034405746284,0.060593727071689446,0.07292073995553763,580,True
korea_like,KR,SB,isotonic,25,20,0,0.05741257408236974,0.052794499955863494,0.11061160357871057,580,True
korea_like,KR,SB,cv_select,25,20,0,0.06418400303905662,0.06059371621877367,0.07850240855160051,580,True
korea_like,KR,SB,hybrid,25,20,0,0.16476607879913702,0.16087690636852373,0.1968412032582228,580,True
korea_like,KR,SB,hybrid_minimax,25,20,0,0.40434281293038216,0.40634584806767815,0.4126300076666794,580,True
korea_like,KR,SB,identity,50,1,0,0.06059371621877367,0.06059371621877367,0.06059371621877367,580,True
korea_like,KR,SB,prior_correction,50,1,0,0.13299178564499442,0.13299178564499442,0.13299178564499442,580,True
korea_like,KR,SB,prior_correction_gated,50,1,0,0.06059371621877367,0.06059371621877367,0.06059371621877367,580,True
korea_like,KR,SB,prior_correction_minimax,50,1,0,0.37895412141203744,0.37895412141203744,0.37895412141203744,580,True
korea_like,KR,SB,prevalence_correction,50,20,0,0.07252858791016714,0.07031858363332033,0.09484201423208427,580,True
korea_like,KR,SB,temperature,50,20,0,0.07222791001503416,0.07330916066358834,0.08189254848848121,580,True
korea_like,KR,SB,platt,50,20,0,0.0406051184014225,0.03750066056152567,0.06297474260633522,580,True
korea_like,KR,SB,isotonic,50,20,0,0.03913275003176093,0.03955021482180658,0.05639246698318825,580,True
korea_like,KR,SB,cv_select,50,20,0,0.049830745420758944,0.05669946427498131,0.06154127241100648,580,True
korea_like,KR,SB,hybrid,50,20,0,0.1617670467998082,0.15910047288194434,0.17979351656868706,580,True
korea_like,KR,SB,hybrid_minimax,50,20,0,0.40529426391920287,0.40514835655566717,0.4126300071539364,580,True
korea_like,KR,SB,identity,100,1,0,0.06059371621877367,0.06059371621877367,0.06059371621877367,580,True
korea_like,KR,SB,prior_correction,100,1,0,0.13299178564499442,0.13299178564499442,0.13299178564499442,580,True
korea_like,KR,SB,prior_correction_gated,100,1,0,0.06059371621877367,0.06059371621877367,0.06059371621877367,580,True
korea_like,KR,SB,prior_correction_minimax,100,1,0,0.37895412141203744,0.37895412141203744,0.37895412141203744,580,True
korea_like,KR,SB,prevalence_correction,100,20,0,0.07351614542086447,0.07482858597601602,0.08740092102709829,580,True
korea_like,KR,SB,temperature,100,20,0,0.07057673341851385,0.0704829680940426,0.07841377960339795,580,True
korea_like,KR,SB,platt,100,20,0,0.028684605784756668,0.02255506674406187,0.04578607599025495,580,True
korea_like,KR,SB,isotonic,100,20,0,0.030387544531308115,0.02529588989450047,0.04615893694930485,580,True
korea_like,KR,SB,cv_select,100,20,0,0.044758641200183504,0.057683717856282964,0.06059371621877367,580,True
korea_like,KR,SB,hybrid,100,20,0,0.15915204704814712,0.15846146142485917,0.17098272362987466,580,True
korea_like,KR,SB,hybrid_minimax,100,20,0,0.4033258542188614,0.40088409162127625,0.4126300068671249,580,True
korea_like,KR,SB,identity,200,1,0,0.06059371621877367,0.06059371621877367,0.06059371621877367,580,True
korea_like,KR,SB,prior_correction,200,1,0,0.13299178564499442,0.13299178564499442,0.13299178564499442,580,True
korea_like,KR,SB,prior_correction_gated,200,1,0,0.06059371621877367,0.06059371621877367,0.06059371621877367,580,True
korea_like,KR,SB,prior_correction_minimax,200,1,0,0.37895412141203744,0.37895412141203744,0.37895412141203744,580,True
korea_like,KR,SB,prevalence_correction,200,20,0,0.07905002557172011,0.0790015439992083,0.08867580987775206,580,True
korea_like,KR,SB,temperature,200,20,0,0.06905879378474007,0.06916751248713283,0.07357197676741985,580,True
korea_like,KR,SB,platt,200,20,0,0.02373298521238277,0.01960798382655652,0.03666249793785928,580,True
korea_like,KR,SB,isotonic,200,20,0,0.022032361085804322,0.021908791725669858,0.03004588506764452,580,True
korea_like,KR,SB,cv_select,200,20,0,0.029521629067818835,0.021470903385863646,0.06059371621877367,580,True
korea_like,KR,SB,hybrid,200,20,0,0.15522413492518852,0.15503062687260083,0.16454287214532604,580,True
korea_like,KR,SB,hybrid_minimax,200,20,0,0.40093716322702244,0.4004796064746569,0.404232251418403,580,True
korea_like,KR,SB,identity,400,1,0,0.06059371621877367,0.06059371621877367,0.06059371621877367,580,True
korea_like,KR,SB,prior_correction,400,1,0,0.13299178564499442,0.13299178564499442,0.13299178564499442,580,True
korea_like,KR,SB,prior_correction_gated,400,1,0,0.06059371621877367,0.06059371621877367,0.06059371621877367,580,True
korea_like,KR,SB,prior_correction_minimax,400,1,0,0.37895412141203744,0.37895412141203744,0.37895412141203744,580,True
korea_like,KR,SB,prevalence_correction,400,20,0,0.07911918648177654,0.07800812833051028,0.08867580987775206,580,True
korea_like,KR,SB,temperature,400,20,0,0.06885327551449141,0.06884135199200642,0.07244581803662092,580,True
korea_like,KR,SB,platt,400,20,0,0.0162903478984749,0.015097787334660547,0.02059730745025991,580,True
korea_like,KR,SB,isotonic,400,20,0,0.0171573019450658,0.01588325827051633,0.028038875230171883,580,True
korea_like,KR,SB,cv_select,400,20,0,0.025449845409057585,0.01658040935187359,0.06059371621877367,580,True
korea_like,KR,SB,hybrid,400,20,0,0.15451910851841685,0.15280586649983494,0.1605038152450631,580,True
korea_like,KR,SB,hybrid_minimax,400,20,0,0.39967865851848217,0.39918083930821935,0.40214914353788517,580,True
korea_like,KR,SB,identity,800,1,0,0.06059371621877367,0.06059371621877367,0.06059371621877367,580,True
korea_like,KR,SB,prior_correction,800,1,0,0.13299178564499442,0.13299178564499442,0.13299178564499442,580,True
korea_like,KR,SB,prior_correction_gated,800,1,0,0.06059371621877367,0.06059371621877367,0.06059371621877367,580,True
korea_like,KR,SB,prior_correction_minimax,800,1,0,0.37895412141203744,0.37895412141203744,0.37895412141203744,580,True
korea_like,KR,SB,prevalence_correction,800,20,0,0.07888254195480207,0.07877826160676693,0.08259650483299855,580,True
korea_like,KR,SB,temperature,800,20,0,0.06838003573004696,0.06874897751412232,0.07015500457877792,580,True
korea_like,KR,SB,platt,800,20,0,0.021896292148291814,0.01417357489787181,0.06254415325965512,580,True
korea_like,KR,SB,isotonic,800,20,0,0.013438758099511542,0.013524648467764739,0.019634719259596756,580,True
korea_like,KR,SB,cv_select,800,20,0,0.021226274062638953,0.014671219390972944,0.06254415325965512,580,True
korea_like,KR,SB,hybrid,800,20,0,0.15430509247587842,0.15509539135614842,0.15792265276187728,580,True
korea_like,KR,SB,hybrid_minimax,800,20,0,0.3994779193370819,0.3994863586381337,0.40062875528681624,580,True
korea_like,KR,STACH,identity,0,1,0,0.0002606714485698601,0.0002606714485698601,0.0002606714485698601,51,True
korea_like,KR,STACH,prior_correction,0,1,0,0.0068,0.0068,0.0068,51,True
korea_like,KR,STACH,prior_correction_gated,0,1,0,0.0002606714485698601,0.0002606714485698601,0.0002606714485698601,51,True
korea_like,KR,STACH,prior_correction_minimax,0,1,0,0.002129260198943762,0.002129260198943762,0.002129260198943762,51,True
korea_like,KR,STACH,prevalence_correction,0,20,0,0.00026067144856986005,0.0002606714485698601,0.0002606714485698601,51,True
korea_like,KR,STACH,temperature,0,20,0,0.00026067144856986005,0.0002606714485698601,0.0002606714485698601,51,True
korea_like,KR,STACH,platt,0,20,0,0.00026067144856986005,0.0002606714485698601,0.0002606714485698601,51,True
korea_like,KR,STACH,isotonic,0,20,0,0.00026067144856986005,0.0002606714485698601,0.0002606714485698601,51,True
korea_like,KR,STACH,cv_select,0,20,0,0.00026067144856986005,0.0002606714485698601,0.0002606714485698601,51,True
korea_like,KR,STACH,hybrid,0,20,0,0.00026067144856986005,0.0002606714485698601,0.0002606714485698601,51,True
korea_like,KR,STACH,hybrid_minimax,0,20,0,0.00026067144856986005,0.0002606714485698601,0.0002606714485698601,51,True
korea_like,KR,STACH,identity,25,1,0,0.0002606714485698601,0.0002606714485698601,0.0002606714485698601,51,True
korea_like,KR,STACH,prior_correction,25,1,0,0.0068,0.0068,0.0068,51,True
korea_like,KR,STACH,prior_correction_gated,25,1,0,0.0002606714485698601,0.0002606714485698601,0.0002606714485698601,51,True
korea_like,KR,STACH,prior_correction_minimax,25,1,0,0.002129260198943762,0.002129260198943762,0.002129260198943762,51,True
korea_like,KR,STACH,prevalence_correction,25,20,0,0.00026067144856986005,0.0002606714485698601,0.0002606714485698601,51,True
korea_like,KR,STACH,temperature,25,20,0,0.0004739546322043384,0.0002606714485698601,0.0003889998243658196,51,True
korea_like,KR,STACH,platt,25,20,0,0.0010933395046150342,0.0002606714485698601,0.0003811589335465986,51,True
korea_like,KR,STACH,isotonic,25,20,0,0.004557374934432331,0.0068,0.0068,51,True
korea_like,KR,STACH,cv_select,25,20,0,0.004522935554888656,0.0068,0.0068,51,True
korea_like,KR,STACH,hybrid,25,20,0,0.01603934826808219,0.0067989999999999995,0.033199995052170556,51,True
korea_like,KR,STACH,hybrid_minimax,25,20,0,0.00285097132846484,0.0021298182508395313,0.0036860211987387566,51,True
korea_like,KR,STACH,identity,50,1,0,0.0002606714485698601,0.0002606714485698601,0.0002606714485698601,51,True
korea_like,KR,STACH,prior_correction,50,1,0,0.0068,0.0068,0.0068,51,True
korea_like,KR,STACH,prior_correction_gated,50,1,0,0.0002606714485698601,0.0002606714485698601,0.0002606714485698601,51,True
korea_like,KR,STACH,prior_correction_minimax,50,1,0,0.002129260198943762,0.002129260198943762,0.002129260198943762,51,True
korea_like,KR,STACH,prevalence_correction,50,20,0,0.0002776516867990978,0.0002606714485698601,0.0002606714485698601,51,True
korea_like,KR,STACH,temperature,50,20,0,0.0003881146198232398,0.0003386575868796876,0.00039991472661034125,51,True
korea_like,KR,STACH,platt,50,20,0,0.0004634926491059692,0.00033789492414619375,0.00039999997303269365,51,True
korea_like,KR,STACH,isotonic,50,20,0,0.0032480646652896005,0.0006784788994926303,0.0068,51,True
korea_like,KR,STACH,cv_select,50,20,0,0.0032350363855122716,0.0003763635199896379,0.0068,51,True
korea_like,KR,STACH,hybrid,50,20,0,0.015319558998945562,0.01320002755493742,0.033199995051244616,51,True
korea_like,KR,STACH,hybrid_minimax,50,20,0,0.0024987031023310955,0.0021298182508395313,0.0032569416473970077,51,True
korea_like,KR,STACH,identity,100,1,0,0.0002606714485698601,0.0002606714485698601,0.0002606714485698601,51,True
korea_like,KR,STACH,prior_correction,100,1,0,0.0068,0.0068,0.0068,51,True
korea_like,KR,STACH,prior_correction_gated,100,1,0,0.0002606714485698601,0.0002606714485698601,0.0002606714485698601,51,True
korea_like,KR,STACH,prior_correction_minimax,100,1,0,0.002129260198943762,0.002129260198943762,0.002129260198943762,51,True
korea_like,KR,STACH,prevalence_correction,100,20,0,0.000357678653555833,0.0002606714485698601,0.0008494426853817859,51,True
korea_like,KR,STACH,temperature,100,20,0,0.00033595293245311406,0.0003388766355129373,0.00039991470706063527,51,True
korea_like,KR,STACH,platt,100,20,0,0.00037227012123666926,0.00034090186000663514,0.0004237487246847892,51,True
korea_like,KR,STACH,isotonic,100,20,0,0.0016551189783901156,0.00038600468408391984,0.0068,51,True
korea_like,KR,STACH,cv_select,100,20,0,0.0016198065461638996,0.000341599231910418,0.0068,51,True
korea_like,KR,STACH,hybrid,100,20,0,0.010919804876359842,0.0067989999999999995,0.024200001656676164,51,True
korea_like,KR,STACH,hybrid_minimax,100,20,0,0.0024946678833630376,0.0021145183340766467,0.0035053900601031197,51,True
korea_like,KR,STACH,identity,200,1,0,0.0002606714485698601,0.0002606714485698601,0.0002606714485698601,51,True
korea_like,KR,STACH,prior_correction,200,1,0,0.0068,0.0068,0.0068,51,True
korea_like,KR,STACH,prior_correction_gated,200,1,0,0.0002606714485698601,0.0002606714485698601,0.0002606714485698601,51,True
korea_like,KR,STACH,prior_correction_minimax,200,1,0,0.002129260198943762,0.002129260198943762,0.002129260198943762,51,True
korea_like,KR,STACH,prevalence_correction,200,20,0,0.0010002503459719616,0.001132565393471105,0.0014345553776270617,51,True
korea_like,KR,STACH,temperature,200,20,0,0.0003268912906376143,0.00034088036192160326,0.00039970526237530116,51,True
korea_like,KR,STACH,platt,200,20,0,0.0004150169197939191,0.00035705421464571764,0.0006793841151343083,51,True
korea_like,KR,STACH,isotonic,200,20,0,0.0012908429611300947,0.00036365858646433217,0.0068,51,True
korea_like,KR,STACH,cv_select,200,20,0,0.001346761439441673,0.0003763615525260547,0.0068,51,True
korea_like,KR,STACH,hybrid,200,20,0,0.012239852954472432,0.010700013475007692,0.02320000239071081,51,True
korea_like,KR,STACH,hybrid_minimax,200,20,0,0.002470300782193656,0.0022299917191523364,0.002989660369437559,51,True
korea_like,KR,STACH,identity,400,1,0,0.0002606714485698601,0.0002606714485698601,0.0002606714485698601,51,True
korea_like,KR,STACH,prior_correction,400,1,0,0.0068,0.0068,0.0068,51,True
korea_like,KR,STACH,prior_correction_gated,400,1,0,0.0002606714485698601,0.0002606714485698601,0.0002606714485698601,51,True
korea_like,KR,STACH,prior_correction_minimax,400,1,0,0.002129260198943762,0.002129260198943762,0.002129260198943762,51,True
korea_like,KR,STACH,prevalence_correction,400,20,0,0.0012439351562572476,0.0013441853028392137,0.0016685570973145989,51,True
korea_like,KR,STACH,temperature,400,20,0,0.00035027135629906434,0.0003595869186204065,0.00039991469910573816,51,True
korea_like,KR,STACH,platt,400,20,0,0.0004258728204463315,0.0003848525094872499,0.0008544210835918896,51,True
korea_like,KR,STACH,isotonic,400,20,0,0.0006084916537001416,0.0003023173500226097,0.0005305056753489124,51,True
korea_like,KR,STACH,cv_select,400,20,0,0.0006645265191826153,0.00037882133248237,0.00040091658965931657,51,True
korea_like,KR,STACH,hybrid,400,20,0,0.00873994955896577,0.008199999393295415,0.015949995323041935,51,True
korea_like,KR,STACH,hybrid_minimax,400,20,0,0.0023538983943417954,0.0022453153617134954,0.0028981397756261125,51,True
korea_like,KR,STACH,identity,800,1,0,0.0002606714485698601,0.0002606714485698601,0.0002606714485698601,51,True
korea_like,KR,STACH,prior_correction,800,1,0,0.0068,0.0068,0.0068,51,True
korea_like,KR,STACH,prior_correction_gated,800,1,0,0.0002606714485698601,0.0002606714485698601,0.0002606714485698601,51,True
korea_like,KR,STACH,prior_correction_minimax,800,1,0,0.002129260198943762,0.002129260198943762,0.002129260198943762,51,True
korea_like,KR,STACH,prevalence_correction,800,20,0,0.0015489164364716305,0.0015431893815181434,0.0017444540439509344,51,True
korea_like,KR,STACH,temperature,800,20,0,0.0003532251676450272,0.00034363387351604973,0.0003999146969698525,51,True
korea_like,KR,STACH,platt,800,20,0,0.00030449537671674873,0.00027097395880941455,0.0006202430169442069,51,True
korea_like,KR,STACH,isotonic,800,20,0,0.0002404141697408288,0.0002749875180655982,0.00035045318811458524,51,True
korea_like,KR,STACH,cv_select,800,20,0,0.0003959052763656424,0.0003254808805610056,0.0004667155338165624,51,True
korea_like,KR,STACH,hybrid,800,20,0,0.006012501097665499,0.005699979185483772,0.010699999320265795,51,True
korea_like,KR,STACH,hybrid_minimax,800,20,0,0.0023270056881013845,0.002290381730566479,0.00260505431767769,51,True
